Date,USD_IDR,IHSG,Gold,Crude_Oil,Nasdaq,SP500,Dow_Jones,Bitcoin,Brent_Oil
2016-06-01,13643.0,4839.4794921875,1211.9000244140625,49.0099983215332,4952.25,2099.330078125,17789.669921875,536.9199829101562,49.709999084472656
2016-06-02,13610.0,4833.037109375,1209.800048828125,49.16999816894531,4971.35986328125,2105.260009765625,17838.560546875,537.9719848632812,50.040000915527344
2016-06-03,13610.0,4853.73291015625,1240.0999755859375,48.619998931884766,4942.52001953125,2099.1298828125,17807.060546875,569.1939697265625,49.63999938964844
2016-06-04,13610.0,4853.73291015625,1240.0999755859375,48.619998931884766,4942.52001953125,2099.1298828125,17807.060546875,572.7269897460938,49.63999938964844
2016-06-05,13610.0,4853.73291015625,1240.0999755859375,48.619998931884766,4942.52001953125,2099.1298828125,17807.060546875,574.9769897460938,49.63999938964844
2016-06-06,13418.0,4895.83447265625,1244.5999755859375,49.689998626708984,4968.7099609375,2109.409912109375,17920.330078125,585.5369873046875,50.54999923706055
2016-06-07,13347.0,4933.796875,1244.4000244140625,50.36000061035156,4961.75,2112.1298828125,17938.279296875,576.5969848632812,51.439998626708984
2016-06-08,13227.0,4915.86962890625,1259.800048828125,51.22999954223633,4974.64013671875,2119.1201171875,18005.05078125,581.64501953125,52.5099983215332
2016-06-09,13205.0,4876.60400390625,1270.199951171875,50.560001373291016,4958.6201171875,2115.47998046875,17985.189453125,574.6300048828125,51.95000076293945
2016-06-10,13250.0,4847.8671875,1273.4000244140625,49.06999969482422,4894.5498046875,2096.070068359375,17865.33984375,577.469970703125,50.540000915527344
2016-06-11,13250.0,4847.8671875,1273.4000244140625,49.06999969482422,4894.5498046875,2096.070068359375,17865.33984375,606.7269897460938,50.540000915527344
2016-06-12,13250.0,4847.8671875,1273.4000244140625,49.06999969482422,4894.5498046875,2096.070068359375,17865.33984375,672.7839965820312,50.540000915527344
2016-06-13,13326.0,4807.0390625,1284.4000244140625,48.880001068115234,4848.43994140625,2079.06005859375,17732.48046875,704.3759765625,50.349998474121094
2016-06-14,13321.0,4821.40234375,1285.5999755859375,48.4900016784668,4843.5498046875,2075.320068359375,17674.8203125,685.5590209960938,49.83000183105469
2016-06-15,13350.0,4814.63671875,1285.800048828125,48.0099983215332,4834.93017578125,2071.5,17640.169921875,694.468994140625,48.970001220703125
2016-06-16,13320.0,4814.20361328125,1296.0999755859375,46.209999084472656,4844.919921875,2077.989990234375,17733.099609375,766.3079833984375,47.189998626708984
2016-06-17,13386.0,4834.955078125,1292.5,47.97999954223633,4800.33984375,2071.219970703125,17675.16015625,748.9089965820312,49.16999816894531
2016-06-18,13386.0,4834.955078125,1292.5,47.97999954223633,4800.33984375,2071.219970703125,17675.16015625,756.2269897460938,49.16999816894531
2016-06-19,13386.0,4834.955078125,1292.5,47.97999954223633,4800.33984375,2071.219970703125,17675.16015625,763.781005859375,49.16999816894531
2016-06-20,13332.0,4863.341796875,1290.0,49.369998931884766,4837.2099609375,2083.25,17804.869140625,737.2260131835938,50.650001525878906
2016-06-21,13250.0,4878.52392578125,1270.5,48.849998474121094,4843.759765625,2088.89990234375,17829.73046875,666.6519775390625,50.619998931884766
2016-06-22,13255.0,4896.66162109375,1268.0,49.130001068115234,4833.31982421875,2085.449951171875,17780.830078125,596.1160278320312,49.880001068115234
2016-06-23,13195.0,4874.119140625,1261.199951171875,50.11000061035156,4910.0400390625,2113.320068359375,18011.0703125,623.9769897460938,50.90999984741211
2016-06-24,13250.0,4834.380859375,1320.0,47.63999938964844,4707.97998046875,2037.4100341796875,17400.75,665.2990112304688,48.40999984741211
2016-06-25,13250.0,4834.380859375,1320.0,47.63999938964844,4707.97998046875,2037.4100341796875,17400.75,665.1229858398438,48.40999984741211
2016-06-26,13250.0,4834.380859375,1320.0,47.63999938964844,4707.97998046875,2037.4100341796875,17400.75,629.3670043945312,48.40999984741211
2016-06-27,13375.0,4835.86328125,1322.5,46.33000183105469,4594.43994140625,2000.5400390625,17140.240234375,655.2750244140625,47.15999984741211
2016-06-28,13385.0,4881.98095703125,1315.300048828125,47.849998474121094,4691.8701171875,2036.0899658203125,17409.720703125,647.0009765625,48.58000183105469
2016-06-29,13160.0,4979.9111328125,1323.9000244140625,49.880001068115234,4779.25,2070.77001953125,17694.6796875,639.8900146484375,50.61000061035156
2016-06-30,13139.0,5016.4521484375,1318.4000244140625,48.33000183105469,4842.669921875,2098.860107421875,17929.990234375,673.3369750976562,49.68000030517578
2016-07-01,13177.0,4971.3876953125,1336.699951171875,48.9900016784668,4862.56982421875,2102.949951171875,17949.369140625,676.2960205078125,49.84000015258789
2016-07-02,13177.0,4971.3876953125,1336.699951171875,48.9900016784668,4862.56982421875,2102.949951171875,17949.369140625,703.7020263671875,49.84000015258789
2016-07-03,13177.0,4971.3876953125,1336.699951171875,48.9900016784668,4862.56982421875,2102.949951171875,17949.369140625,658.6640014648438,49.84000015258789
2016-07-04,13115.0,4971.3876953125,1336.699951171875,48.9900016784668,4862.56982421875,2102.949951171875,17949.369140625,683.6619873046875,49.84000015258789
2016-07-05,13060.0,4971.3876953125,1356.4000244140625,46.599998474121094,4822.89990234375,2088.550048828125,17840.619140625,670.6270141601562,47.959999084472656
2016-07-06,13160.0,4971.3876953125,1364.9000244140625,47.43000030517578,4859.16015625,2099.72998046875,17918.619140625,677.3309936523438,48.79999923706055
2016-07-07,13212.0,4971.3876953125,1360.0999755859375,45.13999938964844,4876.81005859375,2097.89990234375,17895.880859375,640.56201171875,46.400001525878906
2016-07-08,13100.0,4971.3876953125,1356.5999755859375,45.40999984741211,4956.759765625,2129.89990234375,18146.740234375,666.5230102539062,46.7599983215332
2016-07-09,13100.0,4971.3876953125,1356.5999755859375,45.40999984741211,4956.759765625,2129.89990234375,18146.740234375,650.9600219726562,46.7599983215332
2016-07-10,13100.0,4971.3876953125,1356.5999755859375,45.40999984741211,4956.759765625,2129.89990234375,18146.740234375,649.3599853515625,46.7599983215332
2016-07-11,13105.0,5068.82177734375,1355.0,44.7599983215332,4988.64013671875,2137.159912109375,18226.9296875,647.6589965820312,46.25
2016-07-12,13120.0,5099.3349609375,1334.0999755859375,46.79999923706055,5022.81982421875,2152.139892578125,18347.669921875,664.551025390625,48.470001220703125
2016-07-13,13075.0,5133.7333984375,1342.4000244140625,44.75,5005.72998046875,2152.429931640625,18372.119140625,654.468017578125,46.2599983215332
2016-07-14,13015.0,5083.34130859375,1331.300048828125,45.68000030517578,5034.06005859375,2163.75,18506.41015625,658.0780029296875,47.369998931884766
2016-07-15,13020.0,5109.97900390625,1326.5,45.95000076293945,5029.58984375,2161.739990234375,18516.55078125,663.2550048828125,47.61000061035156
2016-07-16,13020.0,5109.97900390625,1326.5,45.95000076293945,5029.58984375,2161.739990234375,18516.55078125,660.7670288085938,47.61000061035156
2016-07-17,13020.0,5109.97900390625,1326.5,45.95000076293945,5029.58984375,2161.739990234375,18516.55078125,679.458984375,47.61000061035156
2016-07-18,13062.0,5127.3017578125,1328.4000244140625,45.2400016784668,5055.77978515625,2166.889892578125,18533.05078125,673.1060180664062,46.959999084472656
2016-07-19,13078.0,5172.62841796875,1331.5,44.650001525878906,5036.3701171875,2163.780029296875,18559.009765625,672.864013671875,46.65999984741211
2016-07-20,13093.0,5242.619140625,1318.800048828125,44.939998626708984,5089.93017578125,2173.02001953125,18595.029296875,665.6849975585938,47.16999816894531
2016-07-21,13105.0,5216.77001953125,1330.5,44.75,5073.89990234375,2165.169921875,18517.23046875,665.0120239257812,46.20000076293945
2016-07-22,13111.0,5197.048828125,1323.0999755859375,44.189998626708984,5100.16015625,2175.030029296875,18570.849609375,650.6190185546875,45.689998626708984
2016-07-23,13111.0,5197.048828125,1323.0999755859375,44.189998626708984,5100.16015625,2175.030029296875,18570.849609375,655.5560302734375,45.689998626708984
2016-07-24,13111.0,5197.048828125,1323.0999755859375,44.189998626708984,5100.16015625,2175.030029296875,18570.849609375,661.2849731445312,45.689998626708984
2016-07-25,13113.0,5220.5986328125,1319.300048828125,43.130001068115234,5097.6298828125,2168.47998046875,18493.060546875,654.0969848632812,44.720001220703125
2016-07-26,13095.0,5224.19140625,1320.699951171875,42.91999816894531,5110.0498046875,2169.179931640625,18473.75,651.7839965820312,44.869998931884766
2016-07-27,13162.0,5274.15576171875,1326.5999755859375,41.91999816894531,5139.81005859375,2166.580078125,18472.169921875,654.3519897460938,43.470001220703125
2016-07-28,13098.0,5299.0068359375,1332.300048828125,41.13999938964844,5154.97998046875,2170.06005859375,18456.349609375,655.0349731445312,42.70000076293945
2016-07-29,13058.0,5215.791015625,1349.0,41.599998474121094,5162.1298828125,2173.60009765625,18432.240234375,656.9920043945312,42.459999084472656
2016-07-30,13058.0,5215.791015625,1349.0,41.599998474121094,5162.1298828125,2173.60009765625,18432.240234375,655.0469970703125,42.459999084472656
2016-07-31,13058.0,5215.791015625,1349.0,41.599998474121094,5162.1298828125,2173.60009765625,18432.240234375,624.6810302734375,42.459999084472656
2016-08-01,13020.0,5361.36767578125,1351.4000244140625,40.060001373291016,5184.2001953125,2170.840087890625,18404.509765625,606.27197265625,42.45000076293945
2016-08-02,13010.0,5373.11376953125,1364.4000244140625,39.5099983215332,5137.72998046875,2157.030029296875,18313.76953125,547.4650268554688,41.79999923706055
2016-08-03,13092.0,5351.669921875,1356.0999755859375,40.83000183105469,5159.740234375,2163.7900390625,18355.0,566.35498046875,43.099998474121094
2016-08-04,13140.0,5373.6533203125,1358.800048828125,41.93000030517578,5166.25,2164.25,18352.05078125,578.2890014648438,44.290000915527344
2016-08-05,13103.0,5420.03515625,1336.4000244140625,41.79999923706055,5221.1201171875,2182.8701171875,18543.529296875,575.0430297851562,44.27000045776367
2016-08-06,13103.0,5420.03515625,1336.4000244140625,41.79999923706055,5221.1201171875,2182.8701171875,18543.529296875,587.7780151367188,44.27000045776367
2016-08-07,13103.0,5420.03515625,1336.4000244140625,41.79999923706055,5221.1201171875,2182.8701171875,18543.529296875,592.6900024414062,44.27000045776367
2016-08-08,13122.0,5458.7666015625,1333.4000244140625,43.02000045776367,5213.14013671875,2180.889892578125,18529.2890625,591.0540161132812,45.38999938964844
2016-08-09,13105.0,5440.0810546875,1339.0,42.77000045776367,5225.47998046875,2181.739990234375,18533.05078125,587.801025390625,44.97999954223633
2016-08-10,13101.0,5423.73828125,1344.300048828125,41.709999084472656,5204.580078125,2175.489990234375,18495.66015625,592.10302734375,44.04999923706055
2016-08-11,13083.0,5418.876953125,1342.5,43.4900016784668,5228.39990234375,2185.7900390625,18613.51953125,589.1199951171875,46.040000915527344
2016-08-12,13098.0,5376.986328125,1335.800048828125,44.4900016784668,5232.89013671875,2184.050048828125,18576.470703125,587.5590209960938,46.970001220703125
2016-08-13,13098.0,5376.986328125,1335.800048828125,44.4900016784668,5232.89013671875,2184.050048828125,18576.470703125,585.5880126953125,46.970001220703125
2016-08-14,13098.0,5376.986328125,1335.800048828125,44.4900016784668,5232.89013671875,2184.050048828125,18576.470703125,570.4730224609375,46.970001220703125
2016-08-15,13106.0,5320.353515625,1340.300048828125,45.7400016784668,5262.02001953125,2190.14990234375,18636.05078125,567.239990234375,48.349998474121094
2016-08-16,13062.0,5371.63671875,1350.5,46.58000183105469,5227.10986328125,2178.14990234375,18552.01953125,577.4390258789062,49.22999954223633
2016-08-17,13111.0,5371.63671875,1342.699951171875,46.790000915527344,5228.66015625,2182.219970703125,18573.939453125,573.2160034179688,49.849998474121094
2016-08-18,13115.0,5461.23779296875,1351.199951171875,48.220001220703125,5240.14990234375,2187.02001953125,18597.69921875,574.3179931640625,50.88999938964844
2016-08-19,13109.0,5415.82470703125,1340.4000244140625,48.52000045776367,5238.3798828125,2183.8701171875,18552.5703125,575.6300048828125,50.880001068115234
2016-08-20,13109.0,5415.82470703125,1340.4000244140625,48.52000045776367,5238.3798828125,2183.8701171875,18552.5703125,581.697021484375,50.880001068115234
2016-08-21,13109.0,5415.82470703125,1340.4000244140625,48.52000045776367,5238.3798828125,2183.8701171875,18552.5703125,581.3079833984375,50.880001068115234
2016-08-22,13179.0,5426.9638671875,1337.699951171875,47.04999923706055,5244.60009765625,2182.639892578125,18529.419921875,586.7529907226562,49.15999984741211
2016-08-23,13209.0,5416.9296875,1340.5999755859375,48.099998474121094,5260.080078125,2186.89990234375,18547.30078125,583.4149780273438,49.959999084472656
2016-08-24,13234.0,5403.78173828125,1324.4000244140625,46.77000045776367,5217.68994140625,2175.43994140625,18481.48046875,580.1820068359375,49.04999923706055
2016-08-25,13258.0,5453.904296875,1320.0999755859375,47.33000183105469,5212.2001953125,2172.469970703125,18448.41015625,577.760986328125,49.66999816894531
2016-08-26,13246.0,5438.619140625,1321.5,47.63999938964844,5218.919921875,2169.0400390625,18395.400390625,579.6510009765625,49.91999816894531
2016-08-27,13246.0,5438.619140625,1321.5,47.63999938964844,5218.919921875,2169.0400390625,18395.400390625,569.947021484375,49.91999816894531
2016-08-28,13246.0,5438.619140625,1321.5,47.63999938964844,5218.919921875,2169.0400390625,18395.400390625,573.9119873046875,49.91999816894531
2016-08-29,13310.0,5370.5546875,1322.9000244140625,46.97999954223633,5232.330078125,2180.3798828125,18502.990234375,574.1069946289062,49.2599983215332
2016-08-30,13248.0,5362.107421875,1311.699951171875,46.349998474121094,5222.990234375,2176.1201171875,18454.30078125,577.5029907226562,48.369998931884766
2016-08-31,13283.0,5385.87255859375,1306.9000244140625,44.70000076293945,5213.22021484375,2170.949951171875,18400.880859375,575.4719848632812,47.040000915527344
2016-09-01,13280.0,5334.33935546875,1312.199951171875,43.15999984741211,5227.2099609375,2170.860107421875,18419.30078125,572.302978515625,47.04999923706055
2016-09-02,13273.0,5353.2529296875,1322.0999755859375,44.439998626708984,5249.89990234375,2179.97998046875,18491.9609375,575.5369873046875,46.83000183105469
2016-09-03,13273.0,5353.2529296875,1322.0999755859375,44.439998626708984,5249.89990234375,2179.97998046875,18491.9609375,598.2119750976562,46.83000183105469
2016-09-04,13273.0,5353.2529296875,1322.0999755859375,44.439998626708984,5249.89990234375,2179.97998046875,18491.9609375,608.6339721679688,46.83000183105469
2016-09-05,13195.0,5356.74560546875,1322.0999755859375,44.439998626708984,5249.89990234375,2179.97998046875,18491.9609375,606.5900268554688,46.83000183105469
2016-09-06,13125.0,5371.88671875,1349.4000244140625,44.83000183105469,5275.91015625,2186.47998046875,18538.119140625,610.4359741210938,47.2599983215332
2016-09-07,13058.0,5381.14453125,1344.300048828125,45.5,5283.93017578125,2186.159912109375,18526.140625,614.5440063476562,47.97999954223633
2016-09-08,13070.0,5370.86865234375,1336.800048828125,47.619998931884766,5259.47998046875,2181.300048828125,18479.91015625,626.3159790039062,49.9900016784668
2016-09-09,13071.0,5281.7109375,1330.0999755859375,45.880001068115234,5125.91015625,2127.81005859375,18085.44921875,622.8610229492188,48.0099983215332
2016-09-10,13071.0,5281.7109375,1330.0999755859375,45.880001068115234,5125.91015625,2127.81005859375,18085.44921875,623.5089721679688,48.0099983215332
2016-09-11,13071.0,5281.7109375,1330.0999755859375,45.880001068115234,5125.91015625,2127.81005859375,18085.44921875,606.718994140625,48.0099983215332
2016-09-12,13176.0,5281.7109375,1321.0,46.290000915527344,5211.89013671875,2159.0400390625,18325.0703125,608.2429809570312,48.31999969482422
2016-09-13,13172.0,5215.36376953125,1319.0,44.900001525878906,5155.25,2127.02001953125,18066.75,609.2410278320312,47.099998474121094
2016-09-14,13241.0,5145.837890625,1321.5,43.58000183105469,5173.77001953125,2125.77001953125,18034.76953125,610.6840209960938,45.849998474121094
2016-09-15,13191.0,5265.61376953125,1313.5,43.90999984741211,5249.68994140625,2147.260009765625,18212.48046875,607.155029296875,46.59000015258789
2016-09-16,13144.0,5267.56396484375,1305.800048828125,43.029998779296875,5244.56982421875,2139.159912109375,18123.80078125,606.9730224609375,45.77000045776367
2016-09-17,13144.0,5267.56396484375,1305.800048828125,43.029998779296875,5244.56982421875,2139.159912109375,18123.80078125,605.9840087890625,45.77000045776367
2016-09-18,13144.0,5267.56396484375,1305.800048828125,43.029998779296875,5244.56982421875,2139.159912109375,18123.80078125,609.8740234375,45.77000045776367
2016-09-19,13163.0,5321.63330078125,1313.5,43.29999923706055,5235.02978515625,2139.1201171875,18120.169921875,609.2269897460938,45.95000076293945
2016-09-20,13139.0,5302.287109375,1313.699951171875,43.439998626708984,5241.35009765625,2139.760009765625,18129.9609375,608.31201171875,45.880001068115234
2016-09-21,13158.0,5342.3837890625,1326.9000244140625,45.34000015258789,5295.18017578125,2163.1201171875,18293.69921875,597.1489868164062,46.83000183105469
2016-09-22,13058.0,5380.052734375,1340.4000244140625,46.31999969482422,5339.52001953125,2177.179931640625,18392.4609375,596.2979736328125,47.650001525878906
2016-09-23,13062.0,5388.69873046875,1337.199951171875,44.47999954223633,5305.75,2164.68994140625,18261.44921875,602.8419799804688,45.88999938964844
2016-09-24,13062.0,5388.69873046875,1337.199951171875,44.47999954223633,5305.75,2164.68994140625,18261.44921875,602.625,45.88999938964844
2016-09-25,13062.0,5388.69873046875,1337.199951171875,44.47999954223633,5305.75,2164.68994140625,18261.44921875,600.8259887695312,45.88999938964844
2016-09-26,13053.0,5351.93115234375,1339.699951171875,45.93000030517578,5257.490234375,2146.10009765625,18094.830078125,608.0430297851562,47.349998474121094
2016-09-27,13039.0,5419.39306640625,1325.9000244140625,44.66999816894531,5305.7099609375,2159.929931640625,18228.30078125,606.166015625,45.970001220703125
2016-09-28,12917.0,5425.1259765625,1319.4000244140625,47.04999923706055,5318.5498046875,2171.3701171875,18339.240234375,604.72802734375,48.689998626708984
2016-09-29,12921.0,5431.7451171875,1321.699951171875,47.83000183105469,5269.14990234375,2151.1298828125,18143.44921875,605.6929931640625,49.2400016784668
2016-09-30,13003.0,5364.59521484375,1313.300048828125,48.2400016784668,5312.0,2168.27001953125,18308.150390625,609.7349853515625,49.060001373291016
2016-10-01,13003.0,5364.59521484375,1313.300048828125,48.2400016784668,5312.0,2168.27001953125,18308.150390625,613.9829711914062,49.060001373291016
2016-10-02,13003.0,5364.59521484375,1313.300048828125,48.2400016784668,5312.0,2168.27001953125,18308.150390625,610.8920288085938,49.060001373291016
2016-10-03,12966.0,5463.70263671875,1309.0,48.810001373291016,5300.8701171875,2161.199951171875,18253.849609375,612.1329956054688,49.099998474121094
2016-10-04,12962.0,5472.103515625,1266.300048828125,48.689998626708984,5289.66015625,2150.489990234375,18168.44921875,610.2039794921875,50.869998931884766
2016-10-05,13031.0,5420.43701171875,1265.199951171875,49.83000183105469,5316.02001953125,2159.72998046875,18281.029296875,612.510986328125,51.86000061035156
2016-10-06,13014.0,5409.1337890625,1249.800048828125,50.439998626708984,5306.85009765625,2160.77001953125,18268.5,613.02099609375,52.5099983215332
2016-10-07,13005.0,5376.939453125,1248.9000244140625,49.810001373291016,5292.39990234375,2153.739990234375,18240.490234375,617.1209716796875,51.93000030517578
2016-10-08,13005.0,5376.939453125,1248.9000244140625,49.810001373291016,5292.39990234375,2153.739990234375,18240.490234375,619.1079711914062,51.93000030517578
2016-10-09,13005.0,5376.939453125,1248.9000244140625,49.810001373291016,5292.39990234375,2153.739990234375,18240.490234375,616.7520141601562,51.93000030517578
2016-10-10,12967.0,5360.61962890625,1248.9000244140625,49.810001373291016,5328.669921875,2163.659912109375,18329.0390625,618.9940185546875,51.93000030517578
2016-10-11,12926.0,5381.78759765625,1253.0,50.790000915527344,5246.7900390625,2136.72998046875,18128.66015625,641.072021484375,52.40999984741211
2016-10-12,13068.0,5364.40185546875,1251.0999755859375,50.18000030517578,5239.02001953125,2139.179931640625,18144.19921875,636.1920166015625,51.810001373291016
2016-10-13,13019.0,5340.19189453125,1255.0,50.439998626708984,5213.330078125,2132.550048828125,18098.939453125,636.7860107421875,52.029998779296875
2016-10-14,13044.0,5399.67431640625,1253.0999755859375,50.349998474121094,5214.16015625,2132.97998046875,18138.380859375,640.3779907226562,51.95000076293945
2016-10-15,13044.0,5399.67431640625,1253.0999755859375,50.349998474121094,5214.16015625,2132.97998046875,18138.380859375,638.64599609375,51.95000076293945
2016-10-16,13044.0,5399.67431640625,1253.0999755859375,50.349998474121094,5214.16015625,2132.97998046875,18138.380859375,641.6309814453125,51.95000076293945
2016-10-17,13092.0,5410.0927734375,1254.4000244140625,49.939998626708984,5199.81982421875,2126.5,18086.400390625,639.1929931640625,51.52000045776367
2016-10-18,13051.0,5429.83642578125,1260.800048828125,50.290000915527344,5243.83984375,2139.60009765625,18161.939453125,637.9600219726562,51.68000030517578
2016-10-19,13020.0,5409.07763671875,1267.9000244140625,51.599998474121094,5246.41015625,2144.2900390625,18202.619140625,630.52001953125,52.66999816894531
2016-10-20,12972.0,5403.529296875,1265.5999755859375,50.43000030517578,5241.830078125,2141.340087890625,18162.349609375,630.8569946289062,51.380001068115234
2016-10-21,13005.0,5409.08251953125,1265.9000244140625,50.849998474121094,5257.39990234375,2141.159912109375,18145.7109375,632.8280029296875,51.779998779296875
2016-10-22,13005.0,5409.08251953125,1265.9000244140625,50.849998474121094,5257.39990234375,2141.159912109375,18145.7109375,657.2940063476562,51.779998779296875
2016-10-23,13005.0,5409.08251953125,1265.9000244140625,50.849998474121094,5257.39990234375,2141.159912109375,18145.7109375,657.0709838867188,51.779998779296875
2016-10-24,13050.0,5420.83740234375,1262.0,50.52000045776367,5309.830078125,2151.330078125,18223.029296875,653.760986328125,51.459999084472656
2016-10-25,13012.0,5397.66064453125,1271.9000244140625,49.959999084472656,5283.39990234375,2143.159912109375,18169.26953125,657.5880126953125,50.790000915527344
2016-10-26,12976.0,5399.5888671875,1264.800048828125,49.18000030517578,5250.27001953125,2139.429931640625,18199.330078125,678.3040161132812,49.97999954223633
2016-10-27,13024.0,5416.8359375,1267.9000244140625,49.720001220703125,5215.97021484375,2133.0400390625,18169.6796875,688.31298828125,50.470001220703125
2016-10-28,13053.0,5410.26904296875,1275.5,48.70000076293945,5190.10009765625,2126.409912109375,18161.189453125,689.6510009765625,49.709999084472656
2016-10-29,13053.0,5410.26904296875,1275.5,48.70000076293945,5190.10009765625,2126.409912109375,18161.189453125,714.47900390625,49.709999084472656
2016-10-30,13053.0,5410.26904296875,1275.5,48.70000076293945,5190.10009765625,2126.409912109375,18161.189453125,701.864013671875,49.709999084472656
2016-10-31,13063.0,5422.5419921875,1271.5,46.86000061035156,5189.14013671875,2126.14990234375,18142.419921875,700.9719848632812,48.29999923706055
2016-11-01,13013.0,5416.0068359375,1286.4000244140625,46.66999816894531,5153.580078125,2111.719970703125,18037.099609375,729.7930297851562,48.33000183105469
2016-11-02,13038.0,5405.455078125,1306.800048828125,45.34000015258789,5105.56982421875,2097.93994140625,17959.640625,740.8289794921875,46.86000061035156
2016-11-03,13046.0,5329.501953125,1302.0999755859375,44.65999984741211,5058.41015625,2088.659912109375,17930.669921875,688.7000122070312,46.349998474121094
2016-11-04,13068.0,5362.66015625,1303.300048828125,44.06999969482422,5046.3701171875,2085.179931640625,17888.279296875,703.2349853515625,45.58000183105469
2016-11-05,13068.0,5362.66015625,1303.300048828125,44.06999969482422,5046.3701171875,2085.179931640625,17888.279296875,703.4180297851562,45.58000183105469
2016-11-06,13068.0,5362.66015625,1303.300048828125,44.06999969482422,5046.3701171875,2085.179931640625,17888.279296875,711.52197265625,45.58000183105469
2016-11-07,13115.0,5386.2080078125,1278.300048828125,44.88999938964844,5166.169921875,2131.52001953125,18259.599609375,703.1309814453125,46.150001525878906
2016-11-08,13087.0,5470.68115234375,1273.4000244140625,44.97999954223633,5193.490234375,2139.56005859375,18332.740234375,709.8480224609375,46.040000915527344
2016-11-09,13041.0,5414.32080078125,1272.5999755859375,45.27000045776367,5251.06982421875,2163.260009765625,18589.689453125,723.2730102539062,46.36000061035156
2016-11-10,13137.0,5450.30615234375,1265.5,44.65999984741211,5208.7998046875,2167.47998046875,18807.880859375,715.5339965820312,45.84000015258789
2016-11-11,13588.0,5231.97119140625,1265.5,44.65999984741211,5237.10986328125,2164.449951171875,18847.66015625,716.4110107421875,45.84000015258789
2016-11-12,13588.0,5231.97119140625,1265.5,44.65999984741211,5237.10986328125,2164.449951171875,18847.66015625,705.0540161132812,45.84000015258789
2016-11-13,13588.0,5231.97119140625,1265.5,44.65999984741211,5237.10986328125,2164.449951171875,18847.66015625,702.031005859375,45.84000015258789
2016-11-14,13342.0,5115.73876953125,1221.199951171875,43.31999969482422,5218.39990234375,2164.199951171875,18868.689453125,705.02099609375,44.43000030517578
2016-11-15,13459.0,5078.5009765625,1224.0,45.810001373291016,5275.6201171875,2180.389892578125,18923.060546875,711.6190185546875,46.95000076293945
2016-11-16,13313.0,5185.46484375,1223.4000244140625,45.56999969482422,5294.580078125,2176.93994140625,18868.140625,744.197998046875,46.630001068115234
2016-11-17,13368.0,5193.01513671875,1216.5,45.41999816894531,5333.97021484375,2187.1201171875,18903.8203125,740.9769897460938,46.4900016784668
2016-11-18,13411.0,5170.10888671875,1208.5,45.689998626708984,5321.509765625,2181.89990234375,18867.9296875,751.5850219726562,46.86000061035156
2016-11-19,13411.0,5170.10888671875,1208.5,45.689998626708984,5321.509765625,2181.89990234375,18867.9296875,751.6160278320312,46.86000061035156
2016-11-20,13411.0,5170.10888671875,1208.5,45.689998626708984,5321.509765625,2181.89990234375,18867.9296875,731.0260009765625,46.86000061035156
2016-11-21,13479.0,5148.31884765625,1209.5999755859375,47.4900016784668,5368.85986328125,2198.179931640625,18956.689453125,739.2479858398438,48.900001525878906
2016-11-22,13412.0,5204.673828125,1211.0,48.029998779296875,5386.35009765625,2202.93994140625,19023.869140625,751.3469848632812,49.119998931884766
2016-11-23,13432.0,5211.99609375,1189.0999755859375,47.959999084472656,5380.68017578125,2204.719970703125,19083.1796875,744.593994140625,48.95000076293945
2016-11-24,13607.0,5107.623046875,1189.0999755859375,47.959999084472656,5380.68017578125,2204.719970703125,19083.1796875,740.2890014648438,48.95000076293945
2016-11-25,13558.0,5122.10400390625,1178.199951171875,46.060001373291016,5398.919921875,2213.35009765625,19152.140625,741.6489868164062,47.2400016784668
2016-11-26,13558.0,5122.10400390625,1178.199951171875,46.060001373291016,5398.919921875,2213.35009765625,19152.140625,735.3820190429688,47.2400016784668
2016-11-27,13558.0,5122.10400390625,1178.199951171875,46.060001373291016,5398.919921875,2213.35009765625,19152.140625,732.0349731445312,47.2400016784668
2016-11-28,13480.0,5114.57177734375,1190.5999755859375,47.08000183105469,5368.81005859375,2201.719970703125,19097.900390625,735.81298828125,48.2400016784668
2016-11-29,13479.0,5136.6669921875,1187.9000244140625,45.22999954223633,5379.919921875,2204.659912109375,19121.599609375,735.60400390625,46.380001068115234
2016-11-30,13502.0,5148.91015625,1170.800048828125,49.439998626708984,5323.68017578125,2198.81005859375,19123.580078125,745.6909790039062,50.470001220703125
2016-12-01,13572.0,5198.7548828125,1166.9000244140625,51.060001373291016,5251.10986328125,2191.080078125,19191.9296875,756.7739868164062,50.459999084472656
2016-12-02,13518.0,5245.9560546875,1175.0999755859375,51.68000030517578,5255.64990234375,2191.949951171875,19170.419921875,777.9439697265625,54.459999084472656
2016-12-03,13518.0,5245.9560546875,1175.0999755859375,51.68000030517578,5255.64990234375,2191.949951171875,19170.419921875,771.155029296875,54.459999084472656
2016-12-04,13518.0,5245.9560546875,1175.0999755859375,51.68000030517578,5255.64990234375,2191.949951171875,19170.419921875,773.8720092773438,54.459999084472656
2016-12-05,13640.0,5268.30810546875,1174.0,51.790000915527344,5308.89013671875,2204.7099609375,19216.240234375,758.7000122070312,54.939998626708984
2016-12-06,13436.0,5272.96484375,1167.5999755859375,50.93000030517578,5333.0,2212.22998046875,19251.779296875,764.2239990234375,53.93000030517578
2016-12-07,13296.0,5265.3681640625,1175.0,49.77000045776367,5393.759765625,2241.35009765625,19549.619140625,768.1320190429688,53.0
2016-12-08,13277.0,5303.73388671875,1169.800048828125,50.84000015258789,5417.35986328125,2246.18994140625,19614.810546875,770.8099975585938,53.88999938964844
2016-12-09,13306.0,5308.1259765625,1159.4000244140625,51.5,5444.5,2259.530029296875,19756.849609375,772.7940063476562,54.33000183105469
2016-12-10,13306.0,5308.1259765625,1159.4000244140625,51.5,5444.5,2259.530029296875,19756.849609375,774.6500244140625,54.33000183105469
2016-12-11,13306.0,5308.1259765625,1159.4000244140625,51.5,5444.5,2259.530029296875,19756.849609375,769.7310180664062,54.33000183105469
2016-12-12,13357.0,5308.1259765625,1163.5,52.83000183105469,5412.5400390625,2256.9599609375,19796.4296875,780.0869750976562,55.689998626708984
2016-12-13,13278.0,5293.619140625,1156.699951171875,52.97999954223633,5463.830078125,2271.719970703125,19911.2109375,780.5560302734375,55.720001220703125
2016-12-14,13280.0,5262.81689453125,1161.300048828125,51.040000915527344,5436.669921875,2253.280029296875,19792.529296875,781.4810180664062,53.900001525878906
2016-12-15,13418.0,5254.36181640625,1127.800048828125,50.900001525878906,5456.85009765625,2262.030029296875,19852.240234375,778.0880126953125,54.02000045776367
2016-12-16,13411.0,5231.65185546875,1135.300048828125,51.900001525878906,5437.16015625,2258.070068359375,19843.41015625,784.906982421875,55.209999084472656
2016-12-17,13411.0,5231.65185546875,1135.300048828125,51.900001525878906,5437.16015625,2258.070068359375,19843.41015625,790.8289794921875,55.209999084472656
2016-12-18,13411.0,5231.65185546875,1135.300048828125,51.900001525878906,5437.16015625,2258.070068359375,19843.41015625,790.530029296875,55.209999084472656
2016-12-19,13383.0,5191.912109375,1140.5,52.119998931884766,5457.43994140625,2262.530029296875,19883.060546875,792.7139892578125,54.91999816894531
2016-12-20,13370.0,5162.47705078125,1131.5,52.22999954223633,5483.93994140625,2270.760009765625,19974.619140625,800.8759765625,55.349998474121094
2016-12-21,13421.0,5111.39208984375,1131.0999755859375,52.4900016784668,5471.43017578125,2265.179931640625,19941.9609375,834.281005859375,54.459999084472656
2016-12-22,13439.0,5042.8701171875,1128.800048828125,52.95000076293945,5447.419921875,2260.9599609375,19918.880859375,864.5399780273438,55.04999923706055
2016-12-23,13449.0,5027.7041015625,1131.9000244140625,53.02000045776367,5462.68994140625,2263.7900390625,19933.810546875,921.9840087890625,55.15999984741211
2016-12-24,13449.0,5027.7041015625,1131.9000244140625,53.02000045776367,5462.68994140625,2263.7900390625,19933.810546875,898.822021484375,55.15999984741211
2016-12-25,13449.0,5027.7041015625,1131.9000244140625,53.02000045776367,5462.68994140625,2263.7900390625,19933.810546875,896.1829833984375,55.15999984741211
2016-12-26,13442.0,5027.7041015625,1131.9000244140625,53.02000045776367,5462.68994140625,2263.7900390625,19933.810546875,907.6099853515625,55.15999984741211
2016-12-27,13442.0,5102.9541015625,1137.300048828125,53.900001525878906,5487.43994140625,2268.8798828125,19945.0390625,933.197998046875,56.09000015258789
2016-12-28,13429.0,5209.44482421875,1139.4000244140625,54.060001373291016,5438.56005859375,2249.919921875,19833.6796875,975.9210205078125,56.220001220703125
2016-12-29,13490.0,5302.56591796875,1156.4000244140625,53.77000045776367,5432.08984375,2249.260009765625,19819.779296875,973.4970092773438,56.13999938964844
2016-12-30,13466.0,5296.7109375,1150.0,53.720001220703125,5383.1201171875,2238.830078125,19762.599609375,961.2379760742188,56.130001068115234
2016-12-31,13466.0,5296.7109375,1150.0,53.720001220703125,5383.1201171875,2238.830078125,19762.599609375,963.7429809570312,56.130001068115234
2017-01-01,13466.0,5296.7109375,1150.0,53.720001220703125,5383.1201171875,2238.830078125,19762.599609375,998.3250122070312,56.130001068115234
2017-01-02,13512.0,5296.7109375,1150.0,53.720001220703125,5383.1201171875,2238.830078125,19762.599609375,1021.75,56.130001068115234
2017-01-03,13506.0,5275.97119140625,1160.4000244140625,52.33000183105469,5429.080078125,2257.830078125,19881.759765625,1043.8399658203125,55.470001220703125
2017-01-04,13443.0,5301.18310546875,1163.800048828125,53.2599983215332,5477.0,2270.75,19942.16015625,1154.72998046875,56.459999084472656
2017-01-05,13348.0,5325.50390625,1179.699951171875,53.7599983215332,5487.93994140625,2269.0,19899.2890625,1013.3800048828125,56.88999938964844
2017-01-06,13319.0,5347.02197265625,1171.9000244140625,53.9900016784668,5521.06005859375,2276.97998046875,19963.80078125,902.2009887695312,57.099998474121094
2017-01-07,13319.0,5347.02197265625,1171.9000244140625,53.9900016784668,5521.06005859375,2276.97998046875,19963.80078125,908.5850219726562,57.099998474121094
2017-01-08,13319.0,5347.02197265625,1171.9000244140625,53.9900016784668,5521.06005859375,2276.97998046875,19963.80078125,911.198974609375,57.099998474121094
2017-01-09,13351.0,5316.36376953125,1183.5,51.959999084472656,5531.81982421875,2268.89990234375,19887.380859375,902.8280029296875,54.939998626708984
2017-01-10,13314.0,5309.923828125,1184.199951171875,50.81999969482422,5551.81982421875,2268.89990234375,19855.529296875,907.6790161132812,53.63999938964844
2017-01-11,13291.0,5301.23681640625,1195.5999755859375,52.25,5563.64990234375,2275.320068359375,19954.279296875,777.7570190429688,55.099998474121094
2017-01-12,13241.0,5292.75,1198.9000244140625,53.0099983215332,5547.490234375,2270.43994140625,19891.0,804.833984375,56.0099983215332
2017-01-13,13258.0,5272.98291015625,1195.300048828125,52.369998931884766,5574.1201171875,2274.639892578125,19885.73046875,823.9840087890625,55.45000076293945
2017-01-14,13258.0,5272.98291015625,1195.300048828125,52.369998931884766,5574.1201171875,2274.639892578125,19885.73046875,818.4119873046875,55.45000076293945
2017-01-15,13258.0,5272.98291015625,1195.300048828125,52.369998931884766,5574.1201171875,2274.639892578125,19885.73046875,821.7979736328125,55.45000076293945
2017-01-16,13313.0,5270.01123046875,1195.300048828125,52.369998931884766,5574.1201171875,2274.639892578125,19885.73046875,831.5339965820312,55.45000076293945
2017-01-17,13349.0,5266.93798828125,1212.0,52.47999954223633,5538.72998046875,2267.889892578125,19826.76953125,907.93798828125,55.470001220703125
2017-01-18,13296.0,5294.7841796875,1211.300048828125,51.08000183105469,5555.64990234375,2271.889892578125,19804.720703125,886.6179809570312,53.91999816894531
2017-01-19,13370.0,5298.9482421875,1200.9000244140625,51.369998931884766,5540.080078125,2263.68994140625,19732.400390625,899.072998046875,54.15999984741211
2017-01-20,13378.0,5254.31103515625,1204.300048828125,52.41999816894531,5555.330078125,2271.31005859375,19827.25,895.0260009765625,55.4900016784668
2017-01-21,13378.0,5254.31103515625,1204.300048828125,52.41999816894531,5555.330078125,2271.31005859375,19827.25,921.7890014648438,55.4900016784668
2017-01-22,13378.0,5254.31103515625,1204.300048828125,52.41999816894531,5555.330078125,2271.31005859375,19827.25,924.6729736328125,55.4900016784668
2017-01-23,13406.0,5250.9677734375,1215.0,52.75,5552.93994140625,2265.199951171875,19799.849609375,921.0120239257812,55.22999954223633
2017-01-24,13345.0,5292.087890625,1210.300048828125,53.18000030517578,5600.9599609375,2280.070068359375,19912.7109375,892.68701171875,55.439998626708984
2017-01-25,13342.0,5293.7822265625,1197.300048828125,52.75,5656.33984375,2298.3701171875,20068.509765625,901.5419921875,55.08000183105469
2017-01-26,13316.0,5317.6328125,1189.5,53.779998779296875,5655.18017578125,2296.679931640625,20100.91015625,917.5859985351562,56.2400016784668
2017-01-27,13387.0,5312.83984375,1188.0999755859375,53.16999816894531,5660.77978515625,2294.68994140625,20093.779296875,919.75,55.52000045776367
2017-01-28,13387.0,5312.83984375,1188.0999755859375,53.16999816894531,5660.77978515625,2294.68994140625,20093.779296875,921.5900268554688,55.52000045776367
2017-01-29,13387.0,5312.83984375,1188.0999755859375,53.16999816894531,5660.77978515625,2294.68994140625,20093.779296875,919.4959716796875,55.52000045776367
2017-01-30,13326.0,5302.662109375,1193.199951171875,52.630001068115234,5613.7099609375,2280.89990234375,19971.130859375,920.3820190429688,55.22999954223633
2017-01-31,13338.0,5294.10302734375,1208.5999755859375,52.810001373291016,5614.7900390625,2278.8701171875,19864.08984375,970.4030151367188,55.70000076293945
2017-02-01,13345.0,5327.1611328125,1205.5999755859375,53.880001068115234,5642.64990234375,2279.550048828125,19890.939453125,989.0230102539062,55.65999984741211
2017-02-02,13360.0,5353.712890625,1216.699951171875,53.540000915527344,5636.2001953125,2280.85009765625,19884.91015625,1011.7999877929688,56.560001373291016
2017-02-03,13346.0,5360.76708984375,1218.5,53.83000183105469,5666.77001953125,2297.419921875,20071.4609375,1029.9100341796875,56.810001373291016
2017-02-04,13346.0,5360.76708984375,1218.5,53.83000183105469,5666.77001953125,2297.419921875,20071.4609375,1042.9000244140625,56.810001373291016
2017-02-05,13346.0,5360.76708984375,1218.5,53.83000183105469,5666.77001953125,2297.419921875,20071.4609375,1027.3399658203125,56.810001373291016
2017-02-06,13338.0,5395.9951171875,1230.0,53.0099983215332,5663.5498046875,2292.56005859375,20052.419921875,1038.1500244140625,55.720001220703125
2017-02-07,13326.0,5381.47509765625,1234.199951171875,52.16999816894531,5674.22021484375,2293.080078125,20090.2890625,1061.3499755859375,55.04999923706055
2017-02-08,13310.0,5361.087890625,1237.5999755859375,52.34000015258789,5682.4501953125,2294.669921875,20054.33984375,1063.0699462890625,55.119998931884766
2017-02-09,13302.0,5372.0771484375,1235.0999755859375,53.0,5715.18017578125,2307.8701171875,20172.400390625,994.3829956054688,55.630001068115234
2017-02-10,13288.0,5371.6689453125,1234.4000244140625,53.86000061035156,5734.1298828125,2316.10009765625,20269.369140625,988.6740112304688,56.70000076293945
2017-02-11,13288.0,5371.6689453125,1234.4000244140625,53.86000061035156,5734.1298828125,2316.10009765625,20269.369140625,1004.4500122070312,56.70000076293945
2017-02-12,13288.0,5371.6689453125,1234.4000244140625,53.86000061035156,5734.1298828125,2316.10009765625,20269.369140625,999.1810302734375,56.70000076293945
2017-02-13,13335.0,5409.55615234375,1224.4000244140625,52.93000030517578,5763.9599609375,2328.25,20412.16015625,990.6420288085938,55.59000015258789
2017-02-14,13323.0,5380.669921875,1223.9000244140625,53.20000076293945,5782.56982421875,2337.580078125,20504.41015625,1004.5499877929688,55.970001220703125
2017-02-15,13321.0,5380.669921875,1231.699951171875,53.11000061035156,5819.43994140625,2349.25,20611.859375,1007.47998046875,55.75
2017-02-16,13316.0,5377.998046875,1240.0,53.36000061035156,5814.89990234375,2347.219970703125,20619.76953125,1027.43994140625,55.650001525878906
2017-02-17,13321.0,5350.93212890625,1237.5999755859375,53.400001525878906,5838.580078125,2351.159912109375,20624.05078125,1046.2099609375,55.810001373291016
2017-02-18,13321.0,5350.93212890625,1237.5999755859375,53.400001525878906,5838.580078125,2351.159912109375,20624.05078125,1054.4200439453125,55.810001373291016
2017-02-19,13321.0,5350.93212890625,1237.5999755859375,53.400001525878906,5838.580078125,2351.159912109375,20624.05078125,1047.8699951171875,55.810001373291016
2017-02-20,13350.0,5359.2880859375,1237.5999755859375,53.400001525878906,5838.580078125,2351.159912109375,20624.05078125,1079.97998046875,55.810001373291016
2017-02-21,13347.0,5340.990234375,1237.5,54.060001373291016,5865.9501953125,2365.3798828125,20743.0,1115.300048828125,56.65999984741211
2017-02-22,13358.0,5358.68310546875,1232.0,53.59000015258789,5860.6298828125,2362.820068359375,20775.599609375,1117.43994140625,55.84000015258789
2017-02-23,13338.0,5372.748046875,1250.199951171875,54.45000076293945,5835.509765625,2363.81005859375,20810.3203125,1166.719970703125,56.58000183105469
2017-02-24,13325.0,5385.90576171875,1256.9000244140625,53.9900016784668,5845.31005859375,2367.340087890625,20821.759765625,1173.6800537109375,55.9900016784668
2017-02-25,13325.0,5385.90576171875,1256.9000244140625,53.9900016784668,5845.31005859375,2367.340087890625,20821.759765625,1143.8399658203125,55.9900016784668
2017-02-26,13325.0,5385.90576171875,1256.9000244140625,53.9900016784668,5845.31005859375,2367.340087890625,20821.759765625,1165.199951171875,55.9900016784668
2017-02-27,13324.0,5382.8740234375,1257.4000244140625,54.04999923706055,5861.89990234375,2369.75,20837.439453125,1179.969970703125,55.93000030517578
2017-02-28,13339.0,5386.69189453125,1252.5999755859375,54.0099983215332,5825.43994140625,2363.639892578125,20812.240234375,1179.969970703125,55.59000015258789
2017-03-01,13391.0,5363.05615234375,1248.9000244140625,53.83000183105469,5904.02978515625,2395.9599609375,21115.55078125,1222.5,55.599998474121094
2017-03-02,13392.0,5408.25390625,1231.9000244140625,52.61000061035156,5861.22021484375,2381.919921875,21002.970703125,1251.010009765625,55.08000183105469
2017-03-03,13373.0,5391.21484375,1225.5,53.33000183105469,5870.75,2383.1201171875,21005.7109375,1274.989990234375,55.900001525878906
2017-03-04,13373.0,5391.21484375,1225.5,53.33000183105469,5870.75,2383.1201171875,21005.7109375,1255.1500244140625,55.900001525878906
2017-03-05,13373.0,5391.21484375,1225.5,53.33000183105469,5870.75,2383.1201171875,21005.7109375,1267.1199951171875,55.900001525878906
2017-03-06,13278.0,5409.81689453125,1224.5,53.20000076293945,5849.18017578125,2375.31005859375,20954.33984375,1272.8299560546875,56.0099983215332
2017-03-07,13342.0,5402.615234375,1215.0999755859375,53.13999938964844,5833.93017578125,2368.389892578125,20924.759765625,1223.5400390625,55.91999816894531
2017-03-08,13336.0,5393.76416015625,1208.5,50.279998779296875,5837.5498046875,2362.97998046875,20855.73046875,1150.0,53.11000061035156
2017-03-09,13368.0,5402.38623046875,1202.4000244140625,49.279998779296875,5838.81005859375,2364.8701171875,20858.189453125,1188.489990234375,52.189998626708984
2017-03-10,13403.0,5390.6767578125,1200.699951171875,48.4900016784668,5861.72998046875,2372.60009765625,20902.98046875,1116.719970703125,51.369998931884766
2017-03-11,13403.0,5390.6767578125,1200.699951171875,48.4900016784668,5861.72998046875,2372.60009765625,20902.98046875,1175.8299560546875,51.369998931884766
2017-03-12,13403.0,5390.6767578125,1200.699951171875,48.4900016784668,5861.72998046875,2372.60009765625,20902.98046875,1221.3800048828125,51.369998931884766
2017-03-13,13346.0,5409.3720703125,1202.4000244140625,48.400001525878906,5875.77978515625,2373.469970703125,20881.48046875,1231.9200439453125,51.349998474121094
2017-03-14,13372.0,5431.5849609375,1201.9000244140625,47.720001220703125,5856.81982421875,2365.449951171875,20837.369140625,1240.0,50.91999816894531
2017-03-15,13390.0,5432.380859375,1200.0999755859375,48.86000061035156,5900.0498046875,2385.260009765625,20950.099609375,1249.6099853515625,51.810001373291016
2017-03-16,13217.0,5518.2412109375,1226.5,48.75,5900.759765625,2381.3798828125,20934.55078125,1187.81005859375,51.7400016784668
2017-03-17,13283.0,5540.43212890625,1229.800048828125,48.779998779296875,5901.0,2378.25,20914.619140625,1100.22998046875,51.7599983215332
2017-03-18,13283.0,5540.43212890625,1229.800048828125,48.779998779296875,5901.0,2378.25,20914.619140625,973.8179931640625,51.7599983215332
2017-03-19,13283.0,5540.43212890625,1229.800048828125,48.779998779296875,5901.0,2378.25,20914.619140625,1036.739990234375,51.7599983215332
2017-03-20,13330.0,5533.9921875,1233.5999755859375,48.220001220703125,5901.52978515625,2373.469970703125,20905.859375,1054.22998046875,51.619998931884766
2017-03-21,13332.0,5543.0927734375,1246.0999755859375,47.34000015258789,5793.830078125,2344.02001953125,20668.009765625,1120.5400390625,50.959999084472656
2017-03-22,13308.0,5534.0927734375,1249.300048828125,48.040000915527344,5821.64013671875,2348.449951171875,20661.30078125,1049.1400146484375,50.63999938964844
2017-03-23,13327.0,5563.7587890625,1246.9000244140625,47.70000076293945,5817.68994140625,2345.9599609375,20656.580078125,1038.5899658203125,50.560001373291016
2017-03-24,13318.0,5567.1337890625,1248.199951171875,47.970001220703125,5828.740234375,2343.97998046875,20596.720703125,937.52001953125,50.79999923706055
2017-03-25,13318.0,5567.1337890625,1248.199951171875,47.970001220703125,5828.740234375,2343.97998046875,20596.720703125,972.7789916992188,50.79999923706055
2017-03-26,13318.0,5567.1337890625,1248.199951171875,47.970001220703125,5828.740234375,2343.97998046875,20596.720703125,966.7249755859375,50.79999923706055
2017-03-27,13320.0,5541.2021484375,1255.4000244140625,47.72999954223633,5840.3701171875,2341.590087890625,20550.98046875,1045.77001953125,50.75
2017-03-28,13308.0,5541.2021484375,1255.300048828125,48.369998931884766,5875.14013671875,2358.570068359375,20701.5,1047.1500244140625,51.33000183105469
2017-03-29,13309.0,5592.509765625,1253.4000244140625,49.5099983215332,5897.5498046875,2361.1298828125,20659.3203125,1039.969970703125,52.41999816894531
2017-03-30,13303.0,5592.9521484375,1245.0,50.349998474121094,5914.33984375,2368.06005859375,20728.490234375,1026.4300537109375,52.959999084472656
2017-03-31,13299.0,5568.10595703125,1247.300048828125,50.599998474121094,5911.740234375,2362.719970703125,20663.220703125,1071.7900390625,52.83000183105469
2017-04-01,13299.0,5568.10595703125,1247.300048828125,50.599998474121094,5911.740234375,2362.719970703125,20663.220703125,1080.5,52.83000183105469
2017-04-02,13299.0,5568.10595703125,1247.300048828125,50.599998474121094,5911.740234375,2362.719970703125,20663.220703125,1102.1700439453125,52.83000183105469
2017-04-03,13335.0,5606.7890625,1250.800048828125,50.2400016784668,5894.68017578125,2358.840087890625,20650.2109375,1143.81005859375,53.119998931884766
2017-04-04,13316.0,5651.8232421875,1255.0,51.029998779296875,5898.60986328125,2360.159912109375,20689.240234375,1133.25,54.16999816894531
2017-04-05,13332.0,5676.97998046875,1245.4000244140625,51.150001525878906,5864.47998046875,2352.949951171875,20648.150390625,1124.780029296875,54.36000061035156
2017-04-06,13323.0,5680.23876953125,1250.300048828125,51.70000076293945,5878.9501953125,2357.489990234375,20662.94921875,1182.6800537109375,54.88999938964844
2017-04-07,13353.0,5653.48583984375,1254.300048828125,52.2400016784668,5877.81005859375,2355.5400390625,20656.099609375,1176.9000244140625,55.2400016784668
2017-04-08,13353.0,5653.48583984375,1254.300048828125,52.2400016784668,5877.81005859375,2355.5400390625,20656.099609375,1175.949951171875,55.2400016784668
2017-04-09,13353.0,5653.48583984375,1254.300048828125,52.2400016784668,5877.81005859375,2355.5400390625,20656.099609375,1187.8699951171875,55.2400016784668
2017-04-10,13373.0,5644.298828125,1251.0999755859375,53.08000183105469,5880.93017578125,2357.159912109375,20658.01953125,1187.1300048828125,55.97999954223633
2017-04-11,13271.0,5627.93310546875,1271.199951171875,53.400001525878906,5866.77001953125,2353.780029296875,20651.30078125,1205.010009765625,56.22999954223633
2017-04-12,13291.0,5644.15478515625,1275.300048828125,53.11000061035156,5836.16015625,2344.929931640625,20591.859375,1200.3699951171875,55.86000061035156
2017-04-13,13277.0,5616.544921875,1285.9000244140625,53.18000030517578,5805.14990234375,2328.949951171875,20453.25,1169.280029296875,55.88999938964844
2017-04-14,13276.0,5616.544921875,1285.9000244140625,53.18000030517578,5805.14990234375,2328.949951171875,20453.25,1167.5400390625,55.88999938964844
2017-04-15,13276.0,5616.544921875,1285.9000244140625,53.18000030517578,5805.14990234375,2328.949951171875,20453.25,1172.52001953125,55.88999938964844
2017-04-16,13276.0,5616.544921875,1285.9000244140625,53.18000030517578,5805.14990234375,2328.949951171875,20453.25,1182.93994140625,55.88999938964844
2017-04-17,13287.0,5577.48681640625,1289.4000244140625,52.650001525878906,5856.7900390625,2349.010009765625,20636.919921875,1193.9100341796875,55.36000061035156
2017-04-18,13279.0,5606.51708984375,1291.699951171875,52.40999984741211,5849.47021484375,2342.18994140625,20523.279296875,1211.6700439453125,54.88999938964844
2017-04-19,13296.0,5606.51708984375,1281.4000244140625,50.439998626708984,5863.02978515625,2338.169921875,20404.490234375,1210.2900390625,52.93000030517578
2017-04-20,13343.0,5595.30615234375,1281.9000244140625,50.27000045776367,5916.77978515625,2355.840087890625,20578.7109375,1229.0799560546875,52.9900016784668
2017-04-21,13317.0,5664.47509765625,1287.4000244140625,49.619998931884766,5910.52001953125,2348.68994140625,20547.759765625,1222.050048828125,51.959999084472656
2017-04-22,13317.0,5664.47509765625,1287.4000244140625,49.619998931884766,5910.52001953125,2348.68994140625,20547.759765625,1231.7099609375,51.959999084472656
2017-04-23,13317.0,5664.47509765625,1287.4000244140625,49.619998931884766,5910.52001953125,2348.68994140625,20547.759765625,1207.2099609375,51.959999084472656
2017-04-24,13105.0,5664.47509765625,1275.800048828125,49.22999954223633,5983.81982421875,2374.14990234375,20763.890625,1250.1500244140625,51.599998474121094
2017-04-25,13124.0,5680.7958984375,1265.5999755859375,49.560001373291016,6025.490234375,2388.610107421875,20996.119140625,1265.489990234375,52.099998474121094
2017-04-26,13303.0,5726.52978515625,1262.0999755859375,49.619998931884766,6025.22998046875,2387.449951171875,20975.08984375,1281.0799560546875,51.81999969482422
2017-04-27,13261.0,5707.02783203125,1263.699951171875,48.970001220703125,6048.93994140625,2388.77001953125,20981.330078125,1317.72998046875,51.439998626708984
2017-04-28,13351.0,5685.2978515625,1266.0999755859375,49.33000183105469,6047.60986328125,2384.199951171875,20940.509765625,1316.47998046875,51.72999954223633
2017-04-29,13351.0,5685.2978515625,1266.0999755859375,49.33000183105469,6047.60986328125,2384.199951171875,20940.509765625,1321.7900390625,51.72999954223633
2017-04-30,13351.0,5685.2978515625,1266.0999755859375,49.33000183105469,6047.60986328125,2384.199951171875,20940.509765625,1347.8900146484375,51.72999954223633
2017-05-01,13322.0,5685.2978515625,1253.300048828125,48.84000015258789,6091.60009765625,2388.330078125,20913.4609375,1421.5999755859375,51.52000045776367
2017-05-02,13325.0,5675.80810546875,1255.0999755859375,47.65999984741211,6095.3701171875,2391.169921875,20949.890625,1452.8199462890625,50.459999084472656
2017-05-03,13295.0,5647.3681640625,1246.4000244140625,47.81999969482422,6072.5498046875,2388.1298828125,20957.900390625,1490.0899658203125,50.790000915527344
2017-05-04,13304.0,5669.44287109375,1226.5,45.52000045776367,6075.33984375,2389.52001953125,20951.470703125,1537.6700439453125,48.380001068115234
2017-05-05,13340.0,5683.376953125,1224.800048828125,46.220001220703125,6100.759765625,2399.2900390625,21006.939453125,1555.449951171875,49.099998474121094
2017-05-06,13340.0,5683.376953125,1224.800048828125,46.220001220703125,6100.759765625,2399.2900390625,21006.939453125,1578.800048828125,49.099998474121094
2017-05-07,13340.0,5683.376953125,1224.800048828125,46.220001220703125,6100.759765625,2399.2900390625,21006.939453125,1596.7099609375,49.099998474121094
2017-05-08,13315.0,5707.86181640625,1225.300048828125,46.43000030517578,6102.66015625,2399.3798828125,21012.279296875,1723.3499755859375,49.34000015258789
2017-05-09,13324.0,5697.05615234375,1214.300048828125,45.880001068115234,6120.58984375,2396.919921875,20975.779296875,1755.3599853515625,48.72999954223633
2017-05-10,13359.0,5653.0078125,1217.300048828125,47.33000183105469,6129.14013671875,2399.6298828125,20943.109375,1787.1300048828125,50.220001220703125
2017-05-11,13353.0,5653.0078125,1222.699951171875,47.83000183105469,6115.9599609375,2394.43994140625,20919.419921875,1848.5699462890625,50.77000045776367
2017-05-12,13312.0,5675.2158203125,1226.199951171875,47.84000015258789,6121.22998046875,2390.89990234375,20896.609375,1724.239990234375,50.84000015258789
2017-05-13,13312.0,5675.2158203125,1226.199951171875,47.84000015258789,6121.22998046875,2390.89990234375,20896.609375,1804.9100341796875,50.84000015258789
2017-05-14,13312.0,5675.2158203125,1226.199951171875,47.84000015258789,6121.22998046875,2390.89990234375,20896.609375,1808.9100341796875,50.84000015258789
2017-05-15,13323.0,5688.8701171875,1228.5999755859375,48.849998474121094,6149.669921875,2402.320068359375,20981.939453125,1738.4300537109375,51.81999969482422
2017-05-16,13285.0,5646.9990234375,1235.0,48.65999984741211,6169.8701171875,2400.669921875,20979.75,1734.449951171875,51.650001525878906
2017-05-17,13274.0,5615.4921875,1257.5,49.06999969482422,6011.240234375,2357.030029296875,20606.9296875,1839.0899658203125,52.209999084472656
2017-05-18,13318.0,5645.451171875,1251.699951171875,49.349998474121094,6055.1298828125,2365.719970703125,20663.01953125,1888.6500244140625,52.5099983215332
2017-05-19,13399.0,5791.8837890625,1252.699951171875,50.33000183105469,6083.7001953125,2381.72998046875,20804.83984375,1987.7099609375,53.61000061035156
2017-05-20,13399.0,5791.8837890625,1252.699951171875,50.33000183105469,6083.7001953125,2381.72998046875,20804.83984375,2084.72998046875,53.61000061035156
2017-05-21,13399.0,5791.8837890625,1252.699951171875,50.33000183105469,6083.7001953125,2381.72998046875,20804.83984375,2041.199951171875,53.61000061035156
2017-05-22,13328.0,5749.44482421875,1260.699951171875,50.72999954223633,6133.6201171875,2394.02001953125,20894.830078125,2173.39990234375,53.869998931884766
2017-05-23,13296.0,5730.61279296875,1254.800048828125,51.470001220703125,6138.7099609375,2398.419921875,20937.91015625,2320.419921875,54.150001525878906
2017-05-24,13296.0,5703.43310546875,1252.4000244140625,51.36000061035156,6163.02001953125,2404.389892578125,21012.419921875,2443.639892578125,53.959999084472656
2017-05-25,13302.0,5703.43310546875,1255.800048828125,48.900001525878906,6205.259765625,2415.070068359375,21082.94921875,2304.97998046875,51.459999084472656
2017-05-26,13302.0,5716.81494140625,1267.5999755859375,49.79999923706055,6210.18994140625,2415.820068359375,21080.279296875,2202.419921875,52.150001525878906
2017-05-27,13302.0,5716.81494140625,1267.5999755859375,49.79999923706055,6210.18994140625,2415.820068359375,21080.279296875,2038.8699951171875,52.150001525878906
2017-05-28,13302.0,5716.81494140625,1267.5999755859375,49.79999923706055,6210.18994140625,2415.820068359375,21080.279296875,2155.800048828125,52.150001525878906
2017-05-29,13288.0,5712.3310546875,1267.5999755859375,49.79999923706055,6210.18994140625,2415.820068359375,21080.279296875,2255.610107421875,52.150001525878906
2017-05-30,13315.0,5693.39111328125,1262.0999755859375,49.65999984741211,6203.18994140625,2412.909912109375,21029.470703125,2175.469970703125,51.84000015258789
2017-05-31,13319.0,5738.15478515625,1272.0,48.31999969482422,6198.52001953125,2411.800048828125,21008.650390625,2286.409912109375,50.310001373291016
2017-06-01,13294.0,5738.15478515625,1267.0,48.36000061035156,6246.830078125,2430.06005859375,21144.1796875,2407.8798828125,50.33000183105469
2017-06-02,13288.0,5742.44580078125,1276.800048828125,47.65999984741211,6305.7998046875,2439.070068359375,21206.2890625,2488.550048828125,49.95000076293945
2017-06-03,13288.0,5742.44580078125,1276.800048828125,47.65999984741211,6305.7998046875,2439.070068359375,21206.2890625,2515.35009765625,49.95000076293945
2017-06-04,13288.0,5742.44580078125,1276.800048828125,47.65999984741211,6305.7998046875,2439.070068359375,21206.2890625,2511.81005859375,49.95000076293945
2017-06-05,13304.0,5748.23486328125,1279.300048828125,47.400001525878906,6295.68017578125,2436.10009765625,21184.0390625,2686.81005859375,49.470001220703125
2017-06-06,13283.0,5707.8310546875,1294.4000244140625,48.189998626708984,6275.06005859375,2429.330078125,21136.23046875,2863.199951171875,50.119998931884766
2017-06-07,13259.0,5717.3251953125,1290.0999755859375,45.720001220703125,6297.3798828125,2433.139892578125,21173.689453125,2732.159912109375,48.060001373291016
2017-06-08,13313.0,5702.921875,1276.300048828125,45.63999938964844,6321.759765625,2433.7900390625,21182.529296875,2805.6201171875,47.86000061035156
2017-06-09,13293.0,5675.52294921875,1268.5,45.83000183105469,6207.919921875,2431.77001953125,21271.970703125,2823.81005859375,48.150001525878906
2017-06-10,13293.0,5675.52294921875,1268.5,45.83000183105469,6207.919921875,2431.77001953125,21271.970703125,2947.7099609375,48.150001525878906
2017-06-11,13293.0,5675.52294921875,1268.5,45.83000183105469,6207.919921875,2431.77001953125,21271.970703125,2958.110107421875,48.150001525878906
2017-06-12,13295.0,5691.43603515625,1266.0999755859375,46.08000183105469,6175.4599609375,2429.389892578125,21235.669921875,2659.6298828125,48.290000915527344
2017-06-13,13314.0,5707.64501953125,1265.800048828125,46.459999084472656,6220.3701171875,2440.35009765625,21328.470703125,2717.02001953125,48.720001220703125
2017-06-14,13282.0,5792.89697265625,1272.800048828125,44.72999954223633,6194.89013671875,2437.919921875,21374.560546875,2506.3701171875,47.0
2017-06-15,13286.0,5776.283203125,1252.199951171875,44.459999084472656,6165.5,2432.4599609375,21359.900390625,2464.580078125,46.91999816894531
2017-06-16,13294.0,5723.63623046875,1254.0,44.7400016784668,6151.759765625,2433.14990234375,21384.279296875,2518.56005859375,47.369998931884766
2017-06-17,13294.0,5723.63623046875,1254.0,44.7400016784668,6151.759765625,2433.14990234375,21384.279296875,2655.8798828125,47.369998931884766
2017-06-18,13294.0,5723.63623046875,1254.0,44.7400016784668,6151.759765625,2433.14990234375,21384.279296875,2548.2900390625,47.369998931884766
2017-06-19,13277.0,5741.9091796875,1244.199951171875,44.20000076293945,6239.009765625,2453.4599609375,21528.990234375,2589.60009765625,46.90999984741211
2017-06-20,13286.0,5791.90380859375,1241.0,43.22999954223633,6188.02978515625,2437.030029296875,21467.140625,2721.7900390625,46.02000045776367
2017-06-21,13291.0,5818.5517578125,1243.4000244140625,42.529998779296875,6233.9501953125,2435.610107421875,21410.029296875,2689.10009765625,44.81999969482422
2017-06-22,13301.0,5829.7080078125,1247.5999755859375,42.7400016784668,6236.68994140625,2434.5,21397.2890625,2705.409912109375,45.220001220703125
2017-06-23,13341.0,5829.7080078125,1256.199951171875,43.0099983215332,6265.25,2438.300048828125,21394.759765625,2744.909912109375,45.540000915527344
2017-06-24,13341.0,5829.7080078125,1256.199951171875,43.0099983215332,6265.25,2438.300048828125,21394.759765625,2608.719970703125,45.540000915527344
2017-06-25,13341.0,5829.7080078125,1256.199951171875,43.0099983215332,6265.25,2438.300048828125,21394.759765625,2589.409912109375,45.540000915527344
2017-06-26,13284.0,5829.7080078125,1246.300048828125,43.380001068115234,6247.14990234375,2439.070068359375,21409.55078125,2478.449951171875,45.83000183105469
2017-06-27,13318.0,5829.7080078125,1246.4000244140625,44.2400016784668,6146.6201171875,2419.3798828125,21310.66015625,2552.449951171875,46.650001525878906
2017-06-28,13308.0,5829.7080078125,1248.0,44.7400016784668,6234.41015625,2440.68994140625,21454.609375,2574.7900390625,47.310001373291016
2017-06-29,13296.0,5829.7080078125,1244.199951171875,44.93000030517578,6144.35009765625,2419.699951171875,21287.029296875,2539.320068359375,47.41999816894531
2017-06-30,13278.0,5829.7080078125,1240.699951171875,46.040000915527344,6140.419921875,2423.409912109375,21349.630859375,2480.840087890625,47.91999816894531
2017-07-01,13278.0,5829.7080078125,1240.699951171875,46.040000915527344,6140.419921875,2423.409912109375,21349.630859375,2434.550048828125,47.91999816894531
2017-07-02,13278.0,5829.7080078125,1240.699951171875,46.040000915527344,6140.419921875,2423.409912109375,21349.630859375,2506.469970703125,47.91999816894531
2017-07-03,13298.0,5910.23681640625,1217.9000244140625,47.06999969482422,6110.06005859375,2429.010009765625,21479.26953125,2564.06005859375,49.68000030517578
2017-07-04,13364.0,5865.36376953125,1217.9000244140625,47.06999969482422,6110.06005859375,2429.010009765625,21479.26953125,2601.639892578125,49.68000030517578
2017-07-05,13351.0,5825.05419921875,1220.4000244140625,45.130001068115234,6150.85986328125,2432.5400390625,21478.169921875,2601.989990234375,47.790000915527344
2017-07-06,13363.0,5849.5751953125,1222.199951171875,45.52000045776367,6089.4599609375,2409.75,21320.0390625,2608.56005859375,48.11000061035156
2017-07-07,13383.0,5814.79296875,1208.5999755859375,44.22999954223633,6153.080078125,2425.179931640625,21414.33984375,2518.659912109375,46.709999084472656
2017-07-08,13383.0,5814.79296875,1208.5999755859375,44.22999954223633,6153.080078125,2425.179931640625,21414.33984375,2571.340087890625,46.709999084472656
2017-07-09,13383.0,5814.79296875,1208.5999755859375,44.22999954223633,6153.080078125,2425.179931640625,21414.33984375,2518.43994140625,46.709999084472656
2017-07-10,13408.0,5771.505859375,1212.0999755859375,44.400001525878906,6176.39013671875,2427.429931640625,21408.51953125,2372.56005859375,46.880001068115234
2017-07-11,13408.0,5773.326171875,1213.5999755859375,45.040000915527344,6193.2998046875,2425.530029296875,21409.0703125,2337.7900390625,47.52000045776367
2017-07-12,13349.0,5819.1318359375,1218.0999755859375,45.4900016784668,6261.169921875,2443.25,21532.140625,2398.840087890625,47.7400016784668
2017-07-13,13363.0,5830.0439453125,1216.300048828125,46.08000183105469,6274.43994140625,2447.830078125,21553.08984375,2357.89990234375,48.41999816894531
2017-07-14,13341.0,5831.794921875,1226.5999755859375,46.540000915527344,6312.47021484375,2459.27001953125,21637.740234375,2233.340087890625,48.90999984741211
2017-07-15,13341.0,5831.794921875,1226.5999755859375,46.540000915527344,6312.47021484375,2459.27001953125,21637.740234375,1998.8599853515625,48.90999984741211
2017-07-16,13341.0,5831.794921875,1226.5999755859375,46.540000915527344,6312.47021484375,2459.27001953125,21637.740234375,1929.8199462890625,48.90999984741211
2017-07-17,13332.0,5841.27978515625,1232.800048828125,46.02000045776367,6314.43017578125,2459.139892578125,21629.720703125,2228.409912109375,48.41999816894531
2017-07-18,13321.0,5822.35205078125,1241.0999755859375,46.400001525878906,6344.31005859375,2460.610107421875,21574.73046875,2318.8798828125,48.84000015258789
2017-07-19,13302.0,5806.68994140625,1241.199951171875,47.119998931884766,6385.0400390625,2473.830078125,21640.75,2273.429931640625,49.70000076293945
2017-07-20,13309.0,5825.2080078125,1244.800048828125,46.790000915527344,6390.0,2473.449951171875,21611.779296875,2817.60009765625,49.29999923706055
2017-07-21,13303.0,5765.423828125,1254.300048828125,45.77000045776367,6387.75,2472.5400390625,21580.0703125,2667.760009765625,48.060001373291016
2017-07-22,13303.0,5765.423828125,1254.300048828125,45.77000045776367,6387.75,2472.5400390625,21580.0703125,2810.1201171875,48.060001373291016
2017-07-23,13303.0,5765.423828125,1254.300048828125,45.77000045776367,6387.75,2472.5400390625,21580.0703125,2730.39990234375,48.060001373291016
2017-07-24,13265.0,5801.5869140625,1253.9000244140625,46.34000015258789,6410.81005859375,2469.909912109375,21513.169921875,2754.860107421875,48.599998474121094
2017-07-25,13316.0,5813.53515625,1251.699951171875,47.88999938964844,6412.169921875,2477.1298828125,21613.4296875,2576.47998046875,50.20000076293945
2017-07-26,13328.0,5800.2060546875,1249.0,48.75,6422.75,2477.830078125,21711.009765625,2529.449951171875,50.970001220703125
2017-07-27,13329.0,5819.744140625,1259.5999755859375,49.040000915527344,6382.18994140625,2475.419921875,21796.55078125,2671.780029296875,51.4900016784668
2017-07-28,13311.0,5831.02685546875,1268.4000244140625,49.709999084472656,6374.68017578125,2472.10009765625,21830.310546875,2809.010009765625,52.52000045776367
2017-07-29,13311.0,5831.02685546875,1268.4000244140625,49.709999084472656,6374.68017578125,2472.10009765625,21830.310546875,2726.449951171875,52.52000045776367
2017-07-30,13311.0,5831.02685546875,1268.4000244140625,49.709999084472656,6374.68017578125,2472.10009765625,21830.310546875,2757.179931640625,52.52000045776367
2017-07-31,13320.0,5840.93896484375,1266.5999755859375,50.16999816894531,6348.1201171875,2470.300048828125,21891.119140625,2875.340087890625,52.650001525878906
2017-08-01,13318.0,5805.205078125,1272.5999755859375,49.15999984741211,6362.93994140625,2476.35009765625,21963.919921875,2718.260009765625,52.630001068115234
2017-08-02,13317.0,5824.2490234375,1271.800048828125,49.59000015258789,6362.64990234375,2477.570068359375,22016.240234375,2710.669921875,52.36000061035156
2017-08-03,13317.0,5780.576171875,1267.800048828125,49.029998779296875,6340.33984375,2472.159912109375,22026.099609375,2804.72998046875,52.0099983215332
2017-08-04,13319.0,5777.48193359375,1258.300048828125,49.58000183105469,6351.56005859375,2476.830078125,22092.810546875,2895.889892578125,52.41999816894531
2017-08-05,13319.0,5777.48193359375,1258.300048828125,49.58000183105469,6351.56005859375,2476.830078125,22092.810546875,3252.909912109375,52.41999816894531
2017-08-06,13319.0,5777.48193359375,1258.300048828125,49.58000183105469,6351.56005859375,2476.830078125,22092.810546875,3213.93994140625,52.41999816894531
2017-08-07,13309.0,5749.2919921875,1258.199951171875,49.38999938964844,6383.77001953125,2480.909912109375,22118.419921875,3378.93994140625,52.369998931884766
2017-08-08,13315.0,5810.56298828125,1256.4000244140625,49.16999816894531,6370.4599609375,2474.919921875,22085.33984375,3419.93994140625,52.13999938964844
2017-08-09,13306.0,5824.0068359375,1273.0,49.560001373291016,6352.330078125,2474.02001953125,22048.69921875,3342.469970703125,52.70000076293945
2017-08-10,13326.0,5825.94580078125,1283.699951171875,48.59000015258789,6216.8701171875,2438.2099609375,21844.009765625,3381.280029296875,51.900001525878906
2017-08-11,13327.0,5766.13818359375,1287.699951171875,48.81999969482422,6256.56005859375,2441.320068359375,21858.3203125,3650.6201171875,52.099998474121094
2017-08-12,13327.0,5766.13818359375,1287.699951171875,48.81999969482422,6256.56005859375,2441.320068359375,21858.3203125,3884.7099609375,52.099998474121094
2017-08-13,13327.0,5766.13818359375,1287.699951171875,48.81999969482422,6256.56005859375,2441.320068359375,21858.3203125,4073.260009765625,52.099998474121094
2017-08-14,13351.0,5801.48779296875,1284.199951171875,47.59000015258789,6340.22998046875,2465.840087890625,21993.7109375,4325.1298828125,50.72999954223633
2017-08-15,13342.0,5835.041015625,1273.699951171875,47.54999923706055,6333.009765625,2464.610107421875,21998.990234375,4181.93017578125,50.79999923706055
2017-08-16,13354.0,5891.94921875,1276.9000244140625,46.779998779296875,6345.10986328125,2468.110107421875,22024.869140625,4376.6298828125,50.27000045776367
2017-08-17,13350.0,5891.94921875,1286.4000244140625,47.09000015258789,6221.91015625,2430.010009765625,21750.73046875,4331.68994140625,51.029998779296875
2017-08-18,13372.0,5893.8408203125,1285.699951171875,48.5099983215332,6216.52978515625,2425.550048828125,21674.509765625,4160.6201171875,52.720001220703125
2017-08-19,13372.0,5893.8408203125,1285.699951171875,48.5099983215332,6216.52978515625,2425.550048828125,21674.509765625,4193.7001953125,52.720001220703125
2017-08-20,13372.0,5893.8408203125,1285.699951171875,48.5099983215332,6216.52978515625,2425.550048828125,21674.509765625,4087.659912109375,52.720001220703125
2017-08-21,13355.0,5861.00390625,1290.800048828125,47.369998931884766,6213.1298828125,2428.3701171875,21703.75,4001.739990234375,51.65999984741211
2017-08-22,13344.0,5880.296875,1285.0999755859375,47.63999938964844,6297.47998046875,2452.510009765625,21899.890625,4100.52001953125,51.869998931884766
2017-08-23,13325.0,5914.02392578125,1288.9000244140625,48.40999984741211,6278.41015625,2444.0400390625,21812.08984375,4151.52001953125,52.56999969482422
2017-08-24,13351.0,5894.1171875,1286.5,47.43000030517578,6271.330078125,2438.969970703125,21783.400390625,4334.68017578125,52.040000915527344
2017-08-25,13333.0,5915.36279296875,1292.5,47.869998931884766,6265.64013671875,2443.050048828125,21813.669921875,4371.60009765625,52.40999984741211
2017-08-26,13333.0,5915.36279296875,1292.5,47.869998931884766,6265.64013671875,2443.050048828125,21813.669921875,4352.39990234375,52.40999984741211
2017-08-27,13333.0,5915.36279296875,1292.5,47.869998931884766,6265.64013671875,2443.050048828125,21813.669921875,4382.8798828125,52.40999984741211
2017-08-28,13339.0,5903.3408203125,1309.699951171875,46.56999969482422,6283.02001953125,2444.239990234375,21808.400390625,4382.66015625,51.88999938964844
2017-08-29,13303.0,5888.2119140625,1313.0999755859375,46.439998626708984,6301.89013671875,2446.300048828125,21865.369140625,4579.02001953125,52.0
2017-08-30,13333.0,5872.505859375,1308.0999755859375,45.959999084472656,6368.31005859375,2457.590087890625,21892.4296875,4565.2998046875,50.86000061035156
2017-08-31,13334.0,5864.05908203125,1316.199951171875,47.22999954223633,6428.66015625,2471.64990234375,21948.099609375,4703.39013671875,52.380001068115234
2017-09-01,13321.0,5864.05908203125,1324.5,47.290000915527344,6435.330078125,2476.550048828125,21987.560546875,4892.009765625,52.31999969482422
2017-09-02,13321.0,5864.05908203125,1324.5,47.290000915527344,6435.330078125,2476.550048828125,21987.560546875,4578.77001953125,52.31999969482422
2017-09-03,13321.0,5864.05908203125,1324.5,47.290000915527344,6435.330078125,2476.550048828125,21987.560546875,4582.9599609375,52.31999969482422
2017-09-04,13331.0,5813.7412109375,1324.5,47.290000915527344,6435.330078125,2476.550048828125,21987.560546875,4236.31005859375,52.31999969482422
2017-09-05,13353.0,5829.97900390625,1339.199951171875,48.65999984741211,6375.56982421875,2457.85009765625,21753.310546875,4376.52978515625,53.380001068115234
2017-09-06,13333.0,5824.13818359375,1333.9000244140625,49.15999984741211,6393.31005859375,2465.5400390625,21807.640625,4597.1201171875,54.20000076293945
2017-09-07,13339.0,5832.31103515625,1345.0999755859375,49.09000015258789,6397.8701171875,2465.10009765625,21784.779296875,4599.8798828125,54.4900016784668
2017-09-08,13289.0,5857.119140625,1346.0,47.47999954223633,6360.18994140625,2461.429931640625,21797.7890625,4228.75,53.779998779296875
2017-09-09,13289.0,5857.119140625,1346.0,47.47999954223633,6360.18994140625,2461.429931640625,21797.7890625,4226.06005859375,53.779998779296875
2017-09-10,13289.0,5857.119140625,1346.0,47.47999954223633,6360.18994140625,2461.429931640625,21797.7890625,4122.93994140625,53.779998779296875
2017-09-11,13197.0,5871.880859375,1331.0,48.06999969482422,6432.259765625,2488.110107421875,22057.369140625,4161.27001953125,53.84000015258789
2017-09-12,13176.0,5872.376953125,1328.0,48.22999954223633,6454.27978515625,2496.47998046875,22118.859375,4130.81005859375,54.27000045776367
2017-09-13,13208.0,5845.73388671875,1323.4000244140625,49.29999923706055,6460.18994140625,2498.3701171875,22158.1796875,3882.590087890625,55.15999984741211
2017-09-14,13242.0,5852.001953125,1324.699951171875,49.88999938964844,6429.080078125,2495.6201171875,22203.48046875,3154.949951171875,55.470001220703125
2017-09-15,13262.0,5872.39208984375,1320.4000244140625,49.88999938964844,6448.47021484375,2500.22998046875,22268.33984375,3637.52001953125,55.619998931884766
2017-09-16,13262.0,5872.39208984375,1320.4000244140625,49.88999938964844,6448.47021484375,2500.22998046875,22268.33984375,3625.0400390625,55.619998931884766
2017-09-17,13262.0,5872.39208984375,1320.4000244140625,49.88999938964844,6448.47021484375,2500.22998046875,22268.33984375,3582.8798828125,55.619998931884766
2017-09-18,13252.0,5884.61083984375,1306.300048828125,49.90999984741211,6454.64013671875,2503.8701171875,22331.349609375,4065.199951171875,55.47999954223633
2017-09-19,13268.0,5901.326171875,1306.199951171875,49.47999954223633,6461.31982421875,2506.64990234375,22370.80078125,3924.969970703125,55.13999938964844
2017-09-20,13256.0,5906.5732421875,1312.0,50.40999984741211,6456.0400390625,2508.239990234375,22412.58984375,3905.949951171875,56.290000915527344
2017-09-21,13273.0,5906.5732421875,1290.5999755859375,50.54999923706055,6422.68994140625,2500.60009765625,22359.23046875,3631.0400390625,56.43000030517578
2017-09-22,13273.0,5911.7080078125,1293.300048828125,50.65999984741211,6426.919921875,2502.219970703125,22349.58984375,3630.699951171875,56.86000061035156
2017-09-23,13273.0,5911.7080078125,1293.300048828125,50.65999984741211,6426.919921875,2502.219970703125,22349.58984375,3792.39990234375,56.86000061035156
2017-09-24,13273.0,5911.7080078125,1293.300048828125,50.65999984741211,6426.919921875,2502.219970703125,22349.58984375,3682.840087890625,56.86000061035156
2017-09-25,13306.0,5894.61181640625,1306.800048828125,52.220001220703125,6370.58984375,2496.659912109375,22296.08984375,3926.070068359375,59.02000045776367
2017-09-26,13319.0,5863.9619140625,1297.0,51.880001068115234,6380.16015625,2496.840087890625,22284.3203125,3892.35009765625,58.439998626708984
2017-09-27,13375.0,5863.02685546875,1283.4000244140625,52.13999938964844,6453.259765625,2507.0400390625,22340.7109375,4200.669921875,57.900001525878906
2017-09-28,13433.0,5841.046875,1285.5,51.560001373291016,6453.4501953125,2510.06005859375,22381.19921875,4174.72998046875,57.40999984741211
2017-09-29,13508.0,5900.85400390625,1281.5,51.66999816894531,6495.9599609375,2519.360107421875,22405.08984375,4163.06982421875,57.540000915527344
2017-09-30,13508.0,5900.85400390625,1281.5,51.66999816894531,6495.9599609375,2519.360107421875,22405.08984375,4338.7099609375,57.540000915527344
2017-10-01,13508.0,5900.85400390625,1281.5,51.66999816894531,6495.9599609375,2519.360107421875,22405.08984375,4403.740234375,57.540000915527344
2017-10-02,13465.0,5914.02978515625,1272.699951171875,50.58000183105469,6516.72021484375,2529.1201171875,22557.599609375,4409.31982421875,56.119998931884766
2017-10-03,13531.0,5939.453125,1271.5,50.41999816894531,6531.7099609375,2534.580078125,22641.669921875,4317.47998046875,56.0
2017-10-04,13536.0,5951.47509765625,1273.699951171875,49.97999954223633,6534.6298828125,2537.739990234375,22661.640625,4229.35986328125,55.79999923706055
2017-10-05,13470.0,5901.90576171875,1269.9000244140625,50.790000915527344,6585.35986328125,2552.070068359375,22775.390625,4328.41015625,57.0
2017-10-06,13451.0,5905.3779296875,1271.5999755859375,49.290000915527344,6590.18017578125,2549.330078125,22773.669921875,4370.81005859375,55.619998931884766
2017-10-07,13451.0,5905.3779296875,1271.5999755859375,49.290000915527344,6590.18017578125,2549.330078125,22773.669921875,4426.89013671875,55.619998931884766
2017-10-08,13451.0,5905.3779296875,1271.5999755859375,49.290000915527344,6590.18017578125,2549.330078125,22773.669921875,4610.47998046875,55.619998931884766
2017-10-09,13497.0,5914.93310546875,1281.800048828125,49.58000183105469,6579.72998046875,2544.72998046875,22761.0703125,4772.02001953125,55.790000915527344
2017-10-10,13510.0,5905.76220703125,1290.5999755859375,50.91999816894531,6587.25,2550.639892578125,22830.6796875,4781.990234375,56.61000061035156
2017-10-11,13510.0,5882.787109375,1285.800048828125,51.29999923706055,6603.5498046875,2555.239990234375,22872.890625,4826.47998046875,56.939998626708984
2017-10-12,13510.0,5926.2041015625,1293.300048828125,50.599998474121094,6591.509765625,2550.929931640625,22841.009765625,5446.91015625,56.25
2017-10-13,13498.0,5924.1240234375,1301.5,51.45000076293945,6605.7998046875,2553.169921875,22871.720703125,5647.2099609375,57.16999816894531
2017-10-14,13498.0,5924.1240234375,1301.5,51.45000076293945,6605.7998046875,2553.169921875,22871.720703125,5831.7900390625,57.16999816894531
2017-10-15,13498.0,5924.1240234375,1301.5,51.45000076293945,6605.7998046875,2553.169921875,22871.720703125,5678.18994140625,57.16999816894531
2017-10-16,13492.0,5949.701171875,1299.9000244140625,51.869998931884766,6624.0,2557.639892578125,22956.9609375,5725.58984375,57.81999969482422
2017-10-17,13476.0,5947.330078125,1283.0,51.880001068115234,6623.66015625,2559.360107421875,22997.439453125,5605.509765625,57.880001068115234
2017-10-18,13495.0,5929.201171875,1279.9000244140625,52.040000915527344,6624.22021484375,2561.260009765625,23157.599609375,5590.68994140625,58.150001525878906
2017-10-19,13510.0,5910.52978515625,1286.9000244140625,51.290000915527344,6605.06982421875,2562.10009765625,23163.0390625,5708.52001953125,57.22999954223633
2017-10-20,13490.0,5929.548828125,1277.4000244140625,51.470001220703125,6629.0498046875,2575.2099609375,23328.630859375,6011.4501953125,57.75
2017-10-21,13490.0,5929.548828125,1277.4000244140625,51.470001220703125,6629.0498046875,2575.2099609375,23328.630859375,6031.60009765625,57.75
2017-10-22,13490.0,5929.548828125,1277.4000244140625,51.470001220703125,6629.0498046875,2575.2099609375,23328.630859375,6008.419921875,57.75
2017-10-23,13516.0,5950.02587890625,1277.699951171875,51.900001525878906,6586.830078125,2564.97998046875,23273.9609375,5930.31982421875,57.369998931884766
2017-10-24,13535.0,5952.076171875,1275.0,52.470001220703125,6598.43017578125,2569.1298828125,23441.759765625,5526.64013671875,58.33000183105469
2017-10-25,13525.0,6025.43408203125,1275.4000244140625,52.18000030517578,6563.89013671875,2557.14990234375,23329.4609375,5750.7998046875,58.439998626708984
2017-10-26,13572.0,5995.84716796875,1266.300048828125,52.63999938964844,6556.77001953125,2560.39990234375,23400.859375,5904.830078125,59.29999923706055
2017-10-27,13643.0,5975.28076171875,1268.5,53.900001525878906,6701.259765625,2581.070068359375,23434.189453125,5780.89990234375,60.439998626708984
2017-10-28,13643.0,5975.28076171875,1268.5,53.900001525878906,6701.259765625,2581.070068359375,23434.189453125,5753.08984375,60.439998626708984
2017-10-29,13643.0,5975.28076171875,1268.5,53.900001525878906,6701.259765625,2581.070068359375,23434.189453125,6153.85009765625,60.439998626708984
2017-10-30,13588.0,5974.0771484375,1274.0999755859375,54.150001525878906,6698.9599609375,2572.830078125,23348.740234375,6130.52978515625,60.900001525878906
2017-10-31,13574.0,6005.7841796875,1267.0,54.380001068115234,6727.669921875,2575.260009765625,23377.240234375,6468.39990234375,61.369998931884766
2017-11-01,13554.0,6038.14599609375,1274.0999755859375,54.29999923706055,6716.52978515625,2579.360107421875,23435.009765625,6767.31005859375,61.290000915527344
2017-11-02,13553.0,6031.10693359375,1274.9000244140625,54.540000915527344,6714.93994140625,2579.85009765625,23516.259765625,7078.5,60.619998931884766
2017-11-03,13543.0,6039.541015625,1266.5,55.63999938964844,6764.43994140625,2587.840087890625,23539.189453125,7207.759765625,62.06999969482422
2017-11-04,13543.0,6039.541015625,1266.5,55.63999938964844,6764.43994140625,2587.840087890625,23539.189453125,7379.9501953125,62.06999969482422
2017-11-05,13543.0,6039.541015625,1266.5,55.63999938964844,6764.43994140625,2587.840087890625,23539.189453125,7407.41015625,62.06999969482422
2017-11-06,13480.0,6050.8232421875,1279.4000244140625,57.349998474121094,6786.43994140625,2591.1298828125,23548.419921875,7022.759765625,64.2699966430664
2017-11-07,13483.0,6060.453125,1273.699951171875,57.20000076293945,6767.77978515625,2590.639892578125,23557.23046875,7144.3798828125,63.689998626708984
2017-11-08,13514.0,6049.3837890625,1281.5999755859375,56.810001373291016,6789.1201171875,2594.3798828125,23563.359375,7459.68994140625,63.4900016784668
2017-11-09,13503.0,6042.4599609375,1285.5999755859375,57.16999816894531,6750.0498046875,2584.6201171875,23461.939453125,7143.580078125,63.93000030517578
2017-11-10,13527.0,6021.828125,1272.4000244140625,56.7400016784668,6750.93994140625,2582.300048828125,23422.2109375,6618.14013671875,63.52000045776367
2017-11-11,13527.0,6021.828125,1272.4000244140625,56.7400016784668,6750.93994140625,2582.300048828125,23422.2109375,6357.60009765625,63.52000045776367
2017-11-12,13527.0,6021.828125,1272.4000244140625,56.7400016784668,6750.93994140625,2582.300048828125,23422.2109375,5950.06982421875,63.52000045776367
2017-11-13,13512.0,6021.4560546875,1277.300048828125,56.7599983215332,6757.60009765625,2584.840087890625,23439.69921875,6559.490234375,63.15999984741211
2017-11-14,13553.0,5988.2919921875,1281.5,55.70000076293945,6737.8701171875,2578.8701171875,23409.470703125,6635.75,62.209999084472656
2017-11-15,13545.0,5972.31103515625,1276.5,55.33000183105469,6706.2099609375,2564.6201171875,23271.279296875,7315.5400390625,61.869998931884766
2017-11-16,13545.0,6037.9072265625,1277.4000244140625,55.13999938964844,6793.2900390625,2585.639892578125,23458.359375,7871.68994140625,61.36000061035156
2017-11-17,13514.0,6051.73193359375,1295.800048828125,56.54999923706055,6782.7900390625,2578.85009765625,23358.240234375,7708.990234375,62.720001220703125
2017-11-18,13514.0,6051.73193359375,1295.800048828125,56.54999923706055,6782.7900390625,2578.85009765625,23358.240234375,7790.14990234375,62.720001220703125
2017-11-19,13514.0,6051.73193359375,1295.800048828125,56.54999923706055,6782.7900390625,2578.85009765625,23358.240234375,8036.490234375,62.720001220703125
2017-11-20,13508.0,6053.2822265625,1274.5999755859375,56.09000015258789,6790.7099609375,2582.139892578125,23430.330078125,8200.6396484375,62.220001220703125
2017-11-21,13525.0,6031.86181640625,1281.0999755859375,56.83000183105469,6862.47998046875,2599.030029296875,23590.830078125,8071.259765625,62.56999969482422
2017-11-22,13519.0,6069.78515625,1291.5999755859375,58.02000045776367,6867.35986328125,2597.080078125,23526.1796875,8253.5498046875,63.31999969482422
2017-11-23,13491.0,6063.2451171875,1291.5999755859375,58.02000045776367,6867.35986328125,2597.080078125,23526.1796875,8038.77001953125,63.31999969482422
2017-11-24,13489.0,6067.14208984375,1286.699951171875,58.95000076293945,6889.16015625,2602.419921875,23557.990234375,8253.6904296875,63.86000061035156
2017-11-25,13489.0,6067.14208984375,1286.699951171875,58.95000076293945,6889.16015625,2602.419921875,23557.990234375,8790.919921875,63.86000061035156
2017-11-26,13489.0,6067.14208984375,1286.699951171875,58.95000076293945,6889.16015625,2602.419921875,23557.990234375,9330.5498046875,63.86000061035156
2017-11-27,13498.0,6064.5888671875,1293.800048828125,58.11000061035156,6878.52001953125,2601.419921875,23580.779296875,9818.349609375,63.84000015258789
2017-11-28,13511.0,6070.7158203125,1294.699951171875,57.9900016784668,6912.35986328125,2627.0400390625,23836.7109375,10058.7998046875,63.61000061035156
2017-11-29,13500.0,6061.3671875,1282.0999755859375,57.29999923706055,6824.39013671875,2626.070068359375,23940.6796875,9888.6103515625,63.11000061035156
2017-11-30,13504.0,5952.13818359375,1273.199951171875,57.400001525878906,6873.97021484375,2647.580078125,24272.349609375,10233.599609375,63.56999969482422
2017-12-01,13541.0,5952.13818359375,1278.800048828125,58.36000061035156,6847.58984375,2642.219970703125,24231.58984375,10975.599609375,63.4900016784668
2017-12-02,13541.0,5952.13818359375,1278.800048828125,58.36000061035156,6847.58984375,2642.219970703125,24231.58984375,11074.599609375,63.4900016784668
2017-12-03,13541.0,5952.13818359375,1278.800048828125,58.36000061035156,6847.58984375,2642.219970703125,24231.58984375,11323.2001953125,63.4900016784668
2017-12-04,13560.0,5998.19482421875,1274.300048828125,57.470001220703125,6775.3701171875,2639.43994140625,24290.05078125,11657.2001953125,62.45000076293945
2017-12-05,13494.0,6000.47412109375,1261.5999755859375,57.619998931884766,6762.2099609375,2629.570068359375,24180.640625,11916.7001953125,62.86000061035156
2017-12-06,13513.0,6035.5078125,1262.800048828125,55.959999084472656,6776.3798828125,2629.27001953125,24140.91015625,14291.5,61.220001220703125
2017-12-07,13534.0,6006.8349609375,1249.800048828125,56.689998626708984,6812.83984375,2636.97998046875,24211.48046875,17899.69921875,62.20000076293945
2017-12-08,13553.0,6030.9580078125,1245.199951171875,57.36000061035156,6840.080078125,2651.5,24329.16015625,16569.400390625,63.400001525878906
2017-12-09,13553.0,6030.9580078125,1245.199951171875,57.36000061035156,6840.080078125,2651.5,24329.16015625,15178.2001953125,63.400001525878906
2017-12-10,13553.0,6030.9580078125,1245.199951171875,57.36000061035156,6840.080078125,2651.5,24329.16015625,15455.400390625,63.400001525878906
2017-12-11,13507.0,6026.6328125,1243.699951171875,57.9900016784668,6875.080078125,2659.989990234375,24386.029296875,16936.80078125,64.69000244140625
2017-12-12,13552.0,6032.37109375,1238.5,57.13999938964844,6862.31982421875,2664.110107421875,24504.80078125,17415.400390625,63.34000015258789
2017-12-13,13551.0,6054.60400390625,1245.4000244140625,56.599998474121094,6875.7998046875,2662.85009765625,24585.4296875,16408.19921875,62.439998626708984
2017-12-14,13540.0,6113.65283203125,1253.800048828125,57.040000915527344,6856.52978515625,2652.010009765625,24508.66015625,16564.0,63.310001373291016
2017-12-15,13554.0,6119.4189453125,1254.300048828125,57.29999923706055,6936.580078125,2675.81005859375,24651.740234375,17706.900390625,63.22999954223633
2017-12-16,13554.0,6119.4189453125,1254.300048828125,57.29999923706055,6936.580078125,2675.81005859375,24651.740234375,19497.400390625,63.22999954223633
2017-12-17,13554.0,6119.4189453125,1254.300048828125,57.29999923706055,6936.580078125,2675.81005859375,24651.740234375,19140.80078125,63.22999954223633
2017-12-18,13568.0,6133.962890625,1262.199951171875,57.15999984741211,6994.759765625,2690.159912109375,24792.19921875,19114.19921875,63.40999984741211
2017-12-19,13580.0,6167.666015625,1260.699951171875,57.459999084472656,6963.85009765625,2681.469970703125,24754.75,17776.69921875,63.79999923706055
2017-12-20,13575.0,6109.48193359375,1266.0999755859375,58.09000015258789,6960.9599609375,2679.25,24726.650390625,16624.599609375,64.55999755859375
2017-12-21,13573.0,6183.39111328125,1267.300048828125,58.36000061035156,6965.35986328125,2684.570068359375,24782.2890625,15802.900390625,64.9000015258789
2017-12-22,13562.0,6221.01318359375,1275.4000244140625,58.470001220703125,6959.9599609375,2683.340087890625,24754.060546875,13831.7998046875,65.25
2017-12-23,13562.0,6221.01318359375,1275.4000244140625,58.470001220703125,6959.9599609375,2683.340087890625,24754.060546875,14699.2001953125,65.25
2017-12-24,13562.0,6221.01318359375,1275.4000244140625,58.470001220703125,6959.9599609375,2683.340087890625,24754.060546875,13925.7998046875,65.25
2017-12-25,13551.0,6221.01318359375,1275.4000244140625,58.470001220703125,6959.9599609375,2683.340087890625,24754.060546875,14026.599609375,65.25
2017-12-26,13532.0,6221.01318359375,1284.0999755859375,59.970001220703125,6936.25,2680.5,24746.2109375,16099.7998046875,67.0199966430664
2017-12-27,13552.0,6277.1650390625,1287.0,59.63999938964844,6939.33984375,2682.6201171875,24774.30078125,15838.5,66.44000244140625
2017-12-28,13558.0,6314.0458984375,1294.0999755859375,59.84000015258789,6950.16015625,2687.5400390625,24837.509765625,14606.5,66.72000122070312
2017-12-29,13558.0,6355.65380859375,1306.300048828125,60.41999816894531,6903.39013671875,2673.610107421875,24719.220703125,14656.2001953125,66.5999984741211
2017-12-30,13558.0,6355.65380859375,1306.300048828125,60.41999816894531,6903.39013671875,2673.610107421875,24719.220703125,12952.2001953125,66.5999984741211
2017-12-31,13558.0,6355.65380859375,1306.300048828125,60.41999816894531,6903.39013671875,2673.610107421875,24719.220703125,14156.400390625,66.5999984741211
2018-01-01,13542.0,6355.65380859375,1306.300048828125,60.41999816894531,6903.39013671875,2673.610107421875,24719.220703125,13657.2001953125,66.5999984741211
2018-01-02,13550.0,6339.23779296875,1313.699951171875,60.369998931884766,7006.89990234375,2695.81005859375,24824.009765625,14982.099609375,66.56999969482422
2018-01-03,13496.0,6251.47900390625,1316.199951171875,61.630001068115234,7065.52978515625,2713.06005859375,24922.6796875,15201.0,67.83999633789062
2018-01-04,13468.0,6292.32080078125,1319.4000244140625,62.0099983215332,7077.91015625,2723.989990234375,25075.130859375,15599.2001953125,68.06999969482422
2018-01-05,13415.0,6353.73779296875,1320.300048828125,61.439998626708984,7136.56005859375,2743.14990234375,25295.869140625,17429.5,67.62000274658203
2018-01-06,13415.0,6353.73779296875,1320.300048828125,61.439998626708984,7136.56005859375,2743.14990234375,25295.869140625,17527.0,67.62000274658203
2018-01-07,13415.0,6353.73779296875,1320.300048828125,61.439998626708984,7136.56005859375,2743.14990234375,25295.869140625,16477.599609375,67.62000274658203
2018-01-08,13427.0,6385.40380859375,1318.5999755859375,61.72999954223633,7157.39013671875,2747.7099609375,25283.0,15170.099609375,67.77999877929688
2018-01-09,13427.0,6373.14404296875,1311.699951171875,62.959999084472656,7163.580078125,2751.2900390625,25385.80078125,14595.400390625,68.81999969482422
2018-01-10,13430.0,6371.173828125,1317.4000244140625,63.56999969482422,7153.56982421875,2748.22998046875,25369.130859375,14973.2998046875,69.19999694824219
2018-01-11,13441.0,6386.3388671875,1320.5999755859375,63.79999923706055,7211.77978515625,2767.56005859375,25574.73046875,13405.7998046875,69.26000213623047
2018-01-12,13393.0,6370.06494140625,1333.4000244140625,64.30000305175781,7261.06005859375,2786.239990234375,25803.189453125,13980.599609375,69.87000274658203
2018-01-13,13393.0,6370.06494140625,1333.4000244140625,64.30000305175781,7261.06005859375,2786.239990234375,25803.189453125,14360.2001953125,69.87000274658203
2018-01-14,13393.0,6370.06494140625,1333.4000244140625,64.30000305175781,7261.06005859375,2786.239990234375,25803.189453125,13772.0,69.87000274658203
2018-01-15,13295.0,6382.19482421875,1333.4000244140625,64.30000305175781,7261.06005859375,2786.239990234375,25803.189453125,13819.7998046875,69.87000274658203
2018-01-16,13305.0,6429.69189453125,1335.4000244140625,63.72999954223633,7223.68994140625,2776.419921875,25792.859375,11490.5,69.1500015258789
2018-01-17,13306.0,6444.51806640625,1338.0,63.970001220703125,7298.27978515625,2802.56005859375,26115.650390625,11188.599609375,69.37999725341797
2018-01-18,13336.0,6472.666015625,1326.0,63.95000076293945,7296.0498046875,2798.030029296875,26017.810546875,11474.900390625,69.30999755859375
2018-01-19,13334.0,6490.89599609375,1331.9000244140625,63.369998931884766,7336.3798828125,2810.300048828125,26071.720703125,11607.400390625,68.61000061035156
2018-01-20,13334.0,6490.89599609375,1331.9000244140625,63.369998931884766,7336.3798828125,2810.300048828125,26071.720703125,12899.2001953125,68.61000061035156
2018-01-21,13334.0,6490.89599609375,1331.9000244140625,63.369998931884766,7336.3798828125,2810.300048828125,26071.720703125,11600.099609375,68.61000061035156
2018-01-22,13325.0,6500.52880859375,1330.9000244140625,63.4900016784668,7408.02978515625,2832.969970703125,26214.599609375,10931.400390625,69.02999877929688
2018-01-23,13342.0,6635.333984375,1335.699951171875,64.47000122070312,7460.2900390625,2839.1298828125,26210.810546875,10868.400390625,69.95999908447266
2018-01-24,13336.0,6615.4921875,1355.9000244140625,65.61000061035156,7415.06005859375,2837.5400390625,26252.119140625,11359.400390625,70.52999877929688
2018-01-25,13298.0,6615.328125,1362.4000244140625,65.51000213623047,7411.16015625,2839.25,26392.7890625,11259.400390625,70.41999816894531
2018-01-26,13299.0,6660.6181640625,1351.5999755859375,66.13999938964844,7505.77001953125,2872.8701171875,26616.7109375,11171.400390625,70.5199966430664
2018-01-27,13299.0,6660.6181640625,1351.5999755859375,66.13999938964844,7505.77001953125,2872.8701171875,26616.7109375,11440.7001953125,70.5199966430664
2018-01-28,13299.0,6660.6181640625,1351.5999755859375,66.13999938964844,7505.77001953125,2872.8701171875,26616.7109375,11786.2998046875,70.5199966430664
2018-01-29,13296.0,6680.619140625,1351.5999755859375,65.55999755859375,7466.509765625,2853.530029296875,26439.48046875,11296.400390625,69.45999908447266
2018-01-30,13367.0,6575.4921875,1335.4000244140625,64.5,7402.47998046875,2822.429931640625,26076.890625,10106.2998046875,69.0199966430664
2018-01-31,13421.0,6605.630859375,1339.0,64.7300033569336,7411.47998046875,2823.81005859375,26149.390625,10221.099609375,69.05000305175781
2018-02-01,13383.0,6598.458984375,1344.300048828125,65.80000305175781,7385.85986328125,2821.97998046875,26186.7109375,9170.5400390625,69.08000183105469
2018-02-02,13386.0,6628.81982421875,1333.699951171875,65.44999694824219,7240.9501953125,2762.1298828125,25520.9609375,8830.75,68.58000183105469
2018-02-03,13386.0,6628.81982421875,1333.699951171875,65.44999694824219,7240.9501953125,2762.1298828125,25520.9609375,9174.91015625,68.58000183105469
2018-02-04,13386.0,6628.81982421875,1333.699951171875,65.44999694824219,7240.9501953125,2762.1298828125,25520.9609375,8277.009765625,68.58000183105469
2018-02-05,13411.0,6589.6748046875,1333.0,64.1500015258789,6967.52978515625,2648.93994140625,24345.75,6955.27001953125,67.62000274658203
2018-02-06,13564.0,6478.54296875,1326.0999755859375,63.38999938964844,7115.8798828125,2695.139892578125,24912.76953125,7754.0,66.86000061035156
2018-02-07,13544.0,6534.869140625,1311.5999755859375,61.790000915527344,7051.97998046875,2681.659912109375,24893.349609375,7621.2998046875,65.51000213623047
2018-02-08,13641.0,6544.6337890625,1316.9000244140625,61.150001525878906,6777.16015625,2581.0,23860.4609375,8265.58984375,64.80999755859375
2018-02-09,13598.0,6505.52294921875,1313.0999755859375,59.20000076293945,6874.490234375,2619.550048828125,24190.900390625,8736.98046875,62.790000915527344
2018-02-10,13598.0,6505.52294921875,1313.0999755859375,59.20000076293945,6874.490234375,2619.550048828125,24190.900390625,8621.900390625,62.790000915527344
2018-02-11,13598.0,6505.52294921875,1313.0999755859375,59.20000076293945,6874.490234375,2619.550048828125,24190.900390625,8129.97021484375,62.790000915527344
2018-02-12,13610.0,6523.4541015625,1324.199951171875,59.290000915527344,6981.9599609375,2656.0,24601.26953125,8926.5703125,62.59000015258789
2018-02-13,13643.0,6578.17822265625,1328.0999755859375,59.189998626708984,7013.509765625,2662.93994140625,24640.44921875,8598.3095703125,62.720001220703125
2018-02-14,13640.0,6594.40087890625,1355.5,60.599998474121094,7143.6201171875,2698.6298828125,24893.490234375,9494.6298828125,64.36000061035156
2018-02-15,13622.0,6591.58203125,1352.0999755859375,61.34000015258789,7256.43017578125,2731.199951171875,25200.369140625,10166.400390625,64.33000183105469
2018-02-16,13552.0,6591.58203125,1353.199951171875,61.68000030517578,7239.47021484375,2732.219970703125,25219.380859375,10233.900390625,64.83999633789062
2018-02-17,13552.0,6591.58203125,1353.199951171875,61.68000030517578,7239.47021484375,2732.219970703125,25219.380859375,11112.7001953125,64.83999633789062
2018-02-18,13552.0,6591.58203125,1353.199951171875,61.68000030517578,7239.47021484375,2732.219970703125,25219.380859375,10551.7998046875,64.83999633789062
2018-02-19,13552.0,6689.287109375,1353.199951171875,61.68000030517578,7239.47021484375,2732.219970703125,25219.380859375,11225.2998046875,64.83999633789062
2018-02-20,13554.0,6662.8759765625,1328.800048828125,61.900001525878906,7234.31005859375,2716.260009765625,24964.75,11403.7001953125,65.25
2018-02-21,13608.0,6643.39990234375,1330.0,61.68000030517578,7218.22998046875,2701.330078125,24797.779296875,10690.400390625,65.41999816894531
2018-02-22,13612.0,6593.06005859375,1330.5999755859375,62.77000045776367,7210.08984375,2703.9599609375,24962.48046875,10005.0,66.38999938964844
2018-02-23,13676.0,6619.80419921875,1328.199951171875,63.54999923706055,7337.39013671875,2747.300048828125,25309.990234375,10301.099609375,67.30999755859375
2018-02-24,13676.0,6619.80419921875,1328.199951171875,63.54999923706055,7337.39013671875,2747.300048828125,25309.990234375,9813.0703125,67.30999755859375
2018-02-25,13676.0,6619.80419921875,1328.199951171875,63.54999923706055,7337.39013671875,2747.300048828125,25309.990234375,9664.73046875,67.30999755859375
2018-02-26,13652.0,6554.6728515625,1330.699951171875,63.90999984741211,7421.4599609375,2779.60009765625,25709.26953125,10366.7001953125,67.5
2018-02-27,13651.0,6598.92578125,1315.5,63.0099983215332,7330.35009765625,2744.280029296875,25410.029296875,10725.599609375,66.62999725341797
2018-02-28,13694.0,6597.2177734375,1315.5,61.63999938964844,7273.009765625,2713.830078125,25029.19921875,10397.900390625,65.77999877929688
2018-03-01,13756.0,6606.05322265625,1302.9000244140625,60.9900016784668,7180.56005859375,2677.669921875,24608.98046875,10951.0,65.70999908447266
2018-03-02,13741.0,6582.31591796875,1321.0999755859375,61.25,7257.8701171875,2691.25,24538.060546875,11086.400390625,64.37000274658203
2018-03-03,13741.0,6582.31591796875,1321.0999755859375,61.25,7257.8701171875,2691.25,24538.060546875,11489.7001953125,64.37000274658203
2018-03-04,13741.0,6582.31591796875,1321.0999755859375,61.25,7257.8701171875,2691.25,24538.060546875,11512.599609375,64.37000274658203
2018-03-05,13751.0,6550.5927734375,1318.0999755859375,62.56999969482422,7330.7099609375,2720.93994140625,24874.759765625,11573.2998046875,65.54000091552734
2018-03-06,13737.0,6500.11083984375,1333.5999755859375,62.599998474121094,7372.009765625,2728.1201171875,24884.119140625,10779.900390625,65.79000091552734
2018-03-07,13759.0,6368.26708984375,1326.0,61.150001525878906,7396.64990234375,2726.800048828125,24801.359375,9965.5703125,64.33999633789062
2018-03-08,13745.0,6443.02099609375,1319.9000244140625,60.119998931884766,7427.9501953125,2738.969970703125,24895.2109375,9395.009765625,63.61000061035156
2018-03-09,13786.0,6433.32177734375,1322.4000244140625,62.040000915527344,7560.81005859375,2786.570068359375,25335.740234375,9337.5498046875,65.48999786376953
2018-03-10,13786.0,6433.32177734375,1322.4000244140625,62.040000915527344,7560.81005859375,2786.570068359375,25335.740234375,8866.0,65.48999786376953
2018-03-11,13786.0,6433.32177734375,1322.4000244140625,62.040000915527344,7560.81005859375,2786.570068359375,25335.740234375,9578.6298828125,65.48999786376953
2018-03-12,13772.0,6500.68603515625,1319.4000244140625,61.36000061035156,7588.31982421875,2783.02001953125,25178.609375,9205.1201171875,64.94999694824219
2018-03-13,13755.0,6412.84619140625,1325.9000244140625,60.709999084472656,7511.009765625,2765.31005859375,25007.029296875,9194.849609375,64.63999938964844
2018-03-14,13740.0,6382.623046875,1324.4000244140625,60.959999084472656,7496.81005859375,2749.47998046875,24758.119140625,8269.8095703125,64.88999938964844
2018-03-15,13725.0,6321.90380859375,1316.800048828125,61.189998626708984,7481.740234375,2747.330078125,24873.66015625,8300.8603515625,65.12000274658203
2018-03-16,13758.0,6304.9521484375,1311.300048828125,62.34000015258789,7481.990234375,2752.010009765625,24946.509765625,8338.349609375,66.20999908447266
2018-03-17,13758.0,6304.9521484375,1311.300048828125,62.34000015258789,7481.990234375,2752.010009765625,24946.509765625,7916.8798828125,66.20999908447266
2018-03-18,13758.0,6304.9521484375,1311.300048828125,62.34000015258789,7481.990234375,2752.010009765625,24946.509765625,8223.6796875,66.20999908447266
2018-03-19,13748.0,6289.57177734375,1316.800048828125,62.060001373291016,7344.240234375,2712.919921875,24610.91015625,8630.650390625,66.05000305175781
2018-03-20,13771.0,6243.5771484375,1311.0999755859375,63.400001525878906,7364.2998046875,2716.93994140625,24727.26953125,8913.4697265625,67.41999816894531
2018-03-21,13743.0,6312.8310546875,1320.699951171875,65.16999816894531,7345.2900390625,2711.929931640625,24682.310546875,8929.2802734375,69.47000122070312
2018-03-22,13705.0,6254.07421875,1326.5999755859375,64.30000305175781,7166.68017578125,2643.68994140625,23957.890625,8728.4697265625,68.91000366210938
2018-03-23,13754.0,6210.6982421875,1349.300048828125,65.87999725341797,6992.669921875,2588.260009765625,23533.19921875,8879.6201171875,70.44999694824219
2018-03-24,13754.0,6210.6982421875,1349.300048828125,65.87999725341797,6992.669921875,2588.260009765625,23533.19921875,8668.1201171875,70.44999694824219
2018-03-25,13754.0,6210.6982421875,1349.300048828125,65.87999725341797,6992.669921875,2588.260009765625,23533.19921875,8495.7802734375,70.44999694824219
2018-03-26,13762.0,6200.171875,1354.4000244140625,65.55000305175781,7220.5400390625,2658.550048828125,24202.599609375,8209.400390625,70.12000274658203
2018-03-27,13718.0,6209.35009765625,1341.300048828125,65.25,7008.81005859375,2612.6201171875,23857.7109375,7833.0400390625,70.11000061035156
2018-03-28,13740.0,6140.8369140625,1324.199951171875,64.37999725341797,6949.22998046875,2605.0,23848.419921875,7954.47998046875,69.52999877929688
2018-03-29,13756.0,6188.98681640625,1322.800048828125,64.94000244140625,7063.4501953125,2640.8701171875,24103.109375,7165.7001953125,70.2699966430664
2018-03-30,13757.0,6188.98681640625,1322.800048828125,64.94000244140625,7063.4501953125,2640.8701171875,24103.109375,6890.52001953125,70.2699966430664
2018-03-31,13757.0,6188.98681640625,1322.800048828125,64.94000244140625,7063.4501953125,2640.8701171875,24103.109375,6973.52978515625,70.2699966430664
2018-04-01,13757.0,6188.98681640625,1322.800048828125,64.94000244140625,7063.4501953125,2640.8701171875,24103.109375,6844.22998046875,70.2699966430664
2018-04-02,13768.0,6240.57080078125,1342.0999755859375,63.0099983215332,6870.1201171875,2581.8798828125,23644.189453125,7083.7998046875,67.63999938964844
2018-04-03,13748.0,6229.01318359375,1332.800048828125,63.5099983215332,6941.27978515625,2614.449951171875,24033.359375,7456.10986328125,68.12000274658203
2018-04-04,13741.0,6157.09619140625,1335.800048828125,63.369998931884766,7042.10986328125,2644.68994140625,24264.30078125,6853.83984375,68.0199966430664
2018-04-05,13751.0,6183.22705078125,1324.300048828125,63.540000915527344,7076.5498046875,2662.840087890625,24505.220703125,6811.47021484375,68.33000183105469
2018-04-06,13760.0,6175.0517578125,1331.9000244140625,62.060001373291016,6915.10986328125,2604.469970703125,23932.759765625,6636.31982421875,67.11000061035156
2018-04-07,13760.0,6175.0517578125,1331.9000244140625,62.060001373291016,6915.10986328125,2604.469970703125,23932.759765625,6911.08984375,67.11000061035156
2018-04-08,13760.0,6175.0517578125,1331.9000244140625,62.060001373291016,6915.10986328125,2604.469970703125,23932.759765625,7023.52001953125,67.11000061035156
2018-04-09,13763.0,6246.130859375,1336.300048828125,63.41999816894531,6950.33984375,2613.159912109375,23979.099609375,6770.72998046875,68.6500015258789
2018-04-10,13768.0,6325.81787109375,1342.0,65.51000213623047,7094.2998046875,2656.8701171875,24408.0,6834.759765625,71.04000091552734
2018-04-11,13742.099609375,6360.93212890625,1356.5,66.81999969482422,7069.02978515625,2642.18994140625,24189.44921875,6968.31982421875,72.05999755859375
2018-04-12,13753.5,6310.8017578125,1338.4000244140625,67.06999969482422,7140.25,2663.989990234375,24483.05078125,7889.25,72.0199966430664
2018-04-13,13767.0,6270.3271484375,1344.800048828125,67.38999938964844,7106.64990234375,2656.300048828125,24360.140625,7895.9599609375,72.58000183105469
2018-04-14,13767.0,6270.3271484375,1344.800048828125,67.38999938964844,7106.64990234375,2656.300048828125,24360.140625,7986.240234375,72.58000183105469
2018-04-15,13767.0,6270.3271484375,1344.800048828125,67.38999938964844,7106.64990234375,2656.300048828125,24360.140625,8329.1103515625,72.58000183105469
2018-04-16,13733.0,6286.748046875,1347.5,66.22000122070312,7156.27978515625,2677.840087890625,24573.0390625,8058.669921875,71.41999816894531
2018-04-17,13766.0,6285.76220703125,1347.199951171875,66.5199966430664,7281.10009765625,2706.389892578125,24786.630859375,7902.08984375,71.58000183105469
2018-04-18,13757.0,6320.0048828125,1351.199951171875,68.47000122070312,7295.240234375,2708.639892578125,24748.0703125,8163.419921875,73.4800033569336
2018-04-19,13769.0,6355.90087890625,1346.800048828125,68.29000091552734,7238.06005859375,2693.1298828125,24664.890625,8294.3095703125,73.77999877929688
2018-04-20,13800.0,6337.69482421875,1336.699951171875,68.37999725341797,7146.1298828125,2670.139892578125,24462.939453125,8845.830078125,74.05999755859375
2018-04-21,13800.0,6337.69482421875,1336.699951171875,68.37999725341797,7146.1298828125,2670.139892578125,24462.939453125,8895.580078125,74.05999755859375
2018-04-22,13800.0,6337.69482421875,1336.699951171875,68.37999725341797,7146.1298828125,2670.139892578125,24462.939453125,8802.4599609375,74.05999755859375
2018-04-23,13899.0,6308.14794921875,1322.5,68.63999938964844,7128.60009765625,2670.2900390625,24448.689453125,8930.8798828125,74.70999908447266
2018-04-24,13961.0,6229.634765625,1331.4000244140625,67.69999694824219,7007.35009765625,2634.56005859375,24024.130859375,9697.5,73.86000061035156
2018-04-25,13872.0,6079.85009765625,1321.199951171875,68.05000305175781,7003.740234375,2639.39990234375,24083.830078125,8845.740234375,74.0
2018-04-26,13919.0,5909.1982421875,1316.300048828125,68.19000244140625,7118.68017578125,2666.93994140625,24322.33984375,9281.509765625,74.73999786376953
2018-04-27,13879.0,5919.23779296875,1320.300048828125,68.0999984741211,7119.7998046875,2669.909912109375,24311.189453125,8987.0498046875,74.63999938964844
2018-04-28,13879.0,5919.23779296875,1320.300048828125,68.0999984741211,7119.7998046875,2669.909912109375,24311.189453125,9348.48046875,74.63999938964844
2018-04-29,13879.0,5919.23779296875,1320.300048828125,68.0999984741211,7119.7998046875,2669.909912109375,24311.189453125,9419.080078125,74.63999938964844
2018-04-30,13870.0,5994.59521484375,1316.199951171875,68.56999969482422,7066.27001953125,2648.050048828125,24163.150390625,9240.5498046875,75.16999816894531
2018-05-01,13901.0,5994.59521484375,1303.800048828125,67.25,7130.7001953125,2654.800048828125,24099.05078125,9119.009765625,75.16999816894531
2018-05-02,13982.2998046875,6012.23779296875,1302.5999755859375,67.93000030517578,7100.89990234375,2635.669921875,23924.98046875,9235.919921875,73.36000061035156
2018-05-03,14002.2998046875,5858.73193359375,1310.699951171875,68.43000030517578,7088.14990234375,2629.72998046875,23930.150390625,9743.8603515625,73.62000274658203
2018-05-04,13931.0,5792.34521484375,1312.699951171875,69.72000122070312,7209.6201171875,2663.419921875,24262.509765625,9700.759765625,74.87000274658203
2018-05-05,13931.0,5792.34521484375,1312.699951171875,69.72000122070312,7209.6201171875,2663.419921875,24262.509765625,9858.150390625,74.87000274658203
2018-05-06,13931.0,5792.34521484375,1312.699951171875,69.72000122070312,7209.6201171875,2663.419921875,24262.509765625,9654.7998046875,74.87000274658203
2018-05-07,13933.0,5885.09814453125,1312.199951171875,70.7300033569336,7265.2099609375,2672.6298828125,24357.3203125,9373.009765625,76.16999816894531
2018-05-08,14268.5,5774.7158203125,1312.0,69.05999755859375,7266.89990234375,2671.919921875,24360.2109375,9234.8203125,74.8499984741211
2018-05-09,14264.099609375,5907.93798828125,1311.300048828125,71.13999938964844,7339.91015625,2697.7900390625,24542.5390625,9325.1796875,77.20999908447266
2018-05-10,14073.0,5907.93798828125,1320.800048828125,71.36000061035156,7404.97021484375,2723.070068359375,24739.529296875,9043.9404296875,77.47000122070312
2018-05-11,14073.0,5956.83203125,1319.0,70.69999694824219,7402.8798828125,2727.719970703125,24831.169921875,8441.490234375,77.12000274658203
2018-05-12,14073.0,5956.83203125,1319.0,70.69999694824219,7402.8798828125,2727.719970703125,24831.169921875,8504.8896484375,77.12000274658203
2018-05-13,14073.0,5956.83203125,1319.0,70.69999694824219,7402.8798828125,2727.719970703125,24831.169921875,8723.9404296875,77.12000274658203
2018-05-14,13943.0,5947.15478515625,1316.5,70.95999908447266,7411.31982421875,2730.1298828125,24899.41015625,8716.7900390625,78.2300033569336
2018-05-15,13963.0,5838.1162109375,1288.9000244140625,71.30999755859375,7351.6298828125,2711.449951171875,24706.41015625,8510.3798828125,78.43000030517578
2018-05-16,14030.0,5841.4638671875,1290.199951171875,71.48999786376953,7398.2998046875,2722.4599609375,24768.9296875,8368.830078125,79.27999877929688
2018-05-17,14149.2001953125,5815.919921875,1288.199951171875,71.48999786376953,7382.47021484375,2720.1298828125,24713.98046875,8094.31982421875,79.30000305175781
2018-05-18,14153.5,5783.31005859375,1290.199951171875,71.27999877929688,7354.33984375,2712.969970703125,24715.08984375,8250.9697265625,78.51000213623047
2018-05-19,14153.5,5783.31005859375,1290.199951171875,71.27999877929688,7354.33984375,2712.969970703125,24715.08984375,8247.1796875,78.51000213623047
2018-05-20,14153.5,5783.31005859375,1290.199951171875,71.27999877929688,7354.33984375,2712.969970703125,24715.08984375,8513.25,78.51000213623047
2018-05-21,14163.0,5733.85400390625,1290.199951171875,72.23999786376953,7394.0400390625,2733.010009765625,25013.2890625,8418.990234375,79.22000122070312
2018-05-22,14220.0,5751.119140625,1291.699951171875,72.12999725341797,7378.4599609375,2724.43994140625,24834.41015625,8041.77978515625,79.56999969482422
2018-05-23,14200.7998046875,5792.0009765625,1289.300048828125,71.83999633789062,7425.9599609375,2733.2900390625,24886.810546875,7557.81982421875,79.80000305175781
2018-05-24,14169.0,5946.5380859375,1303.699951171875,70.70999908447266,7424.43017578125,2727.760009765625,24811.759765625,7587.33984375,78.79000091552734
2018-05-25,14124.0,5975.7421875,1303.300048828125,67.87999725341797,7433.85009765625,2721.330078125,24753.08984375,7480.14013671875,76.44000244140625
2018-05-26,14124.0,5975.7421875,1303.300048828125,67.87999725341797,7433.85009765625,2721.330078125,24753.08984375,7355.8798828125,76.44000244140625
2018-05-27,14124.0,5975.7421875,1303.300048828125,67.87999725341797,7433.85009765625,2721.330078125,24753.08984375,7368.22021484375,76.44000244140625
2018-05-28,14078.0,6068.3251953125,1303.300048828125,67.87999725341797,7433.85009765625,2721.330078125,24753.08984375,7135.990234375,76.44000244140625
2018-05-29,14010.0,6068.3251953125,1298.699951171875,66.7300033569336,7396.58984375,2689.860107421875,24361.44921875,7472.58984375,75.38999938964844
2018-05-30,14029.0,6011.05517578125,1301.5,68.20999908447266,7462.4501953125,2724.010009765625,24667.779296875,7406.52001953125,77.5
2018-05-31,13977.0,5983.5869140625,1300.0999755859375,67.04000091552734,7442.1201171875,2705.27001953125,24415.83984375,7494.169921875,77.58999633789062
2018-06-01,13880.0,5983.5869140625,1294.800048828125,65.80999755859375,7554.330078125,2734.6201171875,24635.2109375,7541.4501953125,77.58999633789062
2018-06-02,13880.0,5983.5869140625,1294.800048828125,65.80999755859375,7554.330078125,2734.6201171875,24635.2109375,7643.4501953125,77.58999633789062
2018-06-03,13880.0,5983.5869140625,1294.800048828125,65.80999755859375,7554.330078125,2734.6201171875,24635.2109375,7720.25,77.58999633789062
2018-06-04,13938.0,6014.81884765625,1293.0999755859375,64.75,7606.4599609375,2746.8701171875,24813.689453125,7514.47021484375,75.29000091552734
2018-06-05,13860.0,6088.7900390625,1297.5,65.5199966430664,7637.85986328125,2748.800048828125,24799.98046875,7633.759765625,75.37999725341797
2018-06-06,13870.0,6069.712890625,1297.0999755859375,64.7300033569336,7689.240234375,2772.35009765625,25146.390625,7653.97998046875,75.36000061035156
2018-06-07,13822.0,6106.6982421875,1298.699951171875,65.94999694824219,7635.06982421875,2770.3701171875,25241.41015625,7678.240234375,77.31999969482422
2018-06-08,13863.0,5993.626953125,1298.0999755859375,65.73999786376953,7645.509765625,2779.030029296875,25316.529296875,7624.919921875,76.45999908447266
2018-06-09,13863.0,5993.626953125,1298.0999755859375,65.73999786376953,7645.509765625,2779.030029296875,25316.529296875,7531.97998046875,76.45999908447266
2018-06-10,13863.0,5993.626953125,1298.0999755859375,65.73999786376953,7645.509765625,2779.030029296875,25316.529296875,6786.02001953125,76.45999908447266
2018-06-11,13866.0,5993.626953125,1298.9000244140625,66.0999984741211,7659.93017578125,2782.0,25322.310546875,6906.919921875,76.45999908447266
2018-06-12,13923.0,5993.626953125,1295.0999755859375,66.36000061035156,7703.7900390625,2786.85009765625,25320.73046875,6582.35986328125,75.87999725341797
2018-06-13,13923.0,5993.626953125,1296.9000244140625,66.63999938964844,7695.7001953125,2775.6298828125,25201.19921875,6349.89990234375,76.73999786376953
2018-06-14,13923.0,5993.626953125,1304.0,66.88999938964844,7761.0400390625,2782.489990234375,25175.310546875,6675.35009765625,75.94000244140625
2018-06-15,14121.400390625,5993.626953125,1274.5999755859375,65.05999755859375,7746.3798828125,2779.659912109375,25090.48046875,6456.580078125,73.44000244140625
2018-06-16,14121.400390625,5993.626953125,1274.5999755859375,65.05999755859375,7746.3798828125,2779.659912109375,25090.48046875,6550.16015625,73.44000244140625
2018-06-17,14121.400390625,5993.626953125,1274.5999755859375,65.05999755859375,7746.3798828125,2779.659912109375,25090.48046875,6499.27001953125,73.44000244140625
2018-06-18,13923.0,5993.626953125,1276.199951171875,65.8499984741211,7747.02978515625,2773.75,24987.470703125,6734.81982421875,75.33999633789062
2018-06-19,13923.0,5993.626953125,1275.5999755859375,65.06999969482422,7725.58984375,2762.590087890625,24700.2109375,6769.93994140625,75.08000183105469
2018-06-20,13923.0,5884.0390625,1271.199951171875,66.22000122070312,7781.509765625,2767.320068359375,24657.80078125,6776.5498046875,74.73999786376953
2018-06-21,13923.0,5822.3330078125,1267.199951171875,65.54000091552734,7712.9501953125,2749.760009765625,24461.69921875,6729.740234375,73.05000305175781
2018-06-22,14088.0,5821.81201171875,1267.4000244140625,68.58000183105469,7692.81982421875,2754.8798828125,24580.890625,6083.68994140625,75.55000305175781
2018-06-23,14088.0,5821.81201171875,1267.4000244140625,68.58000183105469,7692.81982421875,2754.8798828125,24580.890625,6162.47998046875,75.55000305175781
2018-06-24,14088.0,5821.81201171875,1267.4000244140625,68.58000183105469,7692.81982421875,2754.8798828125,24580.890625,6173.22998046875,75.55000305175781
2018-06-25,14073.0,5859.0830078125,1265.5999755859375,68.08000183105469,7532.009765625,2717.070068359375,24252.80078125,6249.18017578125,74.7300033569336
2018-06-26,14148.0,5825.64892578125,1256.5999755859375,70.52999877929688,7561.6298828125,2723.06005859375,24283.109375,6093.669921875,76.30999755859375
2018-06-27,14188.0,5787.5517578125,1252.800048828125,72.76000213623047,7445.080078125,2699.6298828125,24117.58984375,6157.1298828125,77.62000274658203
2018-06-28,14235.0,5667.31884765625,1247.800048828125,73.44999694824219,7503.68017578125,2716.31005859375,24216.05078125,5903.43994140625,77.8499984741211
2018-06-29,14350.0,5799.23681640625,1251.300048828125,74.1500015258789,7510.2998046875,2718.3701171875,24271.41015625,6218.2998046875,79.44000244140625
2018-06-30,14350.0,5799.23681640625,1251.300048828125,74.1500015258789,7510.2998046875,2718.3701171875,24271.41015625,6404.0,79.44000244140625
2018-07-01,14350.0,5799.23681640625,1251.300048828125,74.1500015258789,7510.2998046875,2718.3701171875,24271.41015625,6385.81982421875,79.44000244140625
2018-07-02,14317.0,5746.77001953125,1239.800048828125,73.94000244140625,7567.68994140625,2726.7099609375,24307.1796875,6614.18017578125,77.30000305175781
2018-07-03,14347.0,5633.93701171875,1251.5999755859375,74.13999938964844,7502.669921875,2713.219970703125,24174.8203125,6529.58984375,77.76000213623047
2018-07-04,14353.0,5733.63916015625,1251.5999755859375,74.13999938964844,7502.669921875,2713.219970703125,24174.8203125,6597.5498046875,77.76000213623047
2018-07-05,14400.0,5739.33203125,1257.300048828125,72.94000244140625,7586.43017578125,2736.610107421875,24356.740234375,6639.14013671875,77.38999938964844
2018-07-06,14378.7998046875,5694.912109375,1254.300048828125,73.80000305175781,7688.39013671875,2759.820068359375,24456.48046875,6673.5,77.11000061035156
2018-07-07,14378.7998046875,5694.912109375,1254.300048828125,73.80000305175781,7688.39013671875,2759.820068359375,24456.48046875,6856.93017578125,77.11000061035156
2018-07-08,14378.7998046875,5694.912109375,1254.300048828125,73.80000305175781,7688.39013671875,2759.820068359375,24456.48046875,6773.8798828125,77.11000061035156
2018-07-09,14307.0,5807.375,1258.0999755859375,73.8499984741211,7756.2001953125,2784.169921875,24776.58984375,6741.75,78.06999969482422
2018-07-10,14311.0,5881.759765625,1253.800048828125,74.11000061035156,7759.2001953125,2793.840087890625,24919.66015625,6329.9501953125,78.86000061035156
2018-07-11,14375.0,5893.35888671875,1242.800048828125,70.37999725341797,7716.60986328125,2774.02001953125,24700.44921875,6394.7099609375,73.4000015258789
2018-07-12,14378.0,5907.8720703125,1245.0,70.33000183105469,7823.919921875,2798.2900390625,24924.890625,6228.81005859375,74.44999694824219
2018-07-13,14385.0,5944.07421875,1239.5999755859375,71.01000213623047,7825.97998046875,2801.31005859375,25019.41015625,6238.0498046875,75.33000183105469
2018-07-14,14385.0,5944.07421875,1239.5999755859375,71.01000213623047,7825.97998046875,2801.31005859375,25019.41015625,6276.1201171875,75.33000183105469
2018-07-15,14385.0,5944.07421875,1239.5999755859375,71.01000213623047,7825.97998046875,2801.31005859375,25019.41015625,6359.64013671875,75.33000183105469
2018-07-16,14373.0,5905.158203125,1238.0999755859375,68.05999755859375,7805.72021484375,2798.429931640625,25064.359375,6741.75,71.83999633789062
2018-07-17,14365.5,5861.5078125,1225.699951171875,68.08000183105469,7855.1201171875,2809.550048828125,25119.890625,7321.0400390625,72.16000366210938
2018-07-18,14377.0,5890.73095703125,1226.300048828125,68.76000213623047,7854.43994140625,2815.6201171875,25199.2890625,7370.77978515625,72.9000015258789
2018-07-19,14441.0,5871.0771484375,1222.4000244140625,69.45999908447266,7825.2998046875,2804.489990234375,25064.5,7466.85986328125,72.58000183105469
2018-07-20,14468.0,5872.7841796875,1229.5,70.45999908447266,7820.2001953125,2801.830078125,25058.119140625,7354.1298828125,73.06999969482422
2018-07-21,14468.0,5872.7841796875,1229.5,70.45999908447266,7820.2001953125,2801.830078125,25058.119140625,7419.2900390625,73.06999969482422
2018-07-22,14468.0,5872.7841796875,1229.5,70.45999908447266,7820.2001953125,2801.830078125,25058.119140625,7418.490234375,73.06999969482422
2018-07-23,14473.0,5915.7958984375,1224.0,67.88999938964844,7841.8701171875,2806.97998046875,25044.2890625,7711.10986328125,73.05999755859375
2018-07-24,14567.5,5931.841796875,1223.9000244140625,68.5199966430664,7840.77001953125,2820.39990234375,25241.939453125,8424.26953125,73.44000244140625
2018-07-25,14543.2998046875,5933.88916015625,1231.4000244140625,69.30000305175781,7932.240234375,2846.070068359375,25414.099609375,8181.39013671875,73.93000030517578
2018-07-26,14465.0,5946.13623046875,1225.300048828125,69.61000061035156,7852.18017578125,2837.43994140625,25527.0703125,7951.580078125,74.54000091552734
2018-07-27,14525.0,5989.13623046875,1222.5999755859375,68.69000244140625,7737.419921875,2818.820068359375,25451.060546875,8165.009765625,74.29000091552734
2018-07-28,14525.0,5989.13623046875,1222.5999755859375,68.69000244140625,7737.419921875,2818.820068359375,25451.060546875,8192.150390625,74.29000091552734
2018-07-29,14525.0,5989.13623046875,1222.5999755859375,68.69000244140625,7737.419921875,2818.820068359375,25451.060546875,8218.4599609375,74.29000091552734
2018-07-30,14411.0,6027.93603515625,1221.300048828125,70.12999725341797,7630.0,2802.60009765625,25306.830078125,8180.47998046875,74.97000122070312
2018-07-31,14403.0,5936.44287109375,1223.699951171875,68.76000213623047,7671.7900390625,2816.2900390625,25415.189453125,7780.43994140625,74.25
2018-08-01,14409.2001953125,6033.4189453125,1217.9000244140625,67.66000366210938,7707.2900390625,2813.360107421875,25333.8203125,7624.91015625,74.25
2018-08-02,14489.0,6011.72314453125,1210.5999755859375,68.95999908447266,7802.68994140625,2827.219970703125,25326.16015625,7567.14990234375,73.44999694824219
2018-08-03,14521.0,6007.5380859375,1214.199951171875,68.48999786376953,7812.009765625,2840.35009765625,25462.580078125,7434.39013671875,73.20999908447266
2018-08-04,14521.0,6007.5380859375,1214.199951171875,68.48999786376953,7812.009765625,2840.35009765625,25462.580078125,7032.85009765625,73.20999908447266
2018-08-05,14521.0,6007.5380859375,1214.199951171875,68.48999786376953,7812.009765625,2840.35009765625,25462.580078125,7068.47998046875,73.20999908447266
2018-08-06,14486.0,6101.130859375,1208.5999755859375,69.01000213623047,7859.68017578125,2850.39990234375,25502.1796875,6951.7998046875,73.75
2018-08-07,14543.2998046875,6091.25,1209.5999755859375,69.16999816894531,7883.66015625,2858.449951171875,25628.91015625,6753.1201171875,74.6500015258789
2018-08-08,14422.0,6094.8291015625,1212.5999755859375,66.94000244140625,7888.330078125,2857.699951171875,25583.75,6305.7998046875,72.27999877929688
2018-08-09,14398.0,6065.255859375,1211.9000244140625,66.80999755859375,7891.77978515625,2853.580078125,25509.23046875,6568.22998046875,72.06999969482422
2018-08-10,14472.0,6077.1728515625,1211.0999755859375,67.62999725341797,7839.10986328125,2833.280029296875,25313.140625,6184.7099609375,72.80999755859375
2018-08-11,14472.0,6077.1728515625,1211.0999755859375,67.62999725341797,7839.10986328125,2833.280029296875,25313.140625,6295.72998046875,72.80999755859375
2018-08-12,14472.0,6077.1728515625,1211.0999755859375,67.62999725341797,7839.10986328125,2833.280029296875,25313.140625,6322.68994140625,72.80999755859375
2018-08-13,14473.0,5861.24609375,1191.300048828125,67.19999694824219,7819.7099609375,2821.929931640625,25187.69921875,6297.56982421875,72.61000061035156
2018-08-14,14594.0,5769.873046875,1193.0,67.04000091552734,7870.89013671875,2839.9599609375,25299.919921875,6199.7099609375,72.45999908447266
2018-08-15,14642.0,5816.58984375,1177.5,65.01000213623047,7774.1201171875,2818.3701171875,25162.41015625,6308.52001953125,70.76000213623047
2018-08-16,14555.7998046875,5783.7978515625,1176.199951171875,65.45999908447266,7806.52001953125,2840.68994140625,25558.73046875,6334.72998046875,71.43000030517578
2018-08-17,14598.599609375,5783.7978515625,1176.5,65.91000366210938,7816.330078125,2850.1298828125,25669.3203125,6580.6298828125,71.83000183105469
2018-08-18,14598.599609375,5783.7978515625,1176.5,65.91000366210938,7816.330078125,2850.1298828125,25669.3203125,6423.759765625,71.83000183105469
2018-08-19,14598.599609375,5783.7978515625,1176.5,65.91000366210938,7816.330078125,2850.1298828125,25669.3203125,6506.06982421875,71.83000183105469
2018-08-20,14572.0,5892.19189453125,1186.800048828125,66.43000030517578,7821.009765625,2857.050048828125,25758.689453125,6308.52978515625,72.20999908447266
2018-08-21,14562.0,5944.30078125,1192.5999755859375,67.3499984741211,7859.169921875,2862.9599609375,25822.2890625,6488.759765625,72.62999725341797
2018-08-22,14570.0,5944.30078125,1196.300048828125,67.86000061035156,7889.10009765625,2861.820068359375,25733.599609375,6376.7099609375,74.77999877929688
2018-08-23,14572.0,5982.98486328125,1187.0,67.83000183105469,7878.4599609375,2856.97998046875,25656.98046875,6534.8798828125,74.7300033569336
2018-08-24,14664.0,5968.75,1206.300048828125,68.72000122070312,7945.97998046875,2874.68994140625,25790.349609375,6719.9599609375,75.81999969482422
2018-08-25,14664.0,5968.75,1206.300048828125,68.72000122070312,7945.97998046875,2874.68994140625,25790.349609375,6763.18994140625,75.81999969482422
2018-08-26,14664.0,5968.75,1206.300048828125,68.72000122070312,7945.97998046875,2874.68994140625,25790.349609375,6707.259765625,75.81999969482422
2018-08-27,14559.0,6025.9677734375,1209.0,68.87000274658203,8017.89990234375,2896.739990234375,26049.640625,6884.64013671875,76.20999908447266
2018-08-28,14551.0,6042.64990234375,1207.4000244140625,68.52999877929688,8030.0400390625,2897.52001953125,26064.01953125,7096.27978515625,75.94999694824219
2018-08-29,14653.0,6065.14892578125,1204.5,69.51000213623047,8109.68994140625,2914.0400390625,26124.5703125,7047.16015625,77.13999938964844
2018-08-30,14618.0,6018.9638671875,1197.699951171875,70.25,8088.35986328125,2901.1298828125,25986.919921875,6978.22998046875,77.7699966430664
2018-08-31,14751.0,6018.4599609375,1200.300048828125,69.80000305175781,8109.5400390625,2901.52001953125,25964.8203125,7037.580078125,77.41999816894531
2018-09-01,14751.0,6018.4599609375,1200.300048828125,69.80000305175781,8109.5400390625,2901.52001953125,25964.8203125,7193.25,77.41999816894531
2018-09-02,14751.0,6018.4599609375,1200.300048828125,69.80000305175781,8109.5400390625,2901.52001953125,25964.8203125,7272.72021484375,77.41999816894531
2018-09-03,14723.0,5967.5791015625,1200.300048828125,69.80000305175781,8109.5400390625,2901.52001953125,25964.8203125,7260.06005859375,77.41999816894531
2018-09-04,14832.0,5905.30078125,1192.699951171875,69.87000274658203,8091.25,2896.719970703125,25952.48046875,7361.66015625,78.16999816894531
2018-09-05,14930.0,5683.5009765625,1194.9000244140625,68.72000122070312,7995.169921875,2888.60009765625,25974.990234375,6792.830078125,77.2699966430664
2018-09-06,14979.900390625,5776.09521484375,1197.9000244140625,67.7699966430664,7922.72998046875,2878.050048828125,25995.869140625,6529.169921875,76.5
2018-09-07,14893.0,5851.46484375,1193.5999755859375,67.75,7902.5400390625,2871.679931640625,25916.5390625,6467.06982421875,76.83000183105469
2018-09-08,14893.0,5851.46484375,1193.5999755859375,67.75,7902.5400390625,2871.679931640625,25916.5390625,6225.97998046875,76.83000183105469
2018-09-09,14893.0,5851.46484375,1193.5999755859375,67.75,7902.5400390625,2871.679931640625,25916.5390625,6300.85986328125,76.83000183105469
2018-09-10,14813.0,5831.1171875,1193.0,67.54000091552734,7924.16015625,2877.1298828125,25857.0703125,6329.7001953125,77.37000274658203
2018-09-11,14844.5,5831.1171875,1195.4000244140625,69.25,7972.47021484375,2887.889892578125,25971.060546875,6321.2001953125,79.05999755859375
2018-09-12,14837.0,5798.15087890625,1204.699951171875,70.37000274658203,7954.22998046875,2888.919921875,25998.919921875,6351.7998046875,79.73999786376953
2018-09-13,14807.0,5858.27392578125,1202.0,68.58999633789062,8013.7099609375,2904.179931640625,26145.990234375,6517.31005859375,78.18000030517578
2018-09-14,14740.0,5931.28076171875,1195.0,68.98999786376953,8010.0400390625,2904.97998046875,26154.669921875,6512.7099609375,78.08999633789062
2018-09-15,14740.0,5931.28076171875,1195.0,68.98999786376953,8010.0400390625,2904.97998046875,26154.669921875,6543.2001953125,78.08999633789062
2018-09-16,14740.0,5931.28076171875,1195.0,68.98999786376953,8010.0400390625,2904.97998046875,26154.669921875,6517.18017578125,78.08999633789062
2018-09-17,14807.0,5824.2568359375,1199.699951171875,68.91000366210938,7895.7900390625,2888.800048828125,26062.119140625,6281.2001953125,78.05000305175781
2018-09-18,14907.099609375,5811.7900390625,1196.800048828125,69.8499984741211,7956.10986328125,2904.31005859375,26246.9609375,6371.2998046875,79.02999877929688
2018-09-19,14867.0,5873.59716796875,1202.199951171875,71.12000274658203,7950.0400390625,2907.949951171875,26405.759765625,6398.5400390625,79.4000015258789
2018-09-20,14880.0,5931.26611328125,1206.199951171875,70.80000305175781,8028.22998046875,2930.75,26656.98046875,6519.669921875,78.69999694824219
2018-09-21,14832.0,5957.744140625,1196.199951171875,70.77999877929688,7986.9599609375,2929.669921875,26743.5,6734.9501953125,78.80000305175781
2018-09-22,14832.0,5957.744140625,1196.199951171875,70.77999877929688,7986.9599609375,2929.669921875,26743.5,6721.97998046875,78.80000305175781
2018-09-23,14832.0,5957.744140625,1196.199951171875,70.77999877929688,7986.9599609375,2929.669921875,26743.5,6710.6298828125,78.80000305175781
2018-09-24,14812.0,5882.22021484375,1199.300048828125,72.08000183105469,7993.25,2919.3701171875,26562.05078125,6595.41015625,81.19999694824219
2018-09-25,14861.0,5874.298828125,1200.0,72.27999877929688,8007.47021484375,2915.56005859375,26492.2109375,6446.47021484375,81.87000274658203
2018-09-26,15021.5,5873.27099609375,1194.0,71.56999969482422,7990.3701171875,2905.969970703125,26385.279296875,6495.0,81.33999633789062
2018-09-27,14985.0,5929.2158203125,1182.300048828125,72.12000274658203,8041.97021484375,2914.0,26439.9296875,6676.75,81.72000122070312
2018-09-28,14918.7998046875,5976.55322265625,1191.5,73.25,8046.35009765625,2913.97998046875,26458.310546875,6644.1298828125,82.72000122070312
2018-09-29,14918.7998046875,5976.55322265625,1191.5,73.25,8046.35009765625,2913.97998046875,26458.310546875,6601.9599609375,82.72000122070312
2018-09-30,14918.7998046875,5976.55322265625,1191.5,73.25,8046.35009765625,2913.97998046875,26458.310546875,6625.56005859375,82.72000122070312
2018-10-01,14902.0,5944.60107421875,1187.0999755859375,75.30000305175781,8037.2998046875,2924.590087890625,26651.2109375,6589.6201171875,84.9800033569336
2018-10-02,15053.2998046875,5875.619140625,1202.4000244140625,75.2300033569336,7999.5498046875,2923.429931640625,26773.939453125,6556.10009765625,84.80000305175781
2018-10-03,15038.0,5867.73681640625,1198.300048828125,76.41000366210938,8025.08984375,2925.510009765625,26828.390625,6502.58984375,86.29000091552734
2018-10-04,15139.2001953125,5756.619140625,1197.199951171875,74.33000183105469,7879.509765625,2901.610107421875,26627.48046875,6576.68994140625,84.58000183105469
2018-10-05,15408.900390625,5731.93505859375,1201.199951171875,74.33999633789062,7788.4501953125,2885.570068359375,26447.05078125,6622.47998046875,84.16000366210938
2018-10-06,15408.900390625,5731.93505859375,1201.199951171875,74.33999633789062,7788.4501953125,2885.570068359375,26447.05078125,6588.31005859375,84.16000366210938
2018-10-07,15408.900390625,5731.93505859375,1201.199951171875,74.33999633789062,7788.4501953125,2885.570068359375,26447.05078125,6602.9501953125,84.16000366210938
2018-10-08,15173.0,5761.0732421875,1184.4000244140625,74.29000091552734,7735.9501953125,2884.429931640625,26486.779296875,6652.22998046875,83.91000366210938
2018-10-09,15400.0,5796.7900390625,1187.199951171875,74.95999908447266,7738.02001953125,2880.340087890625,26430.5703125,6642.64013671875,85.0
2018-10-10,15223.0,5820.66796875,1189.300048828125,73.16999816894531,7422.0498046875,2785.679931640625,25598.740234375,6585.52978515625,83.08999633789062
2018-10-11,15196.0,5702.82177734375,1223.5,70.97000122070312,7329.06005859375,2728.3701171875,25052.830078125,6256.240234375,80.26000213623047
2018-10-12,15299.2001953125,5756.490234375,1218.0999755859375,71.33999633789062,7496.89013671875,2767.1298828125,25339.990234375,6274.580078125,80.43000030517578
2018-10-13,15299.2001953125,5756.490234375,1218.0999755859375,71.33999633789062,7496.89013671875,2767.1298828125,25339.990234375,6285.990234375,80.43000030517578
2018-10-14,15299.2001953125,5756.490234375,1218.0999755859375,71.33999633789062,7496.89013671875,2767.1298828125,25339.990234375,6290.93017578125,80.43000030517578
2018-10-15,15198.0,5727.255859375,1226.4000244140625,71.77999877929688,7430.740234375,2750.7900390625,25250.55078125,6596.5400390625,80.77999877929688
2018-10-16,15193.7998046875,5800.81689453125,1227.300048828125,71.91999816894531,7645.490234375,2809.919921875,25798.419921875,6596.10986328125,81.41000366210938
2018-10-17,15193.0,5868.6201171875,1223.699951171875,69.75,7642.7001953125,2809.2099609375,25706.6796875,6544.43017578125,80.05000305175781
2018-10-18,15264.2998046875,5845.2421875,1226.5,68.6500015258789,7485.14013671875,2768.780029296875,25379.44921875,6476.7099609375,79.29000091552734
2018-10-19,15328.5,5837.291015625,1225.300048828125,69.12000274658203,7449.02978515625,2767.780029296875,25444.33984375,6465.41015625,79.77999877929688
2018-10-20,15328.5,5837.291015625,1225.300048828125,69.12000274658203,7449.02978515625,2767.780029296875,25444.33984375,6489.18994140625,79.77999877929688
2018-10-21,15328.5,5837.291015625,1225.300048828125,69.12000274658203,7449.02978515625,2767.780029296875,25444.33984375,6482.35009765625,79.77999877929688
2018-10-22,15181.0,5840.43505859375,1221.199951171875,69.16999816894531,7468.6298828125,2755.8798828125,25317.41015625,6487.16015625,79.83000183105469
2018-10-23,15264.7001953125,5797.89111328125,1233.4000244140625,66.43000030517578,7437.5400390625,2740.68994140625,25191.4296875,6475.740234375,76.44000244140625
2018-10-24,15183.0,5709.4169921875,1227.800048828125,66.81999969482422,7108.39990234375,2656.10009765625,24583.419921875,6495.83984375,76.16999816894531
2018-10-25,15269.5,5754.96484375,1229.0999755859375,67.33000183105469,7318.33984375,2705.570068359375,24984.55078125,6476.2900390625,76.88999938964844
2018-10-26,15257.2998046875,5784.9208984375,1232.5,67.58999633789062,7167.2099609375,2658.68994140625,24688.310546875,6474.75,77.62000274658203
2018-10-27,15257.2998046875,5784.9208984375,1232.5,67.58999633789062,7167.2099609375,2658.68994140625,24688.310546875,6480.3798828125,77.62000274658203
2018-10-28,15257.2998046875,5784.9208984375,1232.5,67.58999633789062,7167.2099609375,2658.68994140625,24688.310546875,6486.39013671875,77.62000274658203
2018-10-29,15210.0,5754.60693359375,1224.5,67.04000091552734,7050.2900390625,2641.25,24442.919921875,6332.6298828125,77.33999633789062
2018-10-30,15297.7998046875,5789.10009765625,1222.5999755859375,66.18000030517578,7161.64990234375,2682.6298828125,24874.640625,6334.27001953125,75.91000366210938
2018-10-31,15273.099609375,5831.64990234375,1212.300048828125,65.30999755859375,7305.89990234375,2711.739990234375,25115.759765625,6317.60986328125,75.47000122070312
2018-11-01,15196.0,5835.919921875,1236.0,63.689998626708984,7434.06005859375,2740.3701171875,25380.740234375,6377.77978515625,75.5
2018-11-02,15068.7001953125,5906.2919921875,1230.9000244140625,63.13999938964844,7356.990234375,2723.06005859375,25270.830078125,6388.43994140625,72.83000183105469
2018-11-03,15068.7001953125,5906.2919921875,1230.9000244140625,63.13999938964844,7356.990234375,2723.06005859375,25270.830078125,6361.259765625,72.83000183105469
2018-11-04,15068.7001953125,5906.2919921875,1230.9000244140625,63.13999938964844,7356.990234375,2723.06005859375,25270.830078125,6376.1298828125,72.83000183105469
2018-11-05,14946.0,5920.59423828125,1229.800048828125,63.099998474121094,7328.85009765625,2738.31005859375,25461.69921875,6419.66015625,73.16999816894531
2018-11-06,14921.599609375,5923.93017578125,1223.800048828125,62.209999084472656,7375.9599609375,2755.449951171875,25635.009765625,6461.009765625,72.12999725341797
2018-11-07,14830.0,5939.88623046875,1226.199951171875,61.66999816894531,7570.75,2813.889892578125,26180.30078125,6530.14013671875,72.06999969482422
2018-11-08,14598.900390625,5976.80615234375,1222.9000244140625,60.66999816894531,7530.8798828125,2806.830078125,26191.220703125,6453.72021484375,70.6500015258789
2018-11-09,14720.0,5874.15380859375,1206.4000244140625,60.189998626708984,7406.89990234375,2781.010009765625,25989.30078125,6385.6201171875,70.18000030517578
2018-11-10,14720.0,5874.15380859375,1206.4000244140625,60.189998626708984,7406.89990234375,2781.010009765625,25989.30078125,6409.22021484375,70.18000030517578
2018-11-11,14720.0,5874.15380859375,1206.4000244140625,60.189998626708984,7406.89990234375,2781.010009765625,25989.30078125,6411.27001953125,70.18000030517578
2018-11-12,14678.0,5777.05322265625,1201.300048828125,59.93000030517578,7200.8701171875,2726.219970703125,25387.1796875,6371.27001953125,70.12000274658203
2018-11-13,14808.0,5835.1982421875,1199.199951171875,55.689998626708984,7200.8701171875,2722.179931640625,25286.490234375,6359.490234375,65.47000122070312
2018-11-14,14794.2998046875,5858.29296875,1207.9000244140625,56.25,7136.39013671875,2701.580078125,25080.5,5738.35009765625,66.12000274658203
2018-11-15,14813.2998046875,5955.73583984375,1212.800048828125,56.459999084472656,7259.02978515625,2730.199951171875,25289.26953125,5648.02978515625,66.62000274658203
2018-11-16,14562.2001953125,6012.35009765625,1220.800048828125,56.459999084472656,7247.8701171875,2736.27001953125,25413.220703125,5575.5498046875,66.76000213623047
2018-11-17,14562.2001953125,6012.35009765625,1220.800048828125,56.459999084472656,7247.8701171875,2736.27001953125,25413.220703125,5554.330078125,66.76000213623047
2018-11-18,14562.2001953125,6012.35009765625,1220.800048828125,56.459999084472656,7247.8701171875,2736.27001953125,25413.220703125,5623.5400390625,66.76000213623047
2018-11-19,14605.0,6005.296875,1223.0999755859375,56.7599983215332,7028.47998046875,2690.72998046875,25017.439453125,4871.490234375,66.79000091552734
2018-11-20,14652.7001953125,6005.296875,1219.0,53.43000030517578,6908.81982421875,2641.889892578125,24465.640625,4451.8701171875,62.529998779296875
2018-11-21,14664.2998046875,5948.0517578125,1225.800048828125,54.630001068115234,6972.25,2649.929931640625,24464.689453125,4602.169921875,63.47999954223633
2018-11-22,14630.0,5990.81005859375,1225.800048828125,54.630001068115234,6972.25,2649.929931640625,24464.689453125,4365.93994140625,63.47999954223633
2018-11-23,14600.0,6006.2021484375,1221.0,50.41999816894531,6938.97998046875,2632.56005859375,24285.94921875,4347.10986328125,58.79999923706055
2018-11-24,14600.0,6006.2021484375,1221.0,50.41999816894531,6938.97998046875,2632.56005859375,24285.94921875,3880.760009765625,58.79999923706055
2018-11-25,14600.0,6006.2021484375,1221.0,50.41999816894531,6938.97998046875,2632.56005859375,24285.94921875,4009.969970703125,58.79999923706055
2018-11-26,14533.0,6022.77783203125,1220.199951171875,51.630001068115234,7081.85009765625,2673.449951171875,24640.240234375,3779.1298828125,60.47999954223633
2018-11-27,14526.900390625,6013.5888671875,1211.199951171875,51.560001373291016,7082.7001953125,2682.169921875,24748.73046875,3820.719970703125,60.209999084472656
2018-11-28,14575.5,5991.24609375,1221.4000244140625,50.290000915527344,7291.58984375,2743.7900390625,25366.4296875,4257.419921875,58.7599983215332
2018-11-29,14459.7998046875,6107.16796875,1224.0999755859375,51.45000076293945,7273.080078125,2737.800048828125,25338.83984375,4278.8466796875,59.5099983215332
2018-11-30,14356.0,6056.1240234375,1220.199951171875,50.93000030517578,7330.5400390625,2760.169921875,25538.4609375,4017.2685546875,58.709999084472656
2018-12-01,14356.0,6056.1240234375,1220.199951171875,50.93000030517578,7330.5400390625,2760.169921875,25538.4609375,4214.671875,58.709999084472656
2018-12-02,14356.0,6056.1240234375,1220.199951171875,50.93000030517578,7330.5400390625,2760.169921875,25538.4609375,4139.8779296875,58.709999084472656
2018-12-03,14296.0,6118.31982421875,1233.9000244140625,52.95000076293945,7441.509765625,2790.3701171875,25826.4296875,3894.130859375,61.689998626708984
2018-12-04,14339.0,6152.85986328125,1241.0999755859375,53.25,7158.43017578125,2700.06005859375,25027.0703125,3956.893798828125,62.08000183105469
2018-12-05,14448.599609375,6133.1201171875,1241.0999755859375,53.25,7158.43017578125,2700.06005859375,25027.0703125,3753.994873046875,62.08000183105469
2018-12-06,14431.599609375,6115.4931640625,1238.0999755859375,51.4900016784668,7188.259765625,2695.949951171875,24947.669921875,3521.101806640625,60.060001373291016
2018-12-07,14528.0,6126.35595703125,1246.800048828125,52.61000061035156,6969.25,2633.080078125,24388.94921875,3419.937255859375,61.66999816894531
2018-12-08,14528.0,6126.35595703125,1246.800048828125,52.61000061035156,6969.25,2633.080078125,24388.94921875,3476.11474609375,61.66999816894531
2018-12-09,14528.0,6126.35595703125,1246.800048828125,52.61000061035156,6969.25,2633.080078125,24388.94921875,3614.234375,61.66999816894531
2018-12-10,14463.0,6111.35986328125,1243.699951171875,51.0,7020.52001953125,2637.719970703125,24423.259765625,3502.656005859375,59.970001220703125
2018-12-11,14548.0,6076.5869140625,1241.9000244140625,51.650001525878906,7031.830078125,2636.780029296875,24370.240234375,3424.588134765625,60.20000076293945
2018-12-12,14637.400390625,6115.5771484375,1244.4000244140625,51.150001525878906,7098.31005859375,2651.070068359375,24527.26953125,3486.9501953125,60.150001525878906
2018-12-13,14579.7998046875,6177.72021484375,1242.699951171875,52.58000183105469,7070.330078125,2650.5400390625,24597.380859375,3313.67724609375,61.45000076293945
2018-12-14,14550.0,6169.8427734375,1237.0,51.20000076293945,6910.66015625,2599.949951171875,24100.509765625,3242.48486328125,60.279998779296875
2018-12-15,14550.0,6169.8427734375,1237.0,51.20000076293945,6910.66015625,2599.949951171875,24100.509765625,3236.76171875,60.279998779296875
2018-12-16,14550.0,6169.8427734375,1237.0,51.20000076293945,6910.66015625,2599.949951171875,24100.509765625,3252.839111328125,60.279998779296875
2018-12-17,14578.0,6089.30517578125,1247.4000244140625,49.880001068115234,6753.72998046875,2545.93994140625,23592.98046875,3545.86474609375,59.61000061035156
2018-12-18,14588.7001953125,6081.8671875,1249.199951171875,46.2400016784668,6783.91015625,2546.159912109375,23675.640625,3696.05908203125,56.2599983215332
2018-12-19,14490.0,6176.09423828125,1252.0999755859375,47.20000076293945,6636.830078125,2506.9599609375,23323.66015625,3745.95068359375,57.2400016784668
2018-12-20,14493.0,6147.8759765625,1263.5999755859375,45.880001068115234,6528.41015625,2467.419921875,22859.599609375,4134.44140625,54.349998474121094
2018-12-21,14534.7998046875,6163.59619140625,1253.800048828125,45.59000015258789,6332.990234375,2416.6201171875,22445.369140625,3896.543701171875,53.81999969482422
2018-12-22,14534.7998046875,6163.59619140625,1253.800048828125,45.59000015258789,6332.990234375,2416.6201171875,22445.369140625,4014.1826171875,53.81999969482422
2018-12-23,14534.7998046875,6163.59619140625,1253.800048828125,45.59000015258789,6332.990234375,2416.6201171875,22445.369140625,3998.980224609375,53.81999969482422
2018-12-24,14548.0,6163.59619140625,1267.5,42.529998779296875,6192.919921875,2351.10009765625,21792.19921875,4078.59912109375,50.470001220703125
2018-12-25,14548.0,6163.59619140625,1267.5,42.529998779296875,6192.919921875,2351.10009765625,21792.19921875,3815.49072265625,50.470001220703125
2018-12-26,14710.0,6127.85009765625,1269.199951171875,46.220001220703125,6554.35986328125,2467.699951171875,22878.44921875,3857.297607421875,54.470001220703125
2018-12-27,14609.400390625,6190.64306640625,1277.300048828125,44.61000061035156,6579.490234375,2488.830078125,23138.8203125,3654.83349609375,52.15999984741211
2018-12-28,14561.599609375,6194.498046875,1279.9000244140625,45.33000183105469,6584.52001953125,2485.739990234375,23062.400390625,3923.918701171875,52.20000076293945
2018-12-29,14561.599609375,6194.498046875,1279.9000244140625,45.33000183105469,6584.52001953125,2485.739990234375,23062.400390625,3820.40869140625,52.20000076293945
2018-12-30,14561.599609375,6194.498046875,1279.9000244140625,45.33000183105469,6584.52001953125,2485.739990234375,23062.400390625,3865.95263671875,52.20000076293945
2018-12-31,14553.0,6194.498046875,1278.300048828125,45.40999984741211,6635.27978515625,2506.85009765625,23327.4609375,3742.700439453125,53.79999923706055
2019-01-01,14460.0,6194.498046875,1278.300048828125,45.40999984741211,6635.27978515625,2506.85009765625,23327.4609375,3843.52001953125,53.79999923706055
2019-01-02,14460.0,6181.1748046875,1281.0,46.540000915527344,6665.93994140625,2510.030029296875,23346.240234375,3943.409423828125,54.90999984741211
2019-01-03,14409.7001953125,6221.009765625,1291.800048828125,47.09000015258789,6463.5,2447.889892578125,22686.220703125,3836.7412109375,55.95000076293945
2019-01-04,14375.400390625,6274.5400390625,1282.699951171875,47.959999084472656,6738.85986328125,2531.93994140625,23433.16015625,3857.717529296875,57.060001373291016
2019-01-05,14375.400390625,6274.5400390625,1282.699951171875,47.959999084472656,6738.85986328125,2531.93994140625,23433.16015625,3845.194580078125,57.060001373291016
2019-01-06,14375.400390625,6274.5400390625,1282.699951171875,47.959999084472656,6738.85986328125,2531.93994140625,23433.16015625,4076.632568359375,57.060001373291016
2019-01-07,14267.0,6287.22412109375,1286.800048828125,48.52000045776367,6823.47021484375,2549.68994140625,23531.349609375,4025.248291015625,57.33000183105469
2019-01-08,14083.0,6262.84716796875,1283.199951171875,49.779998779296875,6897.0,2574.409912109375,23787.44921875,4030.847900390625,58.720001220703125
2019-01-09,14138.0,6272.23779296875,1289.300048828125,52.36000061035156,6957.080078125,2584.9599609375,23879.119140625,4035.29638671875,61.439998626708984
2019-01-10,14130.0,6328.7138671875,1284.699951171875,52.59000015258789,6986.06982421875,2596.639892578125,24001.919921875,3678.924560546875,61.68000030517578
2019-01-11,14048.0,6361.46484375,1287.0999755859375,51.59000015258789,6971.47998046875,2596.260009765625,23995.94921875,3687.365478515625,60.47999954223633
2019-01-12,14048.0,6361.46484375,1287.0999755859375,51.59000015258789,6971.47998046875,2596.260009765625,23995.94921875,3661.301025390625,60.47999954223633
2019-01-13,14048.0,6361.46484375,1287.0999755859375,51.59000015258789,6971.47998046875,2596.260009765625,23995.94921875,3552.953125,60.47999954223633
2019-01-14,14038.0,6336.1162109375,1289.0999755859375,50.5099983215332,6905.919921875,2582.610107421875,23909.83984375,3706.05224609375,58.9900016784668
2019-01-15,14117.0,6408.7841796875,1286.199951171875,52.11000061035156,7023.830078125,2610.300048828125,24065.58984375,3630.67529296875,60.63999938964844
2019-01-16,14111.0,6413.35986328125,1291.5999755859375,52.310001373291016,7034.68994140625,2616.10009765625,24207.16015625,3655.0068359375,61.31999969482422
2019-01-17,14140.0,6423.77978515625,1291.0,52.06999969482422,7084.4599609375,2635.9599609375,24370.099609375,3678.56396484375,61.18000030517578
2019-01-18,14173.0,6448.15576171875,1281.300048828125,53.79999923706055,7157.22998046875,2670.7099609375,24706.349609375,3657.83935546875,62.70000076293945
2019-01-19,14173.0,6448.15576171875,1281.300048828125,53.79999923706055,7157.22998046875,2670.7099609375,24706.349609375,3728.568359375,62.70000076293945
2019-01-20,14173.0,6448.15576171875,1281.300048828125,53.79999923706055,7157.22998046875,2670.7099609375,24706.349609375,3601.013671875,62.70000076293945
2019-01-21,14168.0,6450.833984375,1281.300048828125,53.79999923706055,7157.22998046875,2670.7099609375,24706.349609375,3576.032470703125,62.70000076293945
2019-01-22,14307.0,6468.56201171875,1282.5,52.56999969482422,7020.35986328125,2632.89990234375,24404.48046875,3604.5771484375,61.5
2019-01-23,14208.0,6451.169921875,1283.0999755859375,52.619998931884766,7025.77001953125,2638.699951171875,24575.619140625,3585.123046875,61.13999938964844
2019-01-24,14130.900390625,6466.65478515625,1279.0999755859375,53.130001068115234,7073.4599609375,2642.330078125,24553.240234375,3600.865478515625,61.09000015258789
2019-01-25,14189.0,6482.8427734375,1297.4000244140625,53.689998626708984,7164.85986328125,2664.760009765625,24737.19921875,3599.765869140625,61.63999938964844
2019-01-26,14189.0,6482.8427734375,1297.4000244140625,53.689998626708984,7164.85986328125,2664.760009765625,24737.19921875,3602.46044921875,61.63999938964844
2019-01-27,14189.0,6482.8427734375,1297.4000244140625,53.689998626708984,7164.85986328125,2664.760009765625,24737.19921875,3583.9658203125,61.63999938964844
2019-01-28,14078.0,6458.7119140625,1302.4000244140625,51.9900016784668,7085.68017578125,2643.85009765625,24528.220703125,3470.450439453125,59.93000030517578
2019-01-29,14063.0,6436.47998046875,1308.199951171875,53.310001373291016,7028.2900390625,2640.0,24579.9609375,3448.116943359375,61.31999969482422
2019-01-30,14074.0,6464.18896484375,1309.9000244140625,54.22999954223633,7183.080078125,2681.050048828125,25014.859375,3486.181640625,61.650001525878906
2019-01-31,14033.0,6532.96923828125,1319.699951171875,53.790000915527344,7281.740234375,2704.10009765625,24999.669921875,3457.792724609375,61.88999938964844
2019-02-01,13966.0,6538.63818359375,1316.9000244140625,55.2599983215332,7263.8701171875,2706.530029296875,25063.890625,3487.9453125,61.869998931884766
2019-02-02,13966.0,6538.63818359375,1316.9000244140625,55.2599983215332,7263.8701171875,2706.530029296875,25063.890625,3521.060791015625,61.869998931884766
2019-02-03,13966.0,6538.63818359375,1316.9000244140625,55.2599983215332,7263.8701171875,2706.530029296875,25063.890625,3464.013427734375,61.869998931884766
2019-02-04,13933.0,6481.451171875,1314.300048828125,54.560001373291016,7347.5400390625,2724.8701171875,25239.369140625,3459.154052734375,62.5099983215332
2019-02-05,13957.5,6481.451171875,1314.199951171875,53.65999984741211,7402.080078125,2737.699951171875,25411.51953125,3466.357421875,61.97999954223633
2019-02-06,13950.5,6547.876953125,1309.5,54.0099983215332,7375.27978515625,2731.610107421875,25390.30078125,3413.767822265625,62.689998626708984
2019-02-07,13915.0,6536.45703125,1309.4000244140625,52.63999938964844,7288.35009765625,2706.050048828125,25169.529296875,3399.4716796875,61.630001068115234
2019-02-08,13966.0,6521.6630859375,1313.699951171875,52.720001220703125,7298.2001953125,2707.8798828125,25106.330078125,3666.7802734375,62.099998474121094
2019-02-09,13966.0,6521.6630859375,1313.699951171875,52.720001220703125,7298.2001953125,2707.8798828125,25106.330078125,3671.20361328125,62.099998474121094
2019-02-10,13966.0,6521.6630859375,1313.699951171875,52.720001220703125,7298.2001953125,2707.8798828125,25106.330078125,3690.188232421875,62.099998474121094
2019-02-11,13958.0,6495.001953125,1307.0,52.40999984741211,7307.89990234375,2709.800048828125,25053.109375,3648.4306640625,61.5099983215332
2019-02-12,14033.0,6426.3251953125,1309.199951171875,53.099998474121094,7414.6201171875,2744.72998046875,25425.759765625,3653.528564453125,62.41999816894531
2019-02-13,14012.7001953125,6419.1162109375,1310.800048828125,53.900001525878906,7420.3798828125,2753.030029296875,25543.26953125,3632.070556640625,63.61000061035156
2019-02-14,14151.0,6420.01806640625,1309.800048828125,54.40999984741211,7426.9501953125,2745.72998046875,25439.390625,3616.880859375,64.56999969482422
2019-02-15,14083.0,6389.0849609375,1318.0999755859375,55.59000015258789,7472.41015625,2775.60009765625,25883.25,3620.810791015625,66.25
2019-02-16,14083.0,6389.0849609375,1318.0999755859375,55.59000015258789,7472.41015625,2775.60009765625,25883.25,3629.78759765625,66.25
2019-02-17,14083.0,6389.0849609375,1318.0999755859375,55.59000015258789,7472.41015625,2775.60009765625,25883.25,3673.836181640625,66.25
2019-02-18,14136.0,6497.81494140625,1318.0999755859375,55.59000015258789,7472.41015625,2775.60009765625,25883.25,3915.71435546875,66.25
2019-02-19,14192.5,6494.6669921875,1340.0999755859375,56.09000015258789,7486.77001953125,2779.760009765625,25891.3203125,3947.094482421875,66.44999694824219
2019-02-20,14096.5,6512.7841796875,1343.300048828125,56.91999816894531,7489.06982421875,2784.699951171875,25954.439453125,3999.820556640625,67.08000183105469
2019-02-21,14033.0,6537.76611328125,1323.5,56.959999084472656,7459.7099609375,2774.8798828125,25850.630859375,3954.1181640625,67.06999969482422
2019-02-22,14120.0,6501.3779296875,1329.199951171875,57.2599983215332,7527.5400390625,2792.669921875,26031.810546875,4005.526611328125,67.12000274658203
2019-02-23,14120.0,6501.3779296875,1329.199951171875,57.2599983215332,7527.5400390625,2792.669921875,26031.810546875,4142.52685546875,67.12000274658203
2019-02-24,14120.0,6501.3779296875,1329.199951171875,57.2599983215332,7527.5400390625,2792.669921875,26031.810546875,3810.427490234375,67.12000274658203
2019-02-25,14051.0,6525.35791015625,1325.9000244140625,55.47999954223633,7554.4599609375,2796.110107421875,26091.94921875,3882.6962890625,64.76000213623047
2019-02-26,14011.0,6540.9501953125,1325.0999755859375,55.5,7549.2998046875,2793.89990234375,26057.98046875,3854.35791015625,65.20999908447266
2019-02-27,13960.0,6525.68310546875,1317.699951171875,56.939998626708984,7554.509765625,2792.3798828125,25985.16015625,3851.04736328125,66.38999938964844
2019-02-28,14015.0,6443.34814453125,1312.800048828125,57.220001220703125,7532.52978515625,2784.489990234375,25916.0,3854.785400390625,66.02999877929688
2019-03-01,14194.0,6499.8837890625,1296.4000244140625,55.79999923706055,7595.35009765625,2803.68994140625,26026.3203125,3859.583740234375,65.06999969482422
2019-03-02,14194.0,6499.8837890625,1296.4000244140625,55.79999923706055,7595.35009765625,2803.68994140625,26026.3203125,3864.4150390625,65.06999969482422
2019-03-03,14194.0,6499.8837890625,1296.4000244140625,55.79999923706055,7595.35009765625,2803.68994140625,26026.3203125,3847.17578125,65.06999969482422
2019-03-04,14108.0,6488.419921875,1284.800048828125,56.59000015258789,7577.56982421875,2792.81005859375,25819.650390625,3761.55712890625,65.66999816894531
2019-03-05,14205.0,6441.27978515625,1282.0,56.560001373291016,7576.35986328125,2789.64990234375,25806.630859375,3896.375,65.86000061035156
2019-03-06,14150.5,6457.9560546875,1284.9000244140625,56.220001220703125,7505.919921875,2771.449951171875,25673.4609375,3903.942626953125,65.98999786376953
2019-03-07,14214.5,6457.9560546875,1283.800048828125,56.65999984741211,7421.4599609375,2748.929931640625,25473.23046875,3911.484375,66.30000305175781
2019-03-08,14240.7998046875,6383.06787109375,1297.0,56.06999969482422,7408.14013671875,2743.070068359375,25450.240234375,3901.131591796875,65.73999786376953
2019-03-09,14240.7998046875,6383.06787109375,1297.0,56.06999969482422,7408.14013671875,2743.070068359375,25450.240234375,3963.313720703125,65.73999786376953
2019-03-10,14240.7998046875,6383.06787109375,1297.0,56.06999969482422,7408.14013671875,2743.070068359375,25450.240234375,3951.599853515625,65.73999786376953
2019-03-11,14303.0,6366.43408203125,1288.800048828125,56.790000915527344,7558.06005859375,2783.300048828125,25650.880859375,3905.227294921875,66.58000183105469
2019-03-12,14283.0,6353.77392578125,1296.300048828125,56.869998931884766,7591.02978515625,2791.52001953125,25554.66015625,3909.15625,66.66999816894531
2019-03-13,14258.0,6377.5751953125,1307.5,58.2599983215332,7643.41015625,2810.919921875,25702.890625,3906.71728515625,67.55000305175781
2019-03-14,14258.0,6413.26611328125,1293.4000244140625,58.61000061035156,7630.91015625,2808.47998046875,25709.939453125,3924.369140625,67.2300033569336
2019-03-15,14287.0,6461.18310546875,1301.800048828125,58.52000045776367,7688.52978515625,2822.47998046875,25848.869140625,3960.9111328125,67.16000366210938
2019-03-16,14287.0,6461.18310546875,1301.800048828125,58.52000045776367,7688.52978515625,2822.47998046875,25848.869140625,4048.725830078125,67.16000366210938
2019-03-17,14287.0,6461.18310546875,1301.800048828125,58.52000045776367,7688.52978515625,2822.47998046875,25848.869140625,4025.22900390625,67.16000366210938
2019-03-18,14251.0,6509.44677734375,1300.300048828125,59.09000015258789,7714.47998046875,2832.93994140625,25914.099609375,4032.50732421875,67.54000091552734
2019-03-19,14251.0,6480.27587890625,1305.0,59.029998779296875,7723.9501953125,2832.570068359375,25887.380859375,4071.190185546875,67.61000061035156
2019-03-20,14223.0,6482.7099609375,1300.5,59.83000183105469,7728.97021484375,2824.22998046875,25745.669921875,4087.476318359375,68.5
2019-03-21,14055.0,6501.77587890625,1306.0999755859375,59.97999954223633,7838.9599609375,2854.8798828125,25962.509765625,4029.326904296875,67.86000061035156
2019-03-22,14133.0,6525.27392578125,1311.5999755859375,59.040000915527344,7642.669921875,2800.7099609375,25502.3203125,4023.96826171875,67.02999877929688
2019-03-23,14133.0,6525.27392578125,1311.5999755859375,59.040000915527344,7642.669921875,2800.7099609375,25502.3203125,4035.826416015625,67.02999877929688
2019-03-24,14133.0,6525.27392578125,1311.5999755859375,59.040000915527344,7642.669921875,2800.7099609375,25502.3203125,4022.168212890625,67.02999877929688
2019-03-25,14158.0,6411.2509765625,1321.9000244140625,58.81999969482422,7637.5400390625,2798.360107421875,25516.830078125,3963.070556640625,67.20999908447266
2019-03-26,14173.0,6469.9990234375,1314.300048828125,59.939998626708984,7691.52001953125,2818.4599609375,25657.73046875,3985.080810546875,67.97000122070312
2019-03-27,14163.0,6444.73779296875,1309.9000244140625,59.40999984741211,7643.3798828125,2805.3701171875,25625.58984375,4087.066162109375,67.83000183105469
2019-03-28,14346.0,6480.7880859375,1289.800048828125,59.29999923706055,7669.169921875,2815.43994140625,25717.4609375,4069.107177734375,67.81999969482422
2019-03-29,14235.0,6468.7548828125,1293.0,60.13999938964844,7729.31982421875,2834.39990234375,25928.6796875,4098.37451171875,68.38999938964844
2019-03-30,14235.0,6468.7548828125,1293.0,60.13999938964844,7729.31982421875,2834.39990234375,25928.6796875,4106.66015625,68.38999938964844
2019-03-31,14235.0,6468.7548828125,1293.0,60.13999938964844,7729.31982421875,2834.39990234375,25928.6796875,4105.404296875,68.38999938964844
2019-04-01,14233.0,6452.61083984375,1288.4000244140625,61.59000015258789,7828.91015625,2867.18994140625,26258.419921875,4158.18310546875,69.01000213623047
2019-04-02,14240.0,6476.06591796875,1290.0,62.58000183105469,7848.68994140625,2867.239990234375,26179.130859375,4879.8779296875,69.37000274658203
2019-04-03,14213.0,6476.06591796875,1289.9000244140625,62.459999084472656,7895.5498046875,2873.39990234375,26218.130859375,4973.02197265625,69.30999755859375
2019-04-04,14210.0,6494.6298828125,1289.0,62.099998474121094,7891.77978515625,2879.389892578125,26384.630859375,4922.798828125,69.4000015258789
2019-04-05,14151.0,6474.01806640625,1290.4000244140625,63.08000183105469,7938.68994140625,2892.739990234375,26424.990234375,5036.68115234375,70.33999633789062
2019-04-06,14151.0,6474.01806640625,1290.4000244140625,63.08000183105469,7938.68994140625,2892.739990234375,26424.990234375,5059.8173828125,70.33999633789062
2019-04-07,14151.0,6474.01806640625,1290.4000244140625,63.08000183105469,7938.68994140625,2892.739990234375,26424.990234375,5198.89697265625,70.33999633789062
2019-04-08,14112.0,6425.73388671875,1297.0999755859375,64.4000015258789,7953.8798828125,2895.77001953125,26341.01953125,5289.77099609375,71.0999984741211
2019-04-09,14191.0,6484.34814453125,1303.5,63.97999954223633,7909.27978515625,2878.199951171875,26150.580078125,5204.95849609375,70.61000061035156
2019-04-10,14136.0,6478.326171875,1309.0999755859375,64.61000061035156,7964.240234375,2888.2099609375,26157.16015625,5324.5517578125,71.7300033569336
2019-04-11,14177.0,6410.166015625,1288.5999755859375,63.58000183105469,7947.35986328125,2888.320068359375,26143.05078125,5064.48779296875,70.83000183105469
2019-04-12,14138.0,6405.8662109375,1290.5999755859375,63.88999938964844,7984.16015625,2907.409912109375,26412.30078125,5089.5390625,71.55000305175781
2019-04-13,14138.0,6405.8662109375,1290.5999755859375,63.88999938964844,7984.16015625,2907.409912109375,26412.30078125,5096.58642578125,71.55000305175781
2019-04-14,14138.0,6405.8662109375,1290.5999755859375,63.88999938964844,7984.16015625,2907.409912109375,26412.30078125,5167.72216796875,71.55000305175781
2019-04-15,14086.0,6435.15087890625,1286.800048828125,63.400001525878906,7976.009765625,2905.580078125,26384.76953125,5067.1083984375,71.18000030517578
2019-04-16,14155.5,6481.541015625,1272.5999755859375,64.05000305175781,8000.22998046875,2907.06005859375,26452.66015625,5235.5595703125,71.72000122070312
2019-04-17,14079.0,6481.541015625,1272.199951171875,63.7599983215332,7996.080078125,2900.449951171875,26449.5390625,5251.93798828125,71.62000274658203
2019-04-18,14078.0,6507.22119140625,1271.9000244140625,64.0,7998.06005859375,2905.030029296875,26559.5390625,5298.3857421875,71.97000122070312
2019-04-19,14036.0,6507.22119140625,1271.9000244140625,64.0,7998.06005859375,2905.030029296875,26559.5390625,5303.8125,71.97000122070312
2019-04-20,14036.0,6507.22119140625,1271.9000244140625,64.0,7998.06005859375,2905.030029296875,26559.5390625,5337.88623046875,71.97000122070312
2019-04-21,14036.0,6507.22119140625,1271.9000244140625,64.0,7998.06005859375,2905.030029296875,26559.5390625,5314.53125,71.97000122070312
2019-04-22,14036.0,6414.7431640625,1273.5,65.69999694824219,8015.27001953125,2907.969970703125,26511.05078125,5399.365234375,74.04000091552734
2019-04-23,14061.5,6462.82177734375,1269.300048828125,66.30000305175781,8120.81982421875,2933.679931640625,26656.390625,5572.3623046875,74.51000213623047
2019-04-24,14061.0,6447.884765625,1275.5,65.88999938964844,8102.009765625,2927.25,26597.05078125,5464.86669921875,74.56999969482422
2019-04-25,14154.0,6372.787109375,1275.800048828125,65.20999908447266,8118.68017578125,2926.169921875,26462.080078125,5210.515625,74.3499984741211
2019-04-26,14306.5,6401.080078125,1284.9000244140625,63.29999923706055,8146.39990234375,2939.8798828125,26543.330078125,5279.34814453125,72.1500015258789
2019-04-27,14306.5,6401.080078125,1284.9000244140625,63.29999923706055,8146.39990234375,2939.8798828125,26543.330078125,5268.291015625,72.1500015258789
2019-04-28,14306.5,6401.080078125,1284.9000244140625,63.29999923706055,8146.39990234375,2939.8798828125,26543.330078125,5285.13916015625,72.1500015258789
2019-04-29,14165.0,6425.89501953125,1278.5999755859375,63.5,8161.85009765625,2943.030029296875,26554.390625,5247.3525390625,72.04000091552734
2019-04-30,14191.0,6455.35205078125,1282.800048828125,63.90999984741211,8095.39013671875,2945.830078125,26592.91015625,5350.7265625,72.80000305175781
2019-05-01,14243.0,6455.35205078125,1281.4000244140625,63.599998474121094,8049.64013671875,2923.72998046875,26430.140625,5402.697265625,72.18000030517578
2019-05-02,14244.2998046875,6374.421875,1269.699951171875,61.810001373291016,8036.77001953125,2917.52001953125,26307.7890625,5505.28369140625,70.75
2019-05-03,14244.0,6319.458984375,1279.199951171875,61.939998626708984,8164.0,2945.639892578125,26504.94921875,5768.28955078125,70.8499984741211
2019-05-04,14244.0,6319.458984375,1279.199951171875,61.939998626708984,8164.0,2945.639892578125,26504.94921875,5831.16748046875,70.8499984741211
2019-05-05,14244.0,6319.458984375,1279.199951171875,61.939998626708984,8164.0,2945.639892578125,26504.94921875,5795.70849609375,70.8499984741211
2019-05-06,14230.0,6256.35205078125,1281.699951171875,62.25,8123.2900390625,2932.469970703125,26438.48046875,5746.80712890625,71.23999786376953
2019-05-07,14286.0,6297.31787109375,1283.5,61.400001525878906,7963.759765625,2884.050048828125,25965.08984375,5829.50146484375,69.87999725341797
2019-05-08,14346.2998046875,6270.2021484375,1279.4000244140625,62.119998931884766,7943.31982421875,2879.419921875,25967.330078125,5982.45751953125,70.37000274658203
2019-05-09,14288.0,6198.80419921875,1283.5,61.70000076293945,7910.58984375,2870.719970703125,25828.359375,6174.52880859375,70.38999938964844
2019-05-10,14343.0,6209.1181640625,1285.699951171875,61.65999984741211,7916.93994140625,2881.39990234375,25942.369140625,6378.84912109375,70.62000274658203
2019-05-11,14343.0,6209.1181640625,1285.699951171875,61.65999984741211,7916.93994140625,2881.39990234375,25942.369140625,7204.771484375,70.62000274658203
2019-05-12,14343.0,6209.1181640625,1285.699951171875,61.65999984741211,7916.93994140625,2881.39990234375,25942.369140625,6972.37158203125,70.62000274658203
2019-05-13,14318.0,6135.39599609375,1300.0999755859375,61.040000915527344,7647.02001953125,2811.8701171875,25324.990234375,7814.9150390625,70.2300033569336
2019-05-14,14497.400390625,6071.2021484375,1294.699951171875,61.779998779296875,7734.490234375,2834.409912109375,25532.05078125,7994.416015625,71.23999786376953
2019-05-15,14423.0,5980.884765625,1296.300048828125,62.02000045776367,7822.14990234375,2850.9599609375,25648.01953125,8205.16796875,71.7699966430664
2019-05-16,14540.0,5895.73779296875,1285.0,62.869998931884766,7898.0498046875,2876.320068359375,25862.6796875,7884.9091796875,72.62000274658203
2019-05-17,14569.5,5826.8681640625,1274.5,62.7599983215332,7816.27978515625,2859.530029296875,25764.0,7343.8955078125,72.20999908447266
2019-05-18,14569.5,5826.8681640625,1274.5,62.7599983215332,7816.27978515625,2859.530029296875,25764.0,7271.2080078125,72.20999908447266
2019-05-19,14569.5,5826.8681640625,1274.5,62.7599983215332,7816.27978515625,2859.530029296875,25764.0,8197.689453125,72.20999908447266
2019-05-20,14443.0,5907.12109375,1276.0999755859375,63.099998474121094,7702.3798828125,2840.22998046875,25679.900390625,7978.30908203125,71.97000122070312
2019-05-21,14448.0,5951.3720703125,1272.0,62.9900016784668,7785.72021484375,2864.360107421875,25877.330078125,7963.32763671875,72.18000030517578
2019-05-22,14448.0,5939.63623046875,1273.5999755859375,61.41999816894531,7750.83984375,2856.27001953125,25776.609375,7680.06640625,70.98999786376953
2019-05-23,14518.0,6032.69580078125,1284.800048828125,57.90999984741211,7628.27978515625,2822.239990234375,25490.470703125,7881.8466796875,67.76000213623047
2019-05-24,14453.0,6057.35302734375,1283.0,58.630001068115234,7637.009765625,2826.06005859375,25585.689453125,7987.37158203125,68.69000244140625
2019-05-25,14453.0,6057.35302734375,1283.0,58.630001068115234,7637.009765625,2826.06005859375,25585.689453125,8052.5439453125,68.69000244140625
2019-05-26,14453.0,6057.35302734375,1283.0,58.630001068115234,7637.009765625,2826.06005859375,25585.689453125,8673.2158203125,68.69000244140625
2019-05-27,14386.0,6098.97412109375,1283.0,58.630001068115234,7637.009765625,2826.06005859375,25585.689453125,8805.7783203125,68.69000244140625
2019-05-28,14445.0,6033.14208984375,1276.5,59.13999938964844,7607.35009765625,2802.389892578125,25347.76953125,8719.9619140625,70.11000061035156
2019-05-29,14468.0,6104.10595703125,1280.5999755859375,58.810001373291016,7547.31005859375,2783.02001953125,25126.41015625,8659.4873046875,69.44999694824219
2019-05-30,14393.0,6104.10595703125,1287.0999755859375,56.59000015258789,7567.72021484375,2788.860107421875,25169.880859375,8319.47265625,66.87000274658203
2019-05-31,14401.0,6209.1171875,1305.800048828125,53.5,7453.14990234375,2752.06005859375,24815.0390625,8574.501953125,64.48999786376953
2019-06-01,14401.0,6209.1171875,1305.800048828125,53.5,7453.14990234375,2752.06005859375,24815.0390625,8564.0166015625,64.48999786376953
2019-06-02,14401.0,6209.1171875,1305.800048828125,53.5,7453.14990234375,2752.06005859375,24815.0390625,8742.9580078125,64.48999786376953
2019-06-03,14268.0,6209.1171875,1322.699951171875,53.25,7333.02001953125,2744.449951171875,24819.779296875,8208.9951171875,61.279998779296875
2019-06-04,14237.0,6209.1171875,1323.4000244140625,53.47999954223633,7527.1201171875,2803.27001953125,25332.1796875,7707.77099609375,61.970001220703125
2019-06-05,14260.0,6209.1171875,1328.300048828125,51.68000030517578,7575.47998046875,2826.14990234375,25539.5703125,7824.2314453125,60.630001068115234
2019-06-06,14280.0,6209.1171875,1337.5999755859375,52.59000015258789,7615.5498046875,2843.489990234375,25720.66015625,7822.0234375,61.66999816894531
2019-06-07,14256.0,6209.1171875,1341.199951171875,53.9900016784668,7742.10009765625,2873.340087890625,25983.939453125,8043.951171875,63.290000915527344
2019-06-08,14256.0,6209.1171875,1341.199951171875,53.9900016784668,7742.10009765625,2873.340087890625,25983.939453125,7954.1279296875,63.290000915527344
2019-06-09,14256.0,6209.1171875,1341.199951171875,53.9900016784668,7742.10009765625,2873.340087890625,25983.939453125,7688.0771484375,63.290000915527344
2019-06-10,14268.0,6289.60986328125,1324.699951171875,53.2599983215332,7823.169921875,2886.72998046875,26062.6796875,8000.32958984375,62.290000915527344
2019-06-11,14276.0,6305.9921875,1326.4000244140625,53.27000045776367,7822.56982421875,2885.719970703125,26048.509765625,7927.71435546875,62.290000915527344
2019-06-12,14294.5,6276.1767578125,1331.9000244140625,51.13999938964844,7792.72021484375,2879.840087890625,26004.830078125,8145.857421875,59.970001220703125
2019-06-13,14262.0,6273.08203125,1339.199951171875,52.279998779296875,7837.1298828125,2891.639892578125,26106.76953125,8230.923828125,61.310001373291016
2019-06-14,14273.0,6250.26513671875,1340.0999755859375,52.5099983215332,7796.66015625,2886.97998046875,26089.609375,8693.8330078125,62.0099983215332
2019-06-15,14273.0,6250.26513671875,1340.0999755859375,52.5099983215332,7796.66015625,2886.97998046875,26089.609375,8838.375,62.0099983215332
2019-06-16,14273.0,6250.26513671875,1340.0999755859375,52.5099983215332,7796.66015625,2886.97998046875,26089.609375,8994.48828125,62.0099983215332
2019-06-17,14318.0,6190.52490234375,1338.699951171875,51.93000030517578,7845.02001953125,2889.669921875,26112.529296875,9320.3525390625,60.939998626708984
2019-06-18,14413.5,6257.330078125,1346.5999755859375,53.900001525878906,7953.8798828125,2917.75,26465.5390625,9081.7626953125,62.13999938964844
2019-06-19,14289.5,6339.26220703125,1344.5999755859375,53.7599983215332,7987.31982421875,2926.4599609375,26504.0,9273.521484375,61.81999969482422
2019-06-20,14280.0,6335.6982421875,1392.9000244140625,56.650001525878906,8051.33984375,2954.179931640625,26753.169921875,9527.16015625,64.44999694824219
2019-06-21,14142.0,6315.43603515625,1396.199951171875,57.43000030517578,8031.7099609375,2950.4599609375,26719.130859375,10144.556640625,65.19999694824219
2019-06-22,14142.0,6315.43603515625,1396.199951171875,57.43000030517578,8031.7099609375,2950.4599609375,26719.130859375,10701.69140625,65.19999694824219
2019-06-23,14142.0,6315.43603515625,1396.199951171875,57.43000030517578,8031.7099609375,2950.4599609375,26719.130859375,10855.37109375,65.19999694824219
2019-06-24,14148.0,6288.46484375,1414.300048828125,57.900001525878906,8005.7001953125,2945.35009765625,26727.5390625,11011.1025390625,64.86000061035156
2019-06-25,14183.0,6320.44482421875,1414.9000244140625,57.83000183105469,7884.72021484375,2917.3798828125,26548.220703125,11790.9169921875,65.05000305175781
2019-06-26,14118.0,6310.48876953125,1411.5999755859375,59.380001068115234,7909.97021484375,2913.780029296875,26536.8203125,13016.2314453125,66.48999786376953
2019-06-27,14215.5,6352.7099609375,1408.4000244140625,59.43000030517578,7967.759765625,2924.919921875,26526.580078125,11182.806640625,66.55000305175781
2019-06-28,14184.5,6358.62890625,1409.699951171875,58.470001220703125,8006.240234375,2941.760009765625,26599.9609375,12407.33203125,66.55000305175781
2019-06-29,14184.5,6358.62890625,1409.699951171875,58.470001220703125,8006.240234375,2941.760009765625,26599.9609375,11959.37109375,66.55000305175781
2019-06-30,14184.5,6358.62890625,1409.699951171875,58.470001220703125,8006.240234375,2941.760009765625,26599.9609375,10817.1552734375,66.55000305175781
2019-07-01,14121.0,6379.68798828125,1385.5999755859375,59.09000015258789,8091.16015625,2964.330078125,26717.4296875,10583.134765625,65.05999755859375
2019-07-02,14150.0,6384.89794921875,1404.5999755859375,56.25,8109.08984375,2973.010009765625,26786.6796875,10801.677734375,62.400001525878906
2019-07-03,14196.0,6362.6220703125,1417.699951171875,57.34000015258789,8170.22998046875,2995.820068359375,26966.0,11961.26953125,63.81999969482422
2019-07-04,14178.5,6375.966796875,1417.699951171875,57.34000015258789,8170.22998046875,2995.820068359375,26966.0,11215.4375,63.81999969482422
2019-07-05,14150.0,6373.47705078125,1396.699951171875,57.5099983215332,8161.7900390625,2990.409912109375,26922.119140625,10978.4599609375,64.2300033569336
2019-07-06,14150.0,6373.47705078125,1396.699951171875,57.5099983215332,8161.7900390625,2990.409912109375,26922.119140625,11208.55078125,64.2300033569336
2019-07-07,14150.0,6373.47705078125,1396.699951171875,57.5099983215332,8161.7900390625,2990.409912109375,26922.119140625,11450.8466796875,64.2300033569336
2019-07-08,14076.0,6351.8271484375,1397.0,57.65999984741211,8098.3798828125,2975.949951171875,26806.140625,12285.9580078125,64.11000061035156
2019-07-09,14187.0,6388.3232421875,1397.5,57.83000183105469,8141.72998046875,2979.6298828125,26783.490234375,12573.8125,64.16000366210938
2019-07-10,14236.0,6410.68310546875,1410.0999755859375,60.43000030517578,8202.5302734375,2993.070068359375,26860.19921875,12156.5126953125,67.01000213623047
2019-07-11,14161.5,6417.06591796875,1404.300048828125,60.20000076293945,8196.0400390625,2999.909912109375,27088.080078125,11358.662109375,66.5199966430664
2019-07-12,14124.0,6373.34521484375,1409.9000244140625,60.209999084472656,8244.1396484375,3013.77001953125,27332.029296875,11815.986328125,66.72000122070312
2019-07-13,14124.0,6373.34521484375,1409.9000244140625,60.209999084472656,8244.1396484375,3013.77001953125,27332.029296875,11392.37890625,66.72000122070312
2019-07-14,14124.0,6373.34521484375,1409.9000244140625,60.209999084472656,8244.1396484375,3013.77001953125,27332.029296875,10256.05859375,66.72000122070312
2019-07-15,14000.0,6418.23388671875,1411.4000244140625,59.58000183105469,8258.1904296875,3014.300048828125,27359.16015625,10895.08984375,66.4800033569336
2019-07-16,13913.0,6401.8798828125,1409.199951171875,57.619998931884766,8222.7998046875,3004.0400390625,27335.630859375,9477.6416015625,64.3499984741211
2019-07-17,14008.5,6394.60888671875,1421.300048828125,56.779998779296875,8185.2099609375,2984.419921875,27219.849609375,9693.802734375,63.65999984741211
2019-07-18,14023.0,6403.2939453125,1426.0999755859375,55.29999923706055,8207.240234375,2995.110107421875,27222.970703125,10666.482421875,61.93000030517578
2019-07-19,13970.0,6456.5390625,1425.0999755859375,55.630001068115234,8146.490234375,2976.610107421875,27154.19921875,10530.732421875,62.470001220703125
2019-07-20,13970.0,6456.5390625,1425.0999755859375,55.630001068115234,8146.490234375,2976.610107421875,27154.19921875,10767.1396484375,62.470001220703125
2019-07-21,13970.0,6456.5390625,1425.0999755859375,55.630001068115234,8146.490234375,2976.610107421875,27154.19921875,10599.10546875,62.470001220703125
2019-07-22,13941.0,6433.546875,1425.300048828125,56.220001220703125,8204.1396484375,2985.030029296875,27171.900390625,10343.1064453125,63.2599983215332
2019-07-23,13997.0,6403.81005859375,1420.0999755859375,56.77000045776367,8251.400390625,3005.469970703125,27349.189453125,9900.767578125,63.83000183105469
2019-07-24,14039.0,6384.98681640625,1422.800048828125,55.880001068115234,8321.5,3019.56005859375,27269.970703125,9811.92578125,63.18000030517578
2019-07-25,14027.5,6401.365234375,1413.9000244140625,56.02000045776367,8238.5400390625,3003.669921875,27140.98046875,9911.841796875,63.38999938964844
2019-07-26,14052.7001953125,6325.23681640625,1418.5,56.20000076293945,8330.2099609375,3025.860107421875,27192.44921875,9870.3037109375,63.459999084472656
2019-07-27,14052.7001953125,6325.23681640625,1418.5,56.20000076293945,8330.2099609375,3025.860107421875,27192.44921875,9477.677734375,63.459999084472656
2019-07-28,14052.7001953125,6325.23681640625,1418.5,56.20000076293945,8330.2099609375,3025.860107421875,27192.44921875,9552.8603515625,63.459999084472656
2019-07-29,13997.0,6299.03515625,1419.5999755859375,56.869998931884766,8293.330078125,3020.969970703125,27221.349609375,9519.1455078125,63.709999084472656
2019-07-30,14066.0,6376.99609375,1429.699951171875,58.04999923706055,8273.6103515625,3013.179931640625,27198.01953125,9607.423828125,64.72000122070312
2019-07-31,14066.400390625,6390.5048828125,1426.0999755859375,58.58000183105469,8175.419921875,2980.3798828125,26864.26953125,10085.6279296875,65.16999816894531
2019-08-01,14165.0,6381.5419921875,1420.9000244140625,53.95000076293945,8111.1201171875,2953.56005859375,26583.419921875,10399.6689453125,60.5
2019-08-02,14329.0,6340.18017578125,1445.5999755859375,55.65999984741211,8004.06982421875,2932.050048828125,26485.009765625,10518.1748046875,61.88999938964844
2019-08-03,14329.0,6340.18017578125,1445.5999755859375,55.65999984741211,8004.06982421875,2932.050048828125,26485.009765625,10821.7265625,61.88999938964844
2019-08-04,14329.0,6340.18017578125,1445.5999755859375,55.65999984741211,8004.06982421875,2932.050048828125,26485.009765625,10970.1845703125,61.88999938964844
2019-08-05,14173.0,6175.703125,1464.5999755859375,54.689998626708984,7726.0400390625,2844.739990234375,25717.740234375,11805.6533203125,59.810001373291016
2019-08-06,14248.0,6119.47119140625,1472.4000244140625,53.630001068115234,7833.27001953125,2881.77001953125,26029.51953125,11478.1689453125,58.939998626708984
2019-08-07,14258.0,6204.19482421875,1507.300048828125,51.09000015258789,7862.830078125,2883.97998046875,26007.0703125,11941.96875,56.22999954223633
2019-08-08,14274.5,6274.6708984375,1497.699951171875,52.540000915527344,8039.16015625,2938.090087890625,26378.189453125,11966.4072265625,57.380001068115234
2019-08-09,14236.5,6282.1318359375,1496.5999755859375,54.5,7959.14013671875,2918.64990234375,26287.439453125,11862.9365234375,58.529998779296875
2019-08-10,14236.5,6282.1318359375,1496.5999755859375,54.5,7959.14013671875,2918.64990234375,26287.439453125,11354.0244140625,58.529998779296875
2019-08-11,14236.5,6282.1318359375,1496.5999755859375,54.5,7959.14013671875,2918.64990234375,26287.439453125,11523.5791015625,58.529998779296875
2019-08-12,14183.0,6250.59521484375,1505.300048828125,54.93000030517578,7863.41015625,2882.699951171875,25896.439453125,11382.6162109375,58.56999969482422
2019-08-13,14241.0,6210.9619140625,1502.199951171875,57.099998474121094,8016.35986328125,2926.320068359375,26279.91015625,10895.830078125,61.29999923706055
2019-08-14,14232.7998046875,6267.3349609375,1515.9000244140625,55.22999954223633,7773.93994140625,2840.60009765625,25479.419921875,10051.7041015625,59.47999954223633
2019-08-15,14238.0,6257.5859375,1519.5999755859375,54.470001220703125,7766.6201171875,2847.60009765625,25579.390625,10311.5458984375,58.22999954223633
2019-08-16,14333.0,6286.6572265625,1512.5,54.869998931884766,7895.990234375,2888.679931640625,25886.009765625,10374.3388671875,58.63999938964844
2019-08-17,14333.0,6286.6572265625,1512.5,54.869998931884766,7895.990234375,2888.679931640625,25886.009765625,10231.744140625,58.63999938964844
2019-08-18,14333.0,6286.6572265625,1512.5,54.869998931884766,7895.990234375,2888.679931640625,25886.009765625,10345.810546875,58.63999938964844
2019-08-19,14228.0,6296.71484375,1500.4000244140625,56.209999084472656,8002.81005859375,2923.64990234375,26135.7890625,10916.0537109375,59.7400016784668
2019-08-20,14337.2998046875,6295.73779296875,1504.5999755859375,56.34000015258789,7948.56005859375,2900.510009765625,25962.439453125,10763.232421875,60.029998779296875
2019-08-21,14326.099609375,6252.966796875,1504.5999755859375,55.68000030517578,8020.2099609375,2924.429931640625,26202.73046875,10138.0498046875,60.29999923706055
2019-08-22,14275.0,6239.2451171875,1497.300048828125,55.349998474121094,7991.39013671875,2922.949951171875,26252.240234375,10131.0556640625,59.91999816894531
2019-08-23,14228.0,6255.59716796875,1526.5999755859375,54.16999816894531,7751.77001953125,2847.110107421875,25628.900390625,10407.96484375,59.34000015258789
2019-08-24,14228.0,6255.59716796875,1526.5999755859375,54.16999816894531,7751.77001953125,2847.110107421875,25628.900390625,10159.9609375,59.34000015258789
2019-08-25,14228.0,6255.59716796875,1526.5999755859375,54.16999816894531,7751.77001953125,2847.110107421875,25628.900390625,10138.517578125,59.34000015258789
2019-08-26,14206.0,6214.509765625,1526.300048828125,53.63999938964844,7853.740234375,2878.3798828125,25898.830078125,10370.8203125,58.70000076293945
2019-08-27,14253.7998046875,6278.1708984375,1541.0,54.93000030517578,7826.9501953125,2869.159912109375,25777.900390625,10185.5,59.5099983215332
2019-08-28,14343.7998046875,6281.64599609375,1537.800048828125,55.779998779296875,7856.8798828125,2887.93994140625,26036.099609375,9754.4228515625,60.4900016784668
2019-08-29,14311.2998046875,6289.119140625,1526.5,56.709999084472656,7973.39013671875,2924.580078125,26362.25,9510.2001953125,61.08000183105469
2019-08-30,14231.0,6328.47021484375,1519.0999755859375,55.099998474121094,7962.8798828125,2926.4599609375,26403.279296875,9598.173828125,60.43000030517578
2019-08-31,14231.0,6328.47021484375,1519.0999755859375,55.099998474121094,7962.8798828125,2926.4599609375,26403.279296875,9630.6640625,60.43000030517578
2019-09-01,14231.0,6328.47021484375,1519.0999755859375,55.099998474121094,7962.8798828125,2926.4599609375,26403.279296875,9757.970703125,60.43000030517578
2019-09-02,14178.0,6290.5458984375,1519.0999755859375,55.099998474121094,7962.8798828125,2926.4599609375,26403.279296875,10346.7607421875,60.43000030517578
2019-09-03,14265.0,6261.58984375,1545.9000244140625,53.939998626708984,7874.16015625,2906.27001953125,26118.01953125,10623.5400390625,58.2599983215332
2019-09-04,14260.7001953125,6269.6640625,1550.300048828125,56.2599983215332,7976.8798828125,2937.780029296875,26355.470703125,10594.4931640625,60.70000076293945
2019-09-05,14146.0,6306.80322265625,1515.4000244140625,56.29999923706055,8116.830078125,2976.0,26728.150390625,10575.533203125,60.95000076293945
2019-09-06,14172.2998046875,6308.9501953125,1506.199951171875,56.52000045776367,8103.06982421875,2978.7099609375,26797.4609375,10353.302734375,61.540000915527344
2019-09-07,14172.2998046875,6308.9501953125,1506.199951171875,56.52000045776367,8103.06982421875,2978.7099609375,26797.4609375,10517.2548828125,61.540000915527344
2019-09-08,14172.2998046875,6308.9501953125,1506.199951171875,56.52000045776367,8103.06982421875,2978.7099609375,26797.4609375,10441.2763671875,61.540000915527344
2019-09-09,14088.0,6326.212890625,1502.199951171875,57.849998474121094,8087.43994140625,2978.429931640625,26835.509765625,10334.974609375,62.59000015258789
2019-09-10,14024.0,6336.6728515625,1490.300048828125,57.400001525878906,8084.16015625,2979.389892578125,26909.4296875,10115.9755859375,62.380001068115234
2019-09-11,14095.7998046875,6381.9541015625,1494.4000244140625,55.75,8169.68017578125,3000.929931640625,27137.0390625,10178.3720703125,60.810001373291016
2019-09-12,14106.400390625,6342.173828125,1498.699951171875,55.09000015258789,8194.4697265625,3009.570068359375,27182.44921875,10410.126953125,60.380001068115234
2019-09-13,13983.0,6334.8427734375,1490.9000244140625,54.849998474121094,8176.7099609375,3007.389892578125,27219.51953125,10360.546875,60.220001220703125
2019-09-14,13983.0,6334.8427734375,1490.9000244140625,54.849998474121094,8176.7099609375,3007.389892578125,27219.51953125,10358.048828125,60.220001220703125
2019-09-15,13983.0,6334.8427734375,1490.9000244140625,54.849998474121094,8176.7099609375,3007.389892578125,27219.51953125,10347.712890625,60.220001220703125
2019-09-16,13958.0,6219.43505859375,1503.0999755859375,62.900001525878906,8153.5400390625,2997.9599609375,27076.8203125,10276.7939453125,69.0199966430664
2019-09-17,14170.2998046875,6236.68994140625,1505.0999755859375,59.34000015258789,8186.02001953125,3005.699951171875,27110.80078125,10241.2724609375,64.55000305175781
2019-09-18,14126.7998046875,6276.6328125,1507.5,58.11000061035156,8177.39013671875,3006.72998046875,27147.080078125,10198.248046875,63.599998474121094
2019-09-19,14126.0,6244.47021484375,1498.4000244140625,58.130001068115234,8182.8798828125,3006.7900390625,27094.7890625,10266.4150390625,64.4000015258789
2019-09-20,14158.0,6231.47314453125,1507.300048828125,58.09000015258789,8117.669921875,2992.070068359375,26935.0703125,10181.6416015625,64.27999877929688
2019-09-21,14158.0,6231.47314453125,1507.300048828125,58.09000015258789,8117.669921875,2992.070068359375,26935.0703125,10019.716796875,64.27999877929688
2019-09-22,14158.0,6231.47314453125,1507.300048828125,58.09000015258789,8117.669921875,2992.070068359375,26935.0703125,10070.392578125,64.27999877929688
2019-09-23,14048.0,6206.19921875,1523.699951171875,58.63999938964844,8112.4599609375,2991.780029296875,26949.990234375,9729.32421875,64.7699966430664
2019-09-24,14078.0,6137.60791015625,1532.0999755859375,57.290000915527344,7993.6298828125,2966.60009765625,26807.76953125,8620.56640625,63.099998474121094
2019-09-25,14177.2998046875,6146.40380859375,1504.5999755859375,56.4900016784668,8077.3798828125,2984.8701171875,26970.7109375,8486.9931640625,62.38999938964844
2019-09-26,14211.2998046875,6230.333984375,1507.5,56.40999984741211,8030.66015625,2977.6201171875,26891.119140625,8118.9677734375,62.7400016784668
2019-09-27,14236.7998046875,6196.88916015625,1499.0999755859375,55.90999984741211,7939.6298828125,2961.7900390625,26820.25,8251.845703125,61.90999984741211
2019-09-28,14236.7998046875,6196.88916015625,1499.0999755859375,55.90999984741211,7939.6298828125,2961.7900390625,26820.25,8245.9150390625,61.90999984741211
2019-09-29,14236.7998046875,6196.88916015625,1499.0999755859375,55.90999984741211,7939.6298828125,2961.7900390625,26820.25,8104.185546875,61.90999984741211
2019-09-30,14158.0,6169.10205078125,1465.699951171875,54.06999969482422,7999.33984375,2976.739990234375,26916.830078125,8293.8681640625,60.779998779296875
2019-10-01,14219.400390625,6138.25,1482.0,53.619998931884766,7908.68017578125,2940.25,26573.0390625,8343.2763671875,58.88999938964844
2019-10-02,14206.0,6055.4248046875,1501.0,52.63999938964844,7785.25,2887.610107421875,26078.619140625,8393.0419921875,57.689998626708984
2019-10-03,14188.0,6038.52880859375,1507.0999755859375,52.45000076293945,7872.259765625,2910.6298828125,26201.0390625,8259.9921875,57.709999084472656
2019-10-04,14166.0,6061.251953125,1506.199951171875,52.810001373291016,7982.47021484375,2952.010009765625,26573.720703125,8205.939453125,58.369998931884766
2019-10-05,14166.0,6061.251953125,1506.199951171875,52.810001373291016,7982.47021484375,2952.010009765625,26573.720703125,8151.50048828125,58.369998931884766
2019-10-06,14166.0,6061.251953125,1506.199951171875,52.810001373291016,7982.47021484375,2952.010009765625,26573.720703125,7988.15576171875,58.369998931884766
2019-10-07,14128.0,6000.58203125,1497.699951171875,52.75,7956.2900390625,2938.7900390625,26478.01953125,8245.623046875,58.349998474121094
2019-10-08,14239.5,6039.60107421875,1497.199951171875,52.630001068115234,7823.77978515625,2893.06005859375,26164.0390625,8228.783203125,58.2400016784668
2019-10-09,14210.0,6029.16015625,1506.0999755859375,52.59000015258789,7903.740234375,2919.39990234375,26346.009765625,8595.740234375,58.31999969482422
2019-10-10,14217.5,6023.64111328125,1494.800048828125,53.54999923706055,7950.77978515625,2938.1298828125,26496.669921875,8586.4736328125,59.099998474121094
2019-10-11,14145.0,6105.7998046875,1482.699951171875,54.70000076293945,8057.0400390625,2970.27001953125,26816.58984375,8321.7568359375,60.5099983215332
2019-10-12,14145.0,6105.7998046875,1482.699951171875,54.70000076293945,8057.0400390625,2970.27001953125,26816.58984375,8336.5556640625,60.5099983215332
2019-10-13,14145.0,6105.7998046875,1482.699951171875,54.70000076293945,8057.0400390625,2970.27001953125,26816.58984375,8321.005859375,60.5099983215332
2019-10-14,14121.0,6126.876953125,1491.699951171875,53.59000015258789,8048.64990234375,2966.14990234375,26787.359375,8374.6865234375,59.349998474121094
2019-10-15,14168.5,6158.166015625,1477.5999755859375,52.810001373291016,8148.7099609375,2995.679931640625,27024.80078125,8205.369140625,58.7400016784668
2019-10-16,14216.0,6169.591796875,1488.0,53.36000061035156,8124.18017578125,2989.68994140625,27001.98046875,8047.52685546875,59.41999816894531
2019-10-17,14224.0,6181.01416015625,1492.300048828125,53.93000030517578,8156.85009765625,2997.949951171875,27025.880859375,8103.9111328125,59.90999984741211
2019-10-18,14184.5,6191.94677734375,1488.199951171875,53.779998779296875,8089.5400390625,2986.199951171875,26770.19921875,7973.20751953125,59.41999816894531
2019-10-19,14184.5,6191.94677734375,1488.199951171875,53.779998779296875,8089.5400390625,2986.199951171875,26770.19921875,7988.560546875,59.41999816894531
2019-10-20,14184.5,6191.94677734375,1488.199951171875,53.779998779296875,8089.5400390625,2986.199951171875,26770.19921875,8222.078125,59.41999816894531
2019-10-21,14138.0,6198.98681640625,1482.4000244140625,53.310001373291016,8162.990234375,3006.719970703125,26827.640625,8243.720703125,58.959999084472656
2019-10-22,14102.5,6225.4970703125,1481.699951171875,54.15999984741211,8104.2998046875,2995.989990234375,26788.099609375,8078.203125,59.70000076293945
2019-10-23,14042.5,6257.80615234375,1489.9000244140625,55.970001220703125,8119.7900390625,3004.52001953125,26833.94921875,7514.671875,61.16999816894531
2019-10-24,13987.0,6339.64697265625,1498.9000244140625,56.22999954223633,8185.7998046875,3010.2900390625,26805.529296875,7493.48876953125,61.66999816894531
2019-10-25,14089.5,6252.34521484375,1499.5,56.65999984741211,8243.1201171875,3022.550048828125,26958.060546875,8660.7001953125,62.02000045776367
2019-10-26,14089.5,6252.34521484375,1499.5,56.65999984741211,8243.1201171875,3022.550048828125,26958.060546875,9244.97265625,62.02000045776367
2019-10-27,14089.5,6252.34521484375,1499.5,56.65999984741211,8243.1201171875,3022.550048828125,26958.060546875,9551.71484375,62.02000045776367
2019-10-28,14028.0,6265.3837890625,1490.0,55.810001373291016,8325.990234375,3039.419921875,27090.720703125,9256.1484375,61.56999969482422
2019-10-29,14018.0,6281.13818359375,1487.0,55.540000915527344,8276.849609375,3036.889892578125,27071.4609375,9427.6875,61.59000015258789
2019-10-30,14018.0,6295.7470703125,1493.199951171875,55.060001373291016,8303.98046875,3046.77001953125,27186.689453125,9205.7265625,60.61000061035156
2019-10-31,14060.0,6228.31689453125,1511.4000244140625,54.18000030517578,8292.3603515625,3037.56005859375,27046.23046875,9199.5849609375,60.22999954223633
2019-11-01,14123.5,6207.19091796875,1508.0,56.20000076293945,8386.400390625,3066.909912109375,27347.359375,9261.1044921875,61.689998626708984
2019-11-02,14123.5,6207.19091796875,1508.0,56.20000076293945,8386.400390625,3066.909912109375,27347.359375,9324.7177734375,61.689998626708984
2019-11-03,14123.5,6207.19091796875,1508.0,56.20000076293945,8386.400390625,3066.909912109375,27347.359375,9235.3544921875,61.689998626708984
2019-11-04,14014.0,6180.34423828125,1508.0,56.540000915527344,8433.2001953125,3078.27001953125,27462.109375,9412.6123046875,62.130001068115234
2019-11-05,14058.0,6264.15185546875,1480.800048828125,57.22999954223633,8434.6796875,3074.6201171875,27492.630859375,9342.52734375,62.959999084472656
2019-11-06,14028.5,6217.544921875,1490.199951171875,56.349998474121094,8410.6298828125,3076.780029296875,27492.560546875,9360.8798828125,61.7400016784668
2019-11-07,14008.0,6165.6240234375,1464.199951171875,57.150001525878906,8434.51953125,3085.179931640625,27674.80078125,9267.5615234375,62.290000915527344
2019-11-08,14013.0,6177.98583984375,1461.300048828125,57.2400016784668,8475.3095703125,3093.080078125,27681.240234375,8804.880859375,62.5099983215332
2019-11-09,14013.0,6177.98583984375,1461.300048828125,57.2400016784668,8475.3095703125,3093.080078125,27681.240234375,8813.58203125,62.5099983215332
2019-11-10,14013.0,6177.98583984375,1461.300048828125,57.2400016784668,8475.3095703125,3093.080078125,27681.240234375,9055.5263671875,62.5099983215332
2019-11-11,14014.0390625,6148.740234375,1455.5,56.86000061035156,8464.2802734375,3087.010009765625,27691.490234375,8757.7880859375,62.18000030517578
2019-11-12,13997.2001953125,6180.9921875,1452.0999755859375,56.79999923706055,8486.08984375,3091.840087890625,27691.490234375,8815.662109375,62.060001373291016
2019-11-13,13852.7470703125,6142.5009765625,1461.699951171875,57.119998931884766,8482.099609375,3094.0400390625,27783.58984375,8808.2626953125,62.369998931884766
2019-11-14,13871.640625,6098.9501953125,1471.800048828125,56.77000045776367,8479.01953125,3096.6298828125,27781.9609375,8708.0947265625,62.279998779296875
2019-11-15,14078.0,6128.34521484375,1467.300048828125,57.720001220703125,8540.830078125,3120.4599609375,28004.890625,8491.9921875,63.29999923706055
2019-11-16,14078.0,6128.34521484375,1467.300048828125,57.720001220703125,8540.830078125,3120.4599609375,28004.890625,8550.7607421875,63.29999923706055
2019-11-17,14078.0,6128.34521484375,1467.300048828125,57.720001220703125,8540.830078125,3120.4599609375,28004.890625,8577.9755859375,63.29999923706055
2019-11-18,13840.302734375,6122.625,1470.9000244140625,57.04999923706055,8549.9404296875,3122.030029296875,28036.220703125,8309.2861328125,62.439998626708984
2019-11-19,14139.0,6152.08984375,1473.300048828125,55.209999084472656,8570.66015625,3120.179931640625,27934.01953125,8206.1455078125,60.90999984741211
2019-11-20,14083.0,6155.10888671875,1473.300048828125,57.11000061035156,8526.73046875,3108.4599609375,27821.08984375,8027.26806640625,62.400001525878906
2019-11-21,14035.2783203125,6117.36376953125,1463.0999755859375,58.58000183105469,8506.2099609375,3103.5400390625,27766.2890625,7642.75,63.970001220703125
2019-11-22,14070.0,6100.2421875,1463.0999755859375,57.77000045776367,8519.8798828125,3110.2900390625,27875.619140625,7296.57763671875,63.38999938964844
2019-11-23,14070.0,6100.2421875,1463.0999755859375,57.77000045776367,8519.8798828125,3110.2900390625,27875.619140625,7397.796875,63.38999938964844
2019-11-24,14070.0,6100.2421875,1463.0999755859375,57.77000045776367,8519.8798828125,3110.2900390625,27875.619140625,7047.9169921875,63.38999938964844
2019-11-25,14083.01171875,6070.76220703125,1456.5999755859375,58.0099983215332,8632.490234375,3133.639892578125,28066.470703125,7146.1337890625,63.650001525878906
2019-11-26,14063.748046875,6026.18798828125,1459.800048828125,58.40999984741211,8647.9296875,3140.52001953125,28121.6796875,7218.37109375,64.2699966430664
2019-11-27,14078.0,6023.0390625,1453.4000244140625,58.11000061035156,8705.1796875,3153.6298828125,28164.0,7531.66357421875,64.05999755859375
2019-11-28,14087.1298828125,5953.06005859375,1453.4000244140625,58.11000061035156,8705.1796875,3153.6298828125,28164.0,7463.10595703125,64.05999755859375
2019-11-29,13868.66015625,6011.830078125,1465.5999755859375,55.16999816894531,8665.4697265625,3140.97998046875,28051.41015625,7761.24365234375,62.43000030517578
2019-11-30,13868.66015625,6011.830078125,1465.5999755859375,55.16999816894531,8665.4697265625,3140.97998046875,28051.41015625,7569.6298828125,62.43000030517578
2019-12-01,13868.66015625,6011.830078125,1465.5999755859375,55.16999816894531,8665.4697265625,3140.97998046875,28051.41015625,7424.29248046875,62.43000030517578
2019-12-02,13868.345703125,6130.05517578125,1462.300048828125,55.959999084472656,8567.990234375,3113.8701171875,27783.0390625,7321.98828125,60.91999816894531
2019-12-03,14123.2763671875,6133.89599609375,1478.199951171875,56.099998474121094,8520.6396484375,3093.199951171875,27502.810546875,7320.1455078125,60.81999969482422
2019-12-04,14098.0,6112.87890625,1474.0,58.43000030517578,8566.669921875,3112.760009765625,27649.779296875,7252.03466796875,63.0
2019-12-05,13994.884765625,6152.1171875,1476.9000244140625,58.43000030517578,8570.7001953125,3117.429931640625,27677.7890625,7448.3076171875,63.38999938964844
2019-12-06,14058.0,6186.8681640625,1459.0999755859375,59.20000076293945,8656.5302734375,3145.909912109375,28015.060546875,7546.99658203125,64.38999938964844
2019-12-07,14058.0,6186.8681640625,1459.0999755859375,59.20000076293945,8656.5302734375,3145.909912109375,28015.060546875,7556.23779296875,64.38999938964844
2019-12-08,14058.0,6186.8681640625,1459.0999755859375,59.20000076293945,8656.5302734375,3145.909912109375,28015.060546875,7564.34521484375,64.38999938964844
2019-12-09,14022.3798828125,6193.791015625,1459.300048828125,59.02000045776367,8621.830078125,3135.9599609375,27909.599609375,7400.8994140625,64.25
2019-12-10,14004.6005859375,6183.5048828125,1462.5999755859375,59.2400016784668,8616.1796875,3132.52001953125,27881.720703125,7278.11962890625,64.33999633789062
2019-12-11,14021.0,6180.09912109375,1469.4000244140625,58.7599983215332,8654.0498046875,3141.6298828125,27911.30078125,7217.42724609375,63.720001220703125
2019-12-12,13976.61328125,6139.39697265625,1466.699951171875,59.18000030517578,8717.3203125,3168.570068359375,28132.05078125,7243.13427734375,64.19999694824219
2019-12-13,13933.3564453125,6197.31787109375,1475.5999755859375,60.06999969482422,8734.8798828125,3168.800048828125,28135.380859375,7269.6845703125,65.22000122070312
2019-12-14,13933.3564453125,6197.31787109375,1475.5999755859375,60.06999969482422,8734.8798828125,3168.800048828125,28135.380859375,7124.673828125,65.22000122070312
2019-12-15,13933.3564453125,6197.31787109375,1475.5999755859375,60.06999969482422,8734.8798828125,3168.800048828125,28135.380859375,7152.3017578125,65.22000122070312
2019-12-16,13968.525390625,6211.591796875,1475.0,60.209999084472656,8814.23046875,3191.449951171875,28235.890625,6932.48046875,65.33999633789062
2019-12-17,14022.5,6244.35205078125,1474.5999755859375,60.939998626708984,8823.3603515625,3192.52001953125,28267.16015625,6640.51513671875,66.0999984741211
2019-12-18,14024.0,6287.25,1472.5999755859375,60.93000030517578,8827.740234375,3191.139892578125,28239.279296875,7276.802734375,66.16999816894531
2019-12-19,13966.919921875,6249.93017578125,1478.199951171875,61.220001220703125,8887.2197265625,3205.3701171875,28376.9609375,7202.84423828125,66.54000091552734
2019-12-20,13978.15625,6284.3720703125,1474.699951171875,60.439998626708984,8924.9599609375,3221.219970703125,28455.08984375,7218.81640625,66.13999938964844
2019-12-21,13978.15625,6284.3720703125,1474.699951171875,60.439998626708984,8924.9599609375,3221.219970703125,28455.08984375,7191.15869140625,66.13999938964844
2019-12-22,13978.15625,6284.3720703125,1474.699951171875,60.439998626708984,8924.9599609375,3221.219970703125,28455.08984375,7511.5888671875,66.13999938964844
2019-12-23,13957.5810546875,6305.91015625,1482.5,60.52000045776367,8945.650390625,3224.010009765625,28551.529296875,7355.62841796875,66.38999938964844
2019-12-24,13955.626953125,6305.91015625,1499.0999755859375,61.11000061035156,8952.8798828125,3223.3798828125,28515.44921875,7322.5322265625,67.19999694824219
2019-12-25,13961.0,6305.91015625,1499.0999755859375,61.11000061035156,8952.8798828125,3223.3798828125,28515.44921875,7275.15576171875,67.19999694824219
2019-12-26,13991.0,6319.44287109375,1509.300048828125,61.68000030517578,9022.3896484375,3239.909912109375,28621.390625,7238.966796875,67.91999816894531
2019-12-27,13977.5,6329.31396484375,1513.800048828125,61.720001220703125,9006.6201171875,3240.02001953125,28645.259765625,7290.08837890625,68.16000366210938
2019-12-28,13977.5,6329.31396484375,1513.800048828125,61.720001220703125,9006.6201171875,3240.02001953125,28645.259765625,7317.990234375,68.16000366210938
2019-12-29,13977.5,6329.31396484375,1513.800048828125,61.720001220703125,9006.6201171875,3240.02001953125,28645.259765625,7422.65283203125,68.16000366210938
2019-12-30,13953.841796875,6299.5390625,1514.5,61.68000030517578,8945.990234375,3221.2900390625,28462.140625,7292.9951171875,68.44000244140625
2019-12-31,13919.0,6299.5390625,1519.5,61.060001373291016,8972.599609375,3230.780029296875,28538.439453125,7193.59912109375,66.0
2020-01-01,13690.3720703125,6299.5390625,1519.5,61.060001373291016,8972.599609375,3230.780029296875,28538.439453125,7200.17431640625,66.0
2020-01-02,13689.2314453125,6283.5810546875,1524.5,61.18000030517578,9092.1904296875,3257.85009765625,28868.80078125,6985.47021484375,66.25
2020-01-03,13884.7861328125,6323.4658203125,1549.199951171875,63.04999923706055,9020.76953125,3234.85009765625,28634.880859375,7344.88427734375,68.5999984741211
2020-01-04,13884.7861328125,6323.4658203125,1549.199951171875,63.04999923706055,9020.76953125,3234.85009765625,28634.880859375,7410.65673828125,68.5999984741211
2020-01-05,13884.7861328125,6323.4658203125,1549.199951171875,63.04999923706055,9020.76953125,3234.85009765625,28634.880859375,7411.3173828125,68.5999984741211
2020-01-06,13934.31640625,6257.40283203125,1566.199951171875,63.27000045776367,9071.4697265625,3246.280029296875,28703.380859375,7769.21923828125,68.91000366210938
2020-01-07,13926.5,6279.34619140625,1571.800048828125,62.70000076293945,9068.580078125,3237.179931640625,28583.6796875,8163.6923828125,68.2699966430664
2020-01-08,13867.236328125,6225.68603515625,1557.4000244140625,59.61000061035156,9129.240234375,3253.050048828125,28745.08984375,8079.86279296875,65.44000244140625
2020-01-09,13886.939453125,6274.4931640625,1551.699951171875,59.560001373291016,9203.4296875,3274.699951171875,28956.900390625,7879.0712890625,65.37000274658203
2020-01-10,13827.560546875,6274.94091796875,1557.5,59.040000915527344,9178.8603515625,3265.35009765625,28823.76953125,8166.55419921875,64.9800033569336
2020-01-11,13827.560546875,6274.94091796875,1557.5,59.040000915527344,9178.8603515625,3265.35009765625,28823.76953125,8037.53759765625,64.9800033569336
2020-01-12,13827.560546875,6274.94091796875,1557.5,59.040000915527344,9178.8603515625,3265.35009765625,28823.76953125,8192.494140625,64.9800033569336
2020-01-13,13522.4345703125,6296.56689453125,1548.4000244140625,58.08000183105469,9273.9296875,3288.1298828125,28907.05078125,8144.1943359375,64.19999694824219
2020-01-14,13665.3046875,6325.40576171875,1542.4000244140625,58.22999954223633,9251.330078125,3283.14990234375,28939.669921875,8827.7646484375,64.48999786376953
2020-01-15,13668.0400390625,6283.365234375,1552.0999755859375,57.810001373291016,9258.7001953125,3289.2900390625,29030.220703125,8807.0107421875,64.0
2020-01-16,13665.0966796875,6286.0478515625,1549.0,58.52000045776367,9357.1298828125,3316.81005859375,29297.640625,8723.7861328125,64.62000274658203
2020-01-17,13623.0,6291.6572265625,1558.800048828125,58.540000915527344,9388.9404296875,3329.6201171875,29348.099609375,8929.0380859375,64.8499984741211
2020-01-18,13623.0,6291.6572265625,1558.800048828125,58.540000915527344,9388.9404296875,3329.6201171875,29348.099609375,8942.80859375,64.8499984741211
2020-01-19,13623.0,6291.6572265625,1558.800048828125,58.540000915527344,9388.9404296875,3329.6201171875,29348.099609375,8706.2451171875,64.8499984741211
2020-01-20,13456.98828125,6245.04296875,1558.800048828125,58.540000915527344,9388.9404296875,3329.6201171875,29348.099609375,8657.642578125,64.8499984741211
2020-01-21,13615.0,6238.15283203125,1556.4000244140625,58.34000015258789,9370.8095703125,3320.7900390625,29196.0390625,8745.89453125,64.58999633789062
2020-01-22,13651.0,6233.453125,1555.300048828125,56.7400016784668,9383.76953125,3321.75,29186.26953125,8680.8759765625,63.209999084472656
2020-01-23,13626.38671875,6249.2099609375,1564.5999755859375,55.59000015258789,9402.48046875,3325.5400390625,29160.08984375,8406.515625,62.040000915527344
2020-01-24,13609.1884765625,6244.10888671875,1571.0999755859375,54.189998626708984,9314.91015625,3295.469970703125,28989.73046875,8445.4345703125,60.689998626708984
2020-01-25,13609.1884765625,6244.10888671875,1571.0999755859375,54.189998626708984,9314.91015625,3295.469970703125,28989.73046875,8367.84765625,60.689998626708984
2020-01-26,13609.1884765625,6244.10888671875,1571.0999755859375,54.189998626708984,9314.91015625,3295.469970703125,28989.73046875,8596.830078125,60.689998626708984
2020-01-27,13711.9736328125,6133.2080078125,1576.800048828125,53.13999938964844,9139.3095703125,3243.6298828125,28535.80078125,8909.8193359375,59.31999969482422
2020-01-28,13213.240234375,6111.18408203125,1569.199951171875,53.47999954223633,9269.6796875,3276.239990234375,28722.849609375,9358.58984375,59.5099983215332
2020-01-29,13634.0,6113.044921875,1569.800048828125,53.33000183105469,9275.16015625,3273.39990234375,28734.44921875,9316.6298828125,59.810001373291016
2020-01-30,13614.0146484375,6057.59619140625,1583.5,52.13999938964844,9298.9296875,3283.659912109375,28859.439453125,9508.9931640625,58.290000915527344
2020-01-31,13643.1806640625,5940.0478515625,1582.9000244140625,51.560001373291016,9150.9404296875,3225.52001953125,28256.029296875,9350.529296875,58.15999984741211
2020-02-01,13643.1806640625,5940.0478515625,1582.9000244140625,51.560001373291016,9150.9404296875,3225.52001953125,28256.029296875,9392.875,58.15999984741211
2020-02-02,13643.1806640625,5940.0478515625,1582.9000244140625,51.560001373291016,9150.9404296875,3225.52001953125,28256.029296875,9344.365234375,58.15999984741211
2020-02-03,13633.126953125,5884.169921875,1577.199951171875,50.11000061035156,9273.400390625,3248.919921875,28399.810546875,9293.521484375,54.45000076293945
2020-02-04,13735.5,5922.3388671875,1550.4000244140625,49.61000061035156,9467.9697265625,3297.590087890625,28807.630859375,9180.962890625,53.959999084472656
2020-02-05,13702.4072265625,5978.509765625,1557.800048828125,50.75,9508.6796875,3334.68994140625,29290.849609375,9613.423828125,55.279998779296875
2020-02-06,13668.267578125,5987.14501953125,1565.0999755859375,50.95000076293945,9572.150390625,3345.780029296875,29379.76953125,9729.8017578125,54.93000030517578
2020-02-07,13698.0,5999.60693359375,1568.5999755859375,50.31999969482422,9520.509765625,3327.7099609375,29102.509765625,9795.943359375,54.470001220703125
2020-02-08,13698.0,5999.60693359375,1568.5999755859375,50.31999969482422,9520.509765625,3327.7099609375,29102.509765625,9865.119140625,54.470001220703125
2020-02-09,13698.0,5999.60693359375,1568.5999755859375,50.31999969482422,9520.509765625,3327.7099609375,29102.509765625,10116.673828125,54.470001220703125
2020-02-10,13675.853515625,5952.0830078125,1574.699951171875,49.56999969482422,9628.3896484375,3352.090087890625,29276.8203125,9856.611328125,53.27000045776367
2020-02-11,13691.58984375,5954.39697265625,1565.5999755859375,49.939998626708984,9638.9404296875,3357.75,29276.33984375,10208.236328125,54.0099983215332
2020-02-12,13657.5537109375,5913.0810546875,1567.4000244140625,51.16999816894531,9725.9599609375,3379.449951171875,29551.419921875,10326.0546875,55.790000915527344
2020-02-13,13500.7373046875,5871.9541015625,1575.0999755859375,51.41999816894531,9711.9697265625,3373.93994140625,29423.310546875,10214.3798828125,56.34000015258789
2020-02-14,13695.400390625,5866.94482421875,1582.699951171875,52.04999923706055,9731.1796875,3380.159912109375,29398.080078125,10312.1162109375,57.31999969482422
2020-02-15,13695.400390625,5866.94482421875,1582.699951171875,52.04999923706055,9731.1796875,3380.159912109375,29398.080078125,9889.4248046875,57.31999969482422
2020-02-16,13695.400390625,5866.94482421875,1582.699951171875,52.04999923706055,9731.1796875,3380.159912109375,29398.080078125,9934.43359375,57.31999969482422
2020-02-17,13681.2900390625,5867.52294921875,1582.699951171875,52.04999923706055,9731.1796875,3380.159912109375,29398.080078125,9690.142578125,57.31999969482422
2020-02-18,13649.2412109375,5886.9619140625,1600.0,52.04999923706055,9732.740234375,3370.2900390625,29232.189453125,10141.99609375,57.75
2020-02-19,13768.0,5928.791015625,1607.5,53.290000915527344,9817.1796875,3386.14990234375,29348.029296875,9633.38671875,59.119998931884766
2020-02-20,13762.0,5942.48681640625,1616.5999755859375,53.779998779296875,9750.9697265625,3373.22998046875,29219.98046875,9608.4755859375,59.310001373291016
2020-02-21,13703.482421875,5882.2548828125,1644.5999755859375,53.380001068115234,9576.58984375,3337.75,28992.41015625,9686.44140625,58.5
2020-02-22,13703.482421875,5882.2548828125,1644.5999755859375,53.380001068115234,9576.58984375,3337.75,28992.41015625,9663.181640625,58.5
2020-02-23,13703.482421875,5882.2548828125,1644.5999755859375,53.380001068115234,9576.58984375,3337.75,28992.41015625,9924.515625,58.5
2020-02-24,13771.486328125,5807.0498046875,1672.4000244140625,51.43000030517578,9221.2802734375,3225.889892578125,27960.80078125,9650.1748046875,56.29999923706055
2020-02-25,13879.9296875,5787.13818359375,1646.9000244140625,49.900001525878906,8965.6103515625,3128.2099609375,27081.359375,9341.705078125,54.95000076293945
2020-02-26,14056.5,5688.9208984375,1640.0,48.72999954223633,8980.7802734375,3116.389892578125,26957.58984375,8820.5224609375,53.43000030517578
2020-02-27,13931.0,5535.69384765625,1640.0,47.09000015258789,8566.48046875,2978.760009765625,25766.640625,8784.494140625,52.18000030517578
2020-02-28,14316.0,5452.7041015625,1564.0999755859375,44.7599983215332,8567.3701171875,2954.219970703125,25409.359375,8672.455078125,50.52000045776367
2020-02-29,14316.0,5452.7041015625,1564.0999755859375,44.7599983215332,8567.3701171875,2954.219970703125,25409.359375,8599.5087890625,50.52000045776367
2020-03-01,14316.0,5452.7041015625,1564.0999755859375,44.7599983215332,8567.3701171875,2954.219970703125,25409.359375,8562.4541015625,50.52000045776367
2020-03-02,13971.9619140625,5361.24609375,1592.300048828125,46.75,8952.169921875,3090.22998046875,26703.3203125,8869.669921875,51.900001525878906
2020-03-03,14220.0,5518.6279296875,1642.0999755859375,47.18000030517578,8684.08984375,3003.3701171875,25917.41015625,8787.7861328125,51.86000061035156
2020-03-04,14199.5,5650.13623046875,1641.0999755859375,46.779998779296875,9018.08984375,3130.1201171875,27090.859375,8755.24609375,51.130001068115234
2020-03-05,14256.0,5638.1298828125,1666.4000244140625,45.900001525878906,8738.58984375,3023.93994140625,26121.279296875,9078.7626953125,49.9900016784668
2020-03-06,14309.599609375,5498.5400390625,1670.800048828125,41.279998779296875,8575.6201171875,2972.3701171875,25864.779296875,9122.5458984375,45.27000045776367
2020-03-07,14309.599609375,5498.5400390625,1670.800048828125,41.279998779296875,8575.6201171875,2972.3701171875,25864.779296875,8909.9541015625,45.27000045776367
2020-03-08,14309.599609375,5498.5400390625,1670.800048828125,41.279998779296875,8575.6201171875,2972.3701171875,25864.779296875,8108.1162109375,45.27000045776367
2020-03-09,14251.5390625,5136.80908203125,1674.5,31.1299991607666,7950.68017578125,2746.56005859375,23851.01953125,7923.64453125,34.36000061035156
2020-03-10,14094.818359375,5220.826171875,1659.0999755859375,34.36000061035156,8344.25,2882.22998046875,25018.16015625,7909.7294921875,37.220001220703125
2020-03-11,14272.900390625,5154.10498046875,1641.4000244140625,32.97999954223633,7952.0498046875,2741.3798828125,23553.220703125,7911.43017578125,35.790000915527344
2020-03-12,14526.0,4895.748046875,1589.300048828125,31.5,7201.7998046875,2480.639892578125,21200.619140625,4970.7880859375,33.220001220703125
2020-03-13,14850.0,4907.57080078125,1515.699951171875,31.729999542236328,7874.8798828125,2711.02001953125,23185.619140625,5563.70703125,33.849998474121094
2020-03-14,14850.0,4907.57080078125,1515.699951171875,31.729999542236328,7874.8798828125,2711.02001953125,23185.619140625,5200.3662109375,33.849998474121094
2020-03-15,14850.0,4907.57080078125,1515.699951171875,31.729999542236328,7874.8798828125,2711.02001953125,23185.619140625,5392.31494140625,33.849998474121094
2020-03-16,14635.0224609375,4690.6572265625,1485.9000244140625,28.700000762939453,6904.58984375,2386.1298828125,20188.51953125,5014.47998046875,30.049999237060547
2020-03-17,15192.0,4456.7490234375,1524.9000244140625,26.950000762939453,7334.77978515625,2529.18994140625,21237.380859375,5225.62939453125,28.729999542236328
2020-03-18,14955.7880859375,4330.673828125,1477.300048828125,20.3700008392334,6989.83984375,2398.10009765625,19898.919921875,5238.4384765625,24.8799991607666
2020-03-19,15474.5,4105.421875,1478.5999755859375,25.219999313354492,7150.580078125,2409.389892578125,20087.189453125,6191.19287109375,28.469999313354492
2020-03-20,15908.0,4194.94384765625,1484.0,22.43000030517578,6879.52001953125,2304.919921875,19173.98046875,6198.7783203125,26.979999542236328
2020-03-21,15908.0,4194.94384765625,1484.0,22.43000030517578,6879.52001953125,2304.919921875,19173.98046875,6185.06640625,26.979999542236328
2020-03-22,15908.0,4194.94384765625,1484.0,22.43000030517578,6879.52001953125,2304.919921875,19173.98046875,5830.2548828125,26.979999542236328
2020-03-23,15766.2470703125,3989.51708984375,1567.0,23.360000610351562,6860.669921875,2237.39990234375,18591.9296875,6416.31494140625,27.030000686645508
2020-03-24,16504.80078125,3937.632080078125,1660.199951171875,24.010000228881836,7417.85986328125,2447.330078125,20704.91015625,6734.8037109375,27.149999618530273
2020-03-25,16216.5,3937.632080078125,1632.300048828125,24.489999771118164,7384.2998046875,2475.56005859375,21200.55078125,6681.06298828125,27.389999389648438
2020-03-26,16447.720703125,4338.90380859375,1650.0999755859375,22.600000381469727,7797.5400390625,2630.070068359375,22552.169921875,6716.4404296875,26.34000015258789
2020-03-27,16218.63671875,4545.57080078125,1623.9000244140625,21.510000228881836,7502.3798828125,2541.469970703125,21636.779296875,6469.79833984375,24.93000030517578
2020-03-28,16218.63671875,4545.57080078125,1623.9000244140625,21.510000228881836,7502.3798828125,2541.469970703125,21636.779296875,6242.19384765625,24.93000030517578
2020-03-29,16218.63671875,4545.57080078125,1623.9000244140625,21.510000228881836,7502.3798828125,2541.469970703125,21636.779296875,5922.04296875,24.93000030517578
2020-03-30,16005.3349609375,4414.5,1622.0,20.09000015258789,7774.14990234375,2626.64990234375,22327.48046875,6429.841796875,22.760000228881836
2020-03-31,16346.9619140625,4538.93017578125,1583.4000244140625,20.479999542236328,7700.10009765625,2584.590087890625,21917.16015625,6438.64453125,22.739999771118164
2020-04-01,16277.943359375,4466.037109375,1578.199951171875,20.309999465942383,7360.580078125,2470.5,20943.509765625,6606.7763671875,24.739999771118164
2020-04-02,16412.80859375,4531.68505859375,1625.699951171875,25.31999969482422,7487.31005859375,2526.89990234375,21413.439453125,6793.62451171875,29.940000534057617
2020-04-03,16441.263671875,4623.42919921875,1633.699951171875,28.34000015258789,7373.080078125,2488.64990234375,21052.529296875,6733.38720703125,34.11000061035156
2020-04-04,16441.263671875,4623.42919921875,1633.699951171875,28.34000015258789,7373.080078125,2488.64990234375,21052.529296875,6867.52734375,34.11000061035156
2020-04-05,16441.263671875,4623.42919921875,1633.699951171875,28.34000015258789,7373.080078125,2488.64990234375,21052.529296875,6791.12939453125,34.11000061035156
2020-04-06,16418.0,4811.8271484375,1677.0,26.079999923706055,7913.240234375,2663.679931640625,22679.990234375,7271.78125,33.04999923706055
2020-04-07,16364.6484375,4778.63916015625,1664.800048828125,23.6299991607666,7887.259765625,2659.409912109375,22653.859375,7176.41455078125,31.8700008392334
2020-04-08,16225.0,4626.69482421875,1665.4000244140625,25.09000015258789,8090.89990234375,2749.97998046875,23433.5703125,7334.0986328125,32.84000015258789
2020-04-09,16159.376953125,4649.0791015625,1736.199951171875,22.760000228881836,8153.580078125,2789.820068359375,23719.369140625,7302.08935546875,31.479999542236328
2020-04-10,15811.9677734375,4649.0791015625,1736.199951171875,22.760000228881836,8153.580078125,2789.820068359375,23719.369140625,6865.4931640625,31.479999542236328
2020-04-11,15811.9677734375,4649.0791015625,1736.199951171875,22.760000228881836,8153.580078125,2789.820068359375,23719.369140625,6859.0830078125,31.479999542236328
2020-04-12,15811.9677734375,4649.0791015625,1736.199951171875,22.760000228881836,8153.580078125,2789.820068359375,23719.369140625,6971.091796875,31.479999542236328
2020-04-13,15800.0,4623.89404296875,1744.800048828125,22.40999984741211,8192.419921875,2761.6298828125,23390.76953125,6845.03759765625,31.739999771118164
2020-04-14,15751.0,4706.4912109375,1756.699951171875,20.110000610351562,8515.740234375,2846.06005859375,23949.759765625,6842.427734375,29.600000381469727
2020-04-15,15578.3466796875,4625.90478515625,1727.199951171875,19.8700008392334,8393.1796875,2783.360107421875,23504.349609375,6642.10986328125,27.690000534057617
2020-04-16,15887.5,4480.60693359375,1720.4000244140625,19.8700008392334,8532.3603515625,2799.550048828125,23537.6796875,7116.80419921875,27.81999969482422
2020-04-17,15568.3388671875,4634.82080078125,1689.199951171875,18.270000457763672,8650.1396484375,2874.56005859375,24242.490234375,7096.1845703125,28.079999923706055
2020-04-18,15568.3388671875,4634.82080078125,1689.199951171875,18.270000457763672,8650.1396484375,2874.56005859375,24242.490234375,7257.6650390625,28.079999923706055
2020-04-19,15568.3388671875,4634.82080078125,1689.199951171875,18.270000457763672,8650.1396484375,2874.56005859375,24242.490234375,7189.4248046875,28.079999923706055
2020-04-20,15423.0,4575.90478515625,1701.5999755859375,-37.630001068115234,8560.73046875,2823.159912109375,23650.439453125,6881.95849609375,25.56999969482422
2020-04-21,15377.080078125,4501.9189453125,1678.199951171875,10.010000228881836,8263.23046875,2736.56005859375,23018.880859375,6880.3232421875,19.329999923706055
2020-04-22,15394.6787109375,4567.56201171875,1728.699951171875,13.779999732971191,8495.3798828125,2799.31005859375,23475.8203125,7117.20751953125,20.3700008392334
2020-04-23,15408.6220703125,4593.55419921875,1733.300048828125,16.5,8494.75,2797.800048828125,23515.259765625,7429.724609375,21.329999923706055
2020-04-24,15665.0,4496.06396484375,1723.5,16.940000534057617,8634.51953125,2836.739990234375,23775.26953125,7550.90087890625,21.440000534057617
2020-04-25,15665.0,4496.06396484375,1723.5,16.940000534057617,8634.51953125,2836.739990234375,23775.26953125,7569.93603515625,21.440000534057617
2020-04-26,15665.0,4496.06396484375,1723.5,16.940000534057617,8634.51953125,2836.739990234375,23775.26953125,7679.8671875,21.440000534057617
2020-04-27,15348.744140625,4513.14111328125,1711.9000244140625,12.779999732971191,8730.16015625,2878.47998046875,24133.779296875,7795.60107421875,19.989999771118164
2020-04-28,15312.3857421875,4529.55419921875,1710.5,12.34000015258789,8607.73046875,2863.389892578125,24101.55078125,7807.05859375,20.459999084472656
2020-04-29,15364.5947265625,4567.3232421875,1703.4000244140625,15.0600004196167,8914.7099609375,2939.510009765625,24633.859375,8801.0380859375,22.540000915527344
2020-04-30,15234.63671875,4716.40283203125,1684.199951171875,18.84000015258789,8889.5498046875,2912.429931640625,24345.720703125,8658.5537109375,25.270000457763672
2020-05-01,15249.0,4716.40283203125,1694.5,19.780000686645508,8604.9501953125,2830.7099609375,23723.689453125,8864.7666015625,26.440000534057617
2020-05-02,15249.0,4716.40283203125,1694.5,19.780000686645508,8604.9501953125,2830.7099609375,23723.689453125,8988.5966796875,26.440000534057617
2020-05-03,15249.0,4716.40283203125,1694.5,19.780000686645508,8604.9501953125,2830.7099609375,23723.689453125,8897.46875,26.440000534057617
2020-05-04,14671.0,4605.48681640625,1706.9000244140625,20.389999389648438,8710.7099609375,2842.739990234375,23749.759765625,8912.654296875,27.200000762939453
2020-05-05,15044.0,4630.1328125,1704.4000244140625,24.559999465942383,8809.1201171875,2868.43994140625,23883.08984375,9003.0703125,30.969999313354492
2020-05-06,15335.0,4608.7900390625,1684.199951171875,23.989999771118164,8854.3896484375,2848.419921875,23664.640625,9268.76171875,29.719999313354492
2020-05-07,14998.33203125,4608.7900390625,1721.800048828125,23.549999237060547,8979.66015625,2881.18994140625,23875.890625,9951.5185546875,29.459999084472656
2020-05-08,15227.0,4597.43017578125,1709.9000244140625,24.739999771118164,9121.3203125,2929.800048828125,24331.3203125,9842.666015625,30.969999313354492
2020-05-09,15227.0,4597.43017578125,1709.9000244140625,24.739999771118164,9121.3203125,2929.800048828125,24331.3203125,9593.896484375,30.969999313354492
2020-05-10,15227.0,4597.43017578125,1709.9000244140625,24.739999771118164,9121.3203125,2929.800048828125,24331.3203125,8756.4306640625,30.969999313354492
2020-05-11,14721.3984375,4639.10498046875,1695.300048828125,24.139999389648438,9192.33984375,2930.18994140625,24221.990234375,8601.7958984375,29.6299991607666
2020-05-12,14848.7001953125,4588.73388671875,1704.4000244140625,25.780000686645508,9002.5498046875,2870.1201171875,23764.779296875,8804.4775390625,29.979999542236328
2020-05-13,14994.0,4554.35888671875,1713.9000244140625,25.290000915527344,8863.169921875,2820.0,23247.970703125,9269.9873046875,29.190000534057617
2020-05-14,14846.873046875,4513.833984375,1738.0999755859375,27.559999465942383,8943.7197265625,2852.5,23625.33984375,9733.7216796875,31.1299991607666
2020-05-15,14810.1201171875,4507.60693359375,1753.4000244140625,29.43000030517578,9014.5595703125,2863.699951171875,23685.419921875,9328.197265625,32.5
2020-05-16,14810.1201171875,4507.60693359375,1753.4000244140625,29.43000030517578,9014.5595703125,2863.699951171875,23685.419921875,9377.013671875,32.5
2020-05-17,14810.1201171875,4507.60693359375,1753.4000244140625,29.43000030517578,9014.5595703125,2863.699951171875,23685.419921875,9670.7392578125,32.5
2020-05-18,14853.0,4511.05810546875,1731.800048828125,31.81999969482422,9234.830078125,2953.909912109375,24597.369140625,9726.5751953125,34.810001373291016
2020-05-19,14878.0,4548.65576171875,1744.199951171875,32.5,9185.099609375,2922.93994140625,24206.859375,9729.0380859375,34.650001525878906
2020-05-20,14748.447265625,4545.9521484375,1750.5999755859375,33.4900016784668,9375.7802734375,2971.610107421875,24575.900390625,9522.9814453125,35.75
2020-05-21,14771.0,4545.9521484375,1720.5,33.91999816894531,9284.8798828125,2948.510009765625,24474.119140625,9081.76171875,36.060001373291016
2020-05-22,14826.0,4545.9521484375,1734.5999755859375,33.25,9324.58984375,2955.449951171875,24465.16015625,9182.5771484375,35.130001068115234
2020-05-23,14826.0,4545.9521484375,1734.5999755859375,33.25,9324.58984375,2955.449951171875,24465.16015625,9209.287109375,35.130001068115234
2020-05-24,14826.0,4545.9521484375,1734.5999755859375,33.25,9324.58984375,2955.449951171875,24465.16015625,8790.3681640625,35.130001068115234
2020-05-25,14703.0,4545.9521484375,1734.5999755859375,33.25,9324.58984375,2955.449951171875,24465.16015625,8906.9345703125,35.130001068115234
2020-05-26,14501.7578125,4626.798828125,1704.800048828125,34.349998474121094,9340.2197265625,2991.77001953125,24995.109375,8835.052734375,36.16999816894531
2020-05-27,14850.0,4641.55517578125,1710.300048828125,32.810001373291016,9412.3603515625,3036.1298828125,25548.26953125,9181.017578125,34.7400016784668
2020-05-28,14888.5,4716.18505859375,1713.300048828125,33.709999084472656,9368.990234375,3029.72998046875,25400.640625,9525.7509765625,35.290000915527344
2020-05-29,14825.0,4753.61181640625,1736.9000244140625,35.4900016784668,9489.8701171875,3044.31005859375,25383.109375,9439.1240234375,35.33000183105469
2020-05-30,14825.0,4753.61181640625,1736.9000244140625,35.4900016784668,9489.8701171875,3044.31005859375,25383.109375,9700.4140625,35.33000183105469
2020-05-31,14825.0,4753.61181640625,1736.9000244140625,35.4900016784668,9489.8701171875,3044.31005859375,25383.109375,9461.05859375,35.33000183105469
2020-06-01,14603.0,4753.61181640625,1737.800048828125,35.439998626708984,9552.0498046875,3055.72998046875,25475.01953125,10167.2685546875,38.31999969482422
2020-06-02,14573.5,4847.5068359375,1725.199951171875,36.810001373291016,9608.3798828125,3080.820068359375,25742.650390625,9529.8037109375,39.56999969482422
2020-06-03,14343.8232421875,4941.005859375,1697.800048828125,37.290000915527344,9682.91015625,3122.8701171875,26269.890625,9656.7177734375,39.790000915527344
2020-06-04,14130.0,4916.7041015625,1718.9000244140625,37.40999984741211,9615.8095703125,3112.35009765625,26281.8203125,9800.63671875,39.9900016784668
2020-06-05,14085.447265625,4947.7822265625,1676.199951171875,39.54999923706055,9814.080078125,3193.929931640625,27110.98046875,9665.533203125,42.29999923706055
2020-06-06,14085.447265625,4947.7822265625,1676.199951171875,39.54999923706055,9814.080078125,3193.929931640625,27110.98046875,9653.6796875,42.29999923706055
2020-06-07,14085.447265625,4947.7822265625,1676.199951171875,39.54999923706055,9814.080078125,3193.929931640625,27110.98046875,9758.8525390625,42.29999923706055
2020-06-08,13863.0,5070.56103515625,1698.300048828125,38.189998626708984,9924.75,3232.389892578125,27572.439453125,9771.4892578125,40.79999923706055
2020-06-09,14070.7998046875,5035.05517578125,1714.699951171875,38.939998626708984,9953.75,3207.179931640625,27272.30078125,9795.7001953125,41.18000030517578
2020-06-10,13852.103515625,4920.68212890625,1713.300048828125,39.599998474121094,10020.349609375,3190.139892578125,26989.990234375,9870.0947265625,41.72999954223633
2020-06-11,13947.443359375,4854.75390625,1732.0,36.34000015258789,9492.73046875,3002.10009765625,25128.169921875,9321.78125,38.54999923706055
2020-06-12,14475.0,4880.35888671875,1729.300048828125,36.2599983215332,9588.8095703125,3041.31005859375,25605.5390625,9480.84375,38.72999954223633
2020-06-13,14475.0,4880.35888671875,1729.300048828125,36.2599983215332,9588.8095703125,3041.31005859375,25605.5390625,9475.27734375,38.72999954223633
2020-06-14,14475.0,4880.35888671875,1729.300048828125,36.2599983215332,9588.8095703125,3041.31005859375,25605.5390625,9386.7880859375,38.72999954223633
2020-06-15,14118.0,4816.3359375,1720.300048828125,37.119998931884766,9726.01953125,3066.590087890625,25763.16015625,9450.7021484375,39.720001220703125
2020-06-16,13988.119140625,4986.4580078125,1729.5999755859375,38.380001068115234,9895.8701171875,3124.739990234375,26289.98046875,9538.0244140625,40.959999084472656
2020-06-17,14275.0,4987.77587890625,1729.199951171875,37.959999084472656,9910.5302734375,3113.489990234375,26119.609375,9480.2548828125,40.709999084472656
2020-06-18,14102.7353515625,4925.248046875,1724.800048828125,38.84000015258789,9943.0498046875,3115.340087890625,26080.099609375,9411.8408203125,41.5099983215332
2020-06-19,13997.6923828125,4942.27490234375,1745.9000244140625,39.75,9946.1201171875,3097.739990234375,25871.4609375,9288.0185546875,42.189998626708984
2020-06-20,13997.6923828125,4942.27490234375,1745.9000244140625,39.75,9946.1201171875,3097.739990234375,25871.4609375,9332.3408203125,42.189998626708984
2020-06-21,13997.6923828125,4942.27490234375,1745.9000244140625,39.75,9946.1201171875,3097.739990234375,25871.4609375,9303.6298828125,42.189998626708984
2020-06-22,14093.0,4918.8310546875,1756.699951171875,40.459999084472656,10056.48046875,3117.860107421875,26024.9609375,9648.7177734375,43.08000183105469
2020-06-23,14080.134765625,4879.1328125,1772.0999755859375,40.369998931884766,10131.3701171875,3131.2900390625,26156.099609375,9629.658203125,42.630001068115234
2020-06-24,14113.177734375,4964.73486328125,1765.800048828125,38.0099983215332,9909.169921875,3050.330078125,25445.939453125,9313.6103515625,40.310001373291016
2020-06-25,14289.2998046875,4896.72998046875,1762.0999755859375,38.720001220703125,10017.0,3083.760009765625,25745.599609375,9264.8134765625,41.04999923706055
2020-06-26,14376.2001953125,4904.087890625,1772.5,38.4900016784668,9757.2197265625,3009.050048828125,25015.55078125,9162.91796875,41.02000045776367
2020-06-27,14376.2001953125,4904.087890625,1772.5,38.4900016784668,9757.2197265625,3009.050048828125,25015.55078125,9045.390625,41.02000045776367
2020-06-28,14376.2001953125,4904.087890625,1772.5,38.4900016784668,9757.2197265625,3009.050048828125,25015.55078125,9143.58203125,41.02000045776367
2020-06-29,14213.0,4901.81787109375,1774.800048828125,39.70000076293945,9874.150390625,3053.239990234375,25595.80078125,9190.8544921875,41.709999084472656
2020-06-30,14470.2001953125,4905.39208984375,1793.0,39.27000045776367,10058.76953125,3100.2900390625,25812.880859375,9137.9931640625,41.150001525878906
2020-07-01,14194.05078125,4914.38818359375,1773.199951171875,39.81999969482422,10154.6298828125,3115.860107421875,25734.970703125,9228.3251953125,42.029998779296875
2020-07-02,14187.8583984375,4966.77978515625,1784.0,40.650001525878906,10207.6298828125,3130.010009765625,25827.359375,9123.41015625,43.13999938964844
2020-07-03,14298.779296875,4973.7939453125,1784.0,40.650001525878906,10207.6298828125,3130.010009765625,25827.359375,9087.3037109375,43.13999938964844
2020-07-04,14298.779296875,4973.7939453125,1784.0,40.650001525878906,10207.6298828125,3130.010009765625,25827.359375,9132.48828125,43.13999938964844
2020-07-05,14298.779296875,4973.7939453125,1784.0,40.650001525878906,10207.6298828125,3130.010009765625,25827.359375,9073.9423828125,43.13999938964844
2020-07-06,14503.0,4988.8662109375,1788.5,40.630001068115234,10433.650390625,3179.719970703125,26287.029296875,9375.474609375,43.099998474121094
2020-07-07,14206.5087890625,4987.08203125,1804.199951171875,40.619998931884766,10343.8896484375,3145.320068359375,25890.1796875,9252.27734375,43.08000183105469
2020-07-08,14483.5,5076.173828125,1815.5,40.900001525878906,10492.5,3169.93994140625,26067.279296875,9428.3330078125,43.290000915527344
2020-07-09,14349.5654296875,5052.7939453125,1799.199951171875,39.619998931884766,10547.75,3152.050048828125,25706.08984375,9277.9677734375,42.349998474121094
2020-07-10,14545.7001953125,5031.255859375,1798.199951171875,40.54999923706055,10617.4404296875,3185.0400390625,26075.30078125,9278.8076171875,43.2400016784668
2020-07-11,14545.7001953125,5031.255859375,1798.199951171875,40.54999923706055,10617.4404296875,3185.0400390625,26075.30078125,9240.3466796875,43.2400016784668
2020-07-12,14545.7001953125,5031.255859375,1798.199951171875,40.54999923706055,10617.4404296875,3185.0400390625,26075.30078125,9276.5,43.2400016784668
2020-07-13,14428.0,5064.44677734375,1811.0,40.099998474121094,10390.83984375,3155.219970703125,26085.80078125,9243.6142578125,42.720001220703125
2020-07-14,14584.0,5079.1220703125,1810.5999755859375,40.290000915527344,10488.580078125,3197.52001953125,26642.58984375,9243.2138671875,42.900001525878906
2020-07-15,14715.400390625,5075.7978515625,1811.4000244140625,41.20000076293945,10550.490234375,3226.56005859375,26870.099609375,9192.8369140625,43.790000915527344
2020-07-16,14561.171875,5098.3740234375,1798.699951171875,40.75,10473.830078125,3215.570068359375,26734.7109375,9132.2275390625,43.369998931884766
2020-07-17,14552.2099609375,5079.5849609375,1808.300048828125,40.59000015258789,10503.1904296875,3224.72998046875,26671.94921875,9151.392578125,43.13999938964844
2020-07-18,14552.2099609375,5079.5849609375,1808.300048828125,40.59000015258789,10503.1904296875,3224.72998046875,26671.94921875,9159.0400390625,43.13999938964844
2020-07-19,14552.2099609375,5079.5849609375,1808.300048828125,40.59000015258789,10503.1904296875,3224.72998046875,26671.94921875,9185.8173828125,43.13999938964844
2020-07-20,14688.0,5051.10595703125,1815.9000244140625,40.810001373291016,10767.08984375,3251.840087890625,26680.869140625,9164.2314453125,43.279998779296875
2020-07-21,14949.2998046875,5114.708984375,1842.4000244140625,41.959999084472656,10680.3603515625,3257.300048828125,26840.400390625,9374.8876953125,44.31999969482422
2020-07-22,14626.8623046875,5110.18701171875,1864.0999755859375,41.900001525878906,10706.1298828125,3276.02001953125,27005.83984375,9525.36328125,44.290000915527344
2020-07-23,14630.0,5145.009765625,1889.0999755859375,41.06999969482422,10461.419921875,3235.659912109375,26652.330078125,9581.072265625,43.310001373291016
2020-07-24,14578.904296875,5082.9912109375,1897.300048828125,41.290000915527344,10363.1796875,3215.6298828125,26469.890625,9536.892578125,43.34000015258789
2020-07-25,14578.904296875,5082.9912109375,1897.300048828125,41.290000915527344,10363.1796875,3215.6298828125,26469.890625,9677.11328125,43.34000015258789
2020-07-26,14578.904296875,5082.9912109375,1897.300048828125,41.290000915527344,10363.1796875,3215.6298828125,26469.890625,9905.1669921875,43.34000015258789
2020-07-27,14603.0,5116.666015625,1931.0,41.599998474121094,10536.26953125,3239.409912109375,26584.76953125,10990.873046875,43.40999984741211
2020-07-28,14614.5,5112.98876953125,1944.699951171875,41.040000915527344,10402.08984375,3218.43994140625,26379.279296875,10912.8232421875,43.220001220703125
2020-07-29,14633.5,5149.6298828125,1953.5,41.27000045776367,10542.9404296875,3258.43994140625,26539.5703125,11100.4677734375,43.75
2020-07-30,14458.3447265625,5149.626953125,1942.300048828125,39.91999816894531,10587.8095703125,3246.219970703125,26313.650390625,11111.2138671875,42.939998626708984
2020-07-31,14486.6689453125,5149.626953125,1962.800048828125,40.27000045776367,10745.26953125,3271.1201171875,26428.3203125,11323.466796875,43.29999923706055
2020-08-01,14486.6689453125,5149.626953125,1962.800048828125,40.27000045776367,10745.26953125,3271.1201171875,26428.3203125,11759.5927734375,43.29999923706055
2020-08-02,14486.6689453125,5149.626953125,1962.800048828125,40.27000045776367,10745.26953125,3271.1201171875,26428.3203125,11053.6142578125,43.29999923706055
2020-08-03,14593.0,5006.22314453125,1966.0,41.0099983215332,10902.7998046875,3294.610107421875,26664.400390625,11246.3486328125,44.150001525878906
2020-08-04,14540.9208984375,5075.001953125,2001.199951171875,41.70000076293945,10941.169921875,3306.510009765625,26828.470703125,11205.892578125,44.43000030517578
2020-08-05,14720.0,5127.05078125,2031.0999755859375,42.189998626708984,10998.400390625,3327.77001953125,27201.51953125,11747.0224609375,45.16999816894531
2020-08-06,14307.642578125,5178.27197265625,2051.5,41.95000076293945,11108.0703125,3349.159912109375,27386.98046875,11779.7734375,45.09000015258789
2020-08-07,14568.45703125,5143.89306640625,2010.0999755859375,41.220001220703125,11010.98046875,3351.280029296875,27433.48046875,11601.47265625,44.400001525878906
2020-08-08,14568.45703125,5143.89306640625,2010.0999755859375,41.220001220703125,11010.98046875,3351.280029296875,27433.48046875,11754.0458984375,44.400001525878906
2020-08-09,14568.45703125,5143.89306640625,2010.0999755859375,41.220001220703125,11010.98046875,3351.280029296875,27433.48046875,11675.7392578125,44.400001525878906
2020-08-10,14618.0,5157.833984375,2024.4000244140625,41.939998626708984,10968.3603515625,3360.469970703125,27791.439453125,11878.111328125,44.9900016784668
2020-08-11,14823.7998046875,5190.169921875,1932.5999755859375,41.61000061035156,10782.8203125,3333.68994140625,27686.91015625,11410.525390625,44.5
2020-08-12,14858.5,5233.4521484375,1934.9000244140625,42.66999816894531,11012.240234375,3380.35009765625,27976.83984375,11584.9345703125,45.43000030517578
2020-08-13,14670.8095703125,5239.25,1956.699951171875,42.2400016784668,11042.5,3373.429931640625,27896.720703125,11784.1376953125,44.959999084472656
2020-08-14,14673.4970703125,5247.68994140625,1937.0,42.0099983215332,11019.2998046875,3372.85009765625,27931.01953125,11768.87109375,44.79999923706055
2020-08-15,14673.4970703125,5247.68994140625,1937.0,42.0099983215332,11019.2998046875,3372.85009765625,27931.01953125,11865.6982421875,44.79999923706055
2020-08-16,14673.4970703125,5247.68994140625,1937.0,42.0099983215332,11019.2998046875,3372.85009765625,27931.01953125,11892.8037109375,44.79999923706055
2020-08-17,14788.0,5247.68994140625,1985.0,42.88999938964844,11129.73046875,3381.989990234375,27844.91015625,12254.40234375,45.369998931884766
2020-08-18,14969.400390625,5295.173828125,1999.4000244140625,42.88999938964844,11210.83984375,3389.780029296875,27778.0703125,11991.2333984375,45.459999084472656
2020-08-19,14598.072265625,5272.81005859375,1958.699951171875,42.93000030517578,11146.4599609375,3374.85009765625,27692.880859375,11758.283203125,45.369998931884766
2020-08-20,14694.197265625,5272.81005859375,1933.800048828125,42.58000183105469,11264.9501953125,3385.510009765625,27739.73046875,11878.3720703125,44.900001525878906
2020-08-21,14543.412109375,5272.81005859375,1934.5999755859375,42.34000015258789,11311.7998046875,3397.159912109375,27930.330078125,11592.4892578125,44.349998474121094
2020-08-22,14543.412109375,5272.81005859375,1934.5999755859375,42.34000015258789,11311.7998046875,3397.159912109375,27930.330078125,11681.8251953125,44.349998474121094
2020-08-23,14543.412109375,5272.81005859375,1934.5999755859375,42.34000015258789,11311.7998046875,3397.159912109375,27930.330078125,11664.84765625,44.349998474121094
2020-08-24,14764.0,5277.041015625,1927.699951171875,42.619998931884766,11379.7197265625,3431.280029296875,28308.4609375,11774.595703125,45.130001068115234
2020-08-25,14629.400390625,5338.88818359375,1911.800048828125,43.349998474121094,11466.4697265625,3443.6201171875,28248.439453125,11366.134765625,45.86000061035156
2020-08-26,14607.7001953125,5340.328125,1940.699951171875,43.38999938964844,11665.0595703125,3478.72998046875,28331.919921875,11488.36328125,45.63999938964844
2020-08-27,14447.3828125,5371.47216796875,1921.5999755859375,43.040000915527344,11625.33984375,3484.550048828125,28492.26953125,11323.3974609375,45.09000015258789
2020-08-28,14446.00390625,5346.6591796875,1964.5999755859375,42.970001220703125,11695.6298828125,3508.010009765625,28653.869140625,11542.5,45.04999923706055
2020-08-29,14446.00390625,5346.6591796875,1964.5999755859375,42.970001220703125,11695.6298828125,3508.010009765625,28653.869140625,11506.865234375,45.04999923706055
2020-08-30,14446.00390625,5346.6591796875,1964.5999755859375,42.970001220703125,11695.6298828125,3508.010009765625,28653.869140625,11711.505859375,45.04999923706055
2020-08-31,14618.0,5238.48681640625,1967.5999755859375,42.61000061035156,11775.4599609375,3500.31005859375,28430.05078125,11680.8203125,45.279998779296875
2020-09-01,14599.7001953125,5310.67919921875,1968.199951171875,42.7599983215332,11939.669921875,3526.64990234375,28645.66015625,11970.478515625,45.58000183105469
2020-09-02,14818.599609375,5311.97021484375,1934.4000244140625,41.5099983215332,12056.4404296875,3580.840087890625,29100.5,11414.0341796875,44.43000030517578
2020-09-03,14565.1474609375,5280.81298828125,1927.5999755859375,41.369998931884766,11458.099609375,3455.06005859375,28292.73046875,10245.296875,44.06999969482422
2020-09-04,14545.9873046875,5239.85107421875,1923.9000244140625,39.77000045776367,11313.1298828125,3426.9599609375,28133.310546875,10511.8134765625,42.65999984741211
2020-09-05,14545.9873046875,5239.85107421875,1923.9000244140625,39.77000045776367,11313.1298828125,3426.9599609375,28133.310546875,10169.5673828125,42.65999984741211
2020-09-06,14545.9873046875,5239.85107421875,1923.9000244140625,39.77000045776367,11313.1298828125,3426.9599609375,28133.310546875,10280.3515625,42.65999984741211
2020-09-07,14741.0,5230.19580078125,1923.9000244140625,39.77000045776367,11313.1298828125,3426.9599609375,28133.310546875,10369.5634765625,42.65999984741211
2020-09-08,14795.0,5244.07177734375,1933.0,36.7599983215332,10847.6904296875,3331.840087890625,27500.890625,10131.5166015625,39.779998779296875
2020-09-09,14915.2001953125,5149.3759765625,1944.699951171875,38.04999923706055,11141.5595703125,3398.9599609375,27940.470703125,10242.34765625,40.790000915527344
2020-09-10,14874.2001953125,4891.4609375,1954.199951171875,37.29999923706055,10919.58984375,3339.18994140625,27534.580078125,10363.138671875,40.060001373291016
2020-09-11,14857.470703125,5016.7119140625,1937.800048828125,37.33000183105469,10853.5498046875,3340.969970703125,27665.640625,10400.9150390625,39.83000183105469
2020-09-12,14857.470703125,5016.7119140625,1937.800048828125,37.33000183105469,10853.5498046875,3340.969970703125,27665.640625,10442.1708984375,39.83000183105469
2020-09-13,14857.470703125,5016.7119140625,1937.800048828125,37.33000183105469,10853.5498046875,3340.969970703125,27665.640625,10323.755859375,39.83000183105469
2020-09-14,14883.0,5161.828125,1953.0999755859375,37.2599983215332,11056.650390625,3383.5400390625,27993.330078125,10680.837890625,39.61000061035156
2020-09-15,14983.5,5100.865234375,1956.300048828125,38.279998779296875,11190.3203125,3401.199951171875,27995.599609375,10796.951171875,40.529998779296875
2020-09-16,14869.599609375,5058.48193359375,1960.199951171875,40.15999984741211,11050.4697265625,3385.489990234375,28032.380859375,10974.9052734375,42.220001220703125
2020-09-17,14812.5869140625,5038.40087890625,1940.0,40.970001220703125,10910.2802734375,3357.010009765625,27901.98046875,10948.990234375,43.29999923706055
2020-09-18,14788.0,5059.22314453125,1952.0999755859375,41.11000061035156,10793.2802734375,3319.469970703125,27657.419921875,10944.5859375,43.150001525878906
2020-09-19,14788.0,5059.22314453125,1952.0999755859375,41.11000061035156,10793.2802734375,3319.469970703125,27657.419921875,11094.3466796875,43.150001525878906
2020-09-20,14788.0,5059.22314453125,1952.0999755859375,41.11000061035156,10793.2802734375,3319.469970703125,27657.419921875,10938.271484375,43.150001525878906
2020-09-21,14728.0,4999.35986328125,1901.199951171875,39.310001373291016,10778.7998046875,3281.06005859375,27147.69921875,10462.259765625,41.439998626708984
2020-09-22,14839.2001953125,4934.0927734375,1898.5999755859375,39.599998474121094,10963.6396484375,3315.570068359375,27288.1796875,10538.4599609375,41.720001220703125
2020-09-23,14742.5859375,4917.955078125,1859.9000244140625,39.93000030517578,10632.990234375,3236.919921875,26763.130859375,10246.1865234375,41.77000045776367
2020-09-24,14803.9853515625,4842.755859375,1868.300048828125,40.310001373291016,10672.26953125,3246.590087890625,26815.439453125,10760.06640625,41.939998626708984
2020-09-25,14839.578125,4945.791015625,1857.699951171875,40.25,10913.5595703125,3298.4599609375,27173.9609375,10692.716796875,41.91999816894531
2020-09-26,14839.578125,4945.791015625,1857.699951171875,40.25,10913.5595703125,3298.4599609375,27173.9609375,10750.7236328125,41.91999816894531
2020-09-27,14839.578125,4945.791015625,1857.699951171875,40.25,10913.5595703125,3298.4599609375,27173.9609375,10775.26953125,41.91999816894531
2020-09-28,14863.0,4906.5478515625,1872.800048828125,40.599998474121094,11117.5302734375,3351.60009765625,27584.060546875,10709.65234375,42.43000030517578
2020-09-29,14893.599609375,4879.09814453125,1894.300048828125,39.290000915527344,11085.25,3335.469970703125,27452.66015625,10844.640625,41.029998779296875
2020-09-30,14910.0,4870.0390625,1887.5,40.220001220703125,11167.509765625,3363.0,27781.69921875,10784.4912109375,40.95000076293945
2020-10-01,14879.0,4970.09423828125,1908.4000244140625,38.720001220703125,11326.509765625,3380.800048828125,27816.900390625,10619.4521484375,40.93000030517578
2020-10-02,14817.55859375,4926.73388671875,1900.199951171875,37.04999923706055,11075.01953125,3348.419921875,27682.810546875,10575.974609375,39.27000045776367
2020-10-03,14817.55859375,4926.73388671875,1900.199951171875,37.04999923706055,11075.01953125,3348.419921875,27682.810546875,10549.3291015625,39.27000045776367
2020-10-04,14817.55859375,4926.73388671875,1900.199951171875,37.04999923706055,11075.01953125,3348.419921875,27682.810546875,10669.5830078125,39.27000045776367
2020-10-05,14853.0,4958.76904296875,1912.5,39.220001220703125,11332.490234375,3408.60009765625,28148.640625,10793.33984375,41.290000915527344
2020-10-06,14780.1826171875,4999.22119140625,1901.0999755859375,40.66999816894531,11154.599609375,3360.969970703125,27772.759765625,10604.40625,42.650001525878906
2020-10-07,14773.0,5004.3271484375,1883.5999755859375,39.95000076293945,11364.599609375,3419.43994140625,28303.4609375,10668.96875,41.9900016784668
2020-10-08,14715.5,5039.14208984375,1888.5999755859375,41.189998626708984,11420.98046875,3446.830078125,28425.509765625,10915.685546875,43.34000015258789
2020-10-09,14676.99609375,5053.6630859375,1919.5,40.599998474121094,11579.9404296875,3477.139892578125,28586.900390625,11064.4580078125,42.849998474121094
2020-10-10,14676.99609375,5053.6630859375,1919.5,40.599998474121094,11579.9404296875,3477.139892578125,28586.900390625,11296.361328125,42.849998474121094
2020-10-11,14676.99609375,5053.6630859375,1919.5,40.599998474121094,11579.9404296875,3477.139892578125,28586.900390625,11384.181640625,42.849998474121094
2020-10-12,14693.0,5093.09912109375,1922.5,39.43000030517578,11876.259765625,3534.219970703125,28837.51953125,11555.36328125,41.720001220703125
2020-10-13,14484.9921875,5132.57177734375,1888.5,40.20000076293945,11863.900390625,3511.929931640625,28679.810546875,11425.8994140625,42.45000076293945
2020-10-14,14793.0,5176.09912109375,1901.300048828125,41.040000915527344,11768.73046875,3488.669921875,28514.0,11429.5068359375,43.31999969482422
2020-10-15,14681.462890625,5105.14990234375,1903.199951171875,40.959999084472656,11713.8701171875,3483.340087890625,28494.19921875,11495.349609375,43.15999984741211
2020-10-16,14652.5,5103.4140625,1900.800048828125,40.880001068115234,11671.5595703125,3483.81005859375,28606.310546875,11322.123046875,42.93000030517578
2020-10-17,14652.5,5103.4140625,1900.800048828125,40.880001068115234,11671.5595703125,3483.81005859375,28606.310546875,11358.1015625,42.93000030517578
2020-10-18,14652.5,5103.4140625,1900.800048828125,40.880001068115234,11671.5595703125,3483.81005859375,28606.310546875,11483.359375,42.93000030517578
2020-10-19,14693.0,5126.330078125,1906.4000244140625,40.83000183105469,11478.8798828125,3426.919921875,28195.419921875,11742.037109375,42.619998931884766
2020-10-20,14708.0,5099.83984375,1910.4000244140625,41.459999084472656,11516.490234375,3443.1201171875,28308.7890625,11916.3349609375,43.15999984741211
2020-10-21,14688.0,5096.44580078125,1924.5999755859375,40.029998779296875,11484.6904296875,3435.56005859375,28210.8203125,12823.689453125,41.72999954223633
2020-10-22,14639.775390625,5091.81591796875,1901.0999755859375,40.63999938964844,11506.009765625,3453.489990234375,28363.66015625,12965.8916015625,42.459999084472656
2020-10-23,14639.8525390625,5112.18798828125,1902.0,39.849998474121094,11548.2802734375,3465.389892578125,28335.5703125,12931.5390625,41.77000045776367
2020-10-24,14639.8525390625,5112.18798828125,1902.0,39.849998474121094,11548.2802734375,3465.389892578125,28335.5703125,13108.0625,41.77000045776367
2020-10-25,14639.8525390625,5112.18798828125,1902.0,39.849998474121094,11548.2802734375,3465.389892578125,28335.5703125,13031.173828125,41.77000045776367
2020-10-26,14642.7822265625,5144.048828125,1902.699951171875,38.560001373291016,11358.9404296875,3400.969970703125,27685.380859375,13075.248046875,40.459999084472656
2020-10-27,14724.2001953125,5128.22509765625,1908.800048828125,39.56999969482422,11431.349609375,3390.679931640625,27463.189453125,13654.21875,41.20000076293945
2020-10-28,14653.2744140625,5128.22509765625,1876.199951171875,37.38999938964844,11004.8701171875,3271.030029296875,26519.94921875,13271.28515625,39.119998931884766
2020-10-29,14777.2001953125,5128.22509765625,1865.5999755859375,36.16999816894531,11185.58984375,3310.110107421875,26659.109375,13437.8828125,37.650001525878906
2020-10-30,14818.0,5128.22509765625,1877.4000244140625,35.790000915527344,10911.58984375,3269.9599609375,26501.599609375,13546.5224609375,37.459999084472656
2020-10-31,14818.0,5128.22509765625,1877.4000244140625,35.790000915527344,10911.58984375,3269.9599609375,26501.599609375,13780.9951171875,37.459999084472656
2020-11-01,14818.0,5128.22509765625,1877.4000244140625,35.790000915527344,10911.58984375,3269.9599609375,26501.599609375,13737.109375,37.459999084472656
2020-11-02,14586.169921875,5115.1279296875,1890.4000244140625,36.810001373291016,10957.6103515625,3310.239990234375,26925.05078125,13550.4892578125,38.970001220703125
2020-11-03,14603.9580078125,5159.4521484375,1908.5,37.65999984741211,11160.5703125,3369.159912109375,27480.029296875,13950.30078125,39.709999084472656
2020-11-04,14540.892578125,5105.19921875,1894.5999755859375,39.150001525878906,11590.7802734375,3443.43994140625,27847.66015625,14133.70703125,41.22999954223633
2020-11-05,14360.0,5260.326171875,1945.300048828125,38.790000915527344,11890.9296875,3510.449951171875,28390.1796875,15579.8486328125,40.93000030517578
2020-11-06,14256.0,5335.52880859375,1950.300048828125,37.13999938964844,11895.23046875,3509.43994140625,28323.400390625,15565.880859375,39.45000076293945
2020-11-07,14256.0,5335.52880859375,1950.300048828125,37.13999938964844,11895.23046875,3509.43994140625,28323.400390625,14833.75390625,39.45000076293945
2020-11-08,14256.0,5335.52880859375,1950.300048828125,37.13999938964844,11895.23046875,3509.43994140625,28323.400390625,15479.5673828125,39.45000076293945
2020-11-09,14198.671875,5356.0048828125,1853.199951171875,40.290000915527344,11713.7802734375,3550.5,29157.970703125,15332.3154296875,42.400001525878906
2020-11-10,14256.3603515625,5462.73876953125,1875.4000244140625,41.36000061035156,11553.8603515625,3545.530029296875,29420.919921875,15290.90234375,43.61000061035156
2020-11-11,14041.544921875,5509.51318359375,1860.699951171875,41.45000076293945,11786.4296875,3572.659912109375,29397.630859375,15701.33984375,43.79999923706055
2020-11-12,13878.9892578125,5458.60205078125,1872.5999755859375,41.119998931884766,11709.58984375,3537.010009765625,29080.169921875,16276.34375,43.529998779296875
2020-11-13,14133.4912109375,5461.05810546875,1885.699951171875,40.130001068115234,11829.2900390625,3585.14990234375,29479.810546875,16317.80859375,42.779998779296875
2020-11-14,14133.4912109375,5461.05810546875,1885.699951171875,40.130001068115234,11829.2900390625,3585.14990234375,29479.810546875,16068.138671875,42.779998779296875
2020-11-15,14133.4912109375,5461.05810546875,1885.699951171875,40.130001068115234,11829.2900390625,3585.14990234375,29479.810546875,15955.587890625,42.779998779296875
2020-11-16,14135.5595703125,5494.8720703125,1887.300048828125,41.34000015258789,11924.1298828125,3626.909912109375,29950.439453125,16716.111328125,43.81999969482422
2020-11-17,14089.2001953125,5529.93994140625,1884.5,41.43000030517578,11899.33984375,3609.530029296875,29783.349609375,17645.40625,43.75
2020-11-18,14026.451171875,5557.51806640625,1873.5,41.81999969482422,11801.599609375,3567.7900390625,29438.419921875,17804.005859375,44.34000015258789
2020-11-19,14110.2001953125,5594.05908203125,1861.0999755859375,41.7400016784668,11904.7099609375,3581.8701171875,29483.23046875,17817.08984375,44.20000076293945
2020-11-20,14189.900390625,5571.65576171875,1872.5999755859375,42.150001525878906,11854.9697265625,3557.5400390625,29263.48046875,18621.314453125,44.959999084472656
2020-11-21,14189.900390625,5571.65576171875,1872.5999755859375,42.150001525878906,11854.9697265625,3557.5400390625,29263.48046875,18642.232421875,44.959999084472656
2020-11-22,14189.900390625,5571.65576171875,1872.5999755859375,42.150001525878906,11854.9697265625,3557.5400390625,29263.48046875,18370.001953125,44.959999084472656
2020-11-23,14150.9912109375,5652.76416015625,1837.800048828125,43.060001373291016,11880.6298828125,3577.590087890625,29591.26953125,18364.12109375,46.060001373291016
2020-11-24,14164.60546875,5701.02880859375,1804.800048828125,44.90999984741211,12036.7900390625,3635.409912109375,30046.240234375,19107.46484375,47.86000061035156
2020-11-25,14121.7998046875,5679.2470703125,1805.699951171875,45.709999084472656,12094.400390625,3629.64990234375,29872.470703125,18732.12109375,48.61000061035156
2020-11-26,14127.470703125,5759.916015625,1805.699951171875,45.709999084472656,12094.400390625,3629.64990234375,29872.470703125,17150.623046875,48.61000061035156
2020-11-27,13897.6689453125,5783.3349609375,1781.9000244140625,45.529998779296875,12205.849609375,3638.35009765625,29910.369140625,17108.40234375,48.18000030517578
2020-11-28,13897.6689453125,5783.3349609375,1781.9000244140625,45.529998779296875,12205.849609375,3638.35009765625,29910.369140625,17717.4140625,48.18000030517578
2020-11-29,13897.6689453125,5783.3349609375,1781.9000244140625,45.529998779296875,12205.849609375,3638.35009765625,29910.369140625,18177.484375,48.18000030517578
2020-11-30,14061.64453125,5612.4150390625,1775.699951171875,45.34000015258789,12198.740234375,3621.6298828125,29638.640625,19625.8359375,47.59000015258789
2020-12-01,14094.935546875,5724.7421875,1814.0999755859375,44.54999923706055,12355.1103515625,3662.449951171875,29823.919921875,18802.998046875,47.41999816894531
2020-12-02,14175.0,5813.98681640625,1825.699951171875,45.279998779296875,12349.3701171875,3669.010009765625,29883.7890625,19201.091796875,48.25
2020-12-03,14076.419921875,5822.94189453125,1836.800048828125,45.63999938964844,12377.1796875,3666.719970703125,29969.51953125,19445.3984375,48.709999084472656
2020-12-04,14092.798828125,5810.48291015625,1835.9000244140625,46.2599983215332,12464.23046875,3699.1201171875,30218.259765625,18699.765625,49.25
2020-12-05,14092.798828125,5810.48291015625,1835.9000244140625,46.2599983215332,12464.23046875,3699.1201171875,30218.259765625,19154.23046875,49.25
2020-12-06,14092.798828125,5810.48291015625,1835.9000244140625,46.2599983215332,12464.23046875,3699.1201171875,30218.259765625,19345.12109375,49.25
2020-12-07,14076.490234375,5930.7587890625,1861.800048828125,45.7599983215332,12519.9501953125,3691.9599609375,30069.7890625,19191.630859375,48.790000915527344
2020-12-08,14143.0,5944.4091796875,1870.800048828125,45.599998474121094,12582.76953125,3702.25,30173.880859375,18321.14453125,48.84000015258789
2020-12-09,14083.0107421875,5944.4091796875,1834.5999755859375,45.52000045776367,12338.9501953125,3672.820068359375,30068.810546875,18553.916015625,48.86000061035156
2020-12-10,14150.0,5933.6982421875,1833.5999755859375,46.779998779296875,12405.8095703125,3668.10009765625,29999.259765625,18264.9921875,50.25
2020-12-11,14082.5927734375,5938.3291015625,1839.800048828125,46.56999969482422,12377.8701171875,3663.4599609375,30046.369140625,18058.904296875,49.970001220703125
2020-12-12,14082.5927734375,5938.3291015625,1839.800048828125,46.56999969482422,12377.8701171875,3663.4599609375,30046.369140625,18803.65625,49.970001220703125
2020-12-13,14082.5927734375,5938.3291015625,1839.800048828125,46.56999969482422,12377.8701171875,3663.4599609375,30046.369140625,19142.3828125,49.970001220703125
2020-12-14,14069.1572265625,6012.51611328125,1828.699951171875,46.9900016784668,12440.0400390625,3647.489990234375,29861.55078125,19246.64453125,50.290000915527344
2020-12-15,14221.900390625,6010.1279296875,1852.300048828125,47.619998931884766,12595.0595703125,3694.6201171875,30199.310546875,19417.076171875,50.7599983215332
2020-12-16,14190.0,6118.40185546875,1856.0999755859375,47.81999969482422,12658.1904296875,3701.169921875,30154.5390625,21310.59765625,51.08000183105469
2020-12-17,14070.537109375,6113.3818359375,1887.199951171875,48.36000061035156,12764.75,3722.47998046875,30303.369140625,22805.162109375,51.5
2020-12-18,14083.8505859375,6104.32421875,1885.699951171875,49.099998474121094,12755.6396484375,3709.409912109375,30179.05078125,23137.9609375,52.2599983215332
2020-12-19,14083.8505859375,6104.32421875,1885.699951171875,49.099998474121094,12755.6396484375,3709.409912109375,30179.05078125,23869.83203125,52.2599983215332
2020-12-20,14083.8505859375,6104.32421875,1885.699951171875,49.099998474121094,12755.6396484375,3709.409912109375,30179.05078125,23477.294921875,52.2599983215332
2020-12-21,14068.9375,6165.6240234375,1879.199951171875,47.7400016784668,12742.51953125,3694.919921875,30216.44921875,22803.08203125,50.90999984741211
2020-12-22,14100.7314453125,6023.2890625,1866.5999755859375,47.02000045776367,12807.919921875,3687.260009765625,30015.509765625,23783.029296875,50.08000183105469
2020-12-23,14324.2001953125,6008.708984375,1874.699951171875,48.119998931884766,12771.1103515625,3690.010009765625,30129.830078125,23241.345703125,51.20000076293945
2020-12-24,14146.9013671875,6008.708984375,1879.9000244140625,48.22999954223633,12804.73046875,3703.06005859375,30199.869140625,23735.94921875,51.290000915527344
2020-12-25,14148.6435546875,6008.708984375,1879.9000244140625,48.22999954223633,12804.73046875,3703.06005859375,30199.869140625,24664.791015625,51.290000915527344
2020-12-26,14148.6435546875,6008.708984375,1879.9000244140625,48.22999954223633,12804.73046875,3703.06005859375,30199.869140625,26437.037109375,51.290000915527344
2020-12-27,14148.6435546875,6008.708984375,1879.9000244140625,48.22999954223633,12804.73046875,3703.06005859375,30199.869140625,26272.294921875,51.290000915527344
2020-12-28,13911.1435546875,6093.55419921875,1877.199951171875,47.619998931884766,12899.419921875,3735.360107421875,30403.970703125,27084.80859375,50.86000061035156
2020-12-29,14126.1201171875,6036.173828125,1879.699951171875,48.0,12850.2197265625,3727.0400390625,30335.669921875,27362.4375,51.09000015258789
2020-12-30,14069.9091796875,5979.0732421875,1891.0,48.400001525878906,12870.0,3732.0400390625,30409.560546875,28840.953125,51.34000015258789
2020-12-31,13832.5595703125,5979.0732421875,1893.0999755859375,48.52000045776367,12888.2802734375,3756.070068359375,30606.48046875,29001.720703125,51.79999923706055
2021-01-01,13932.3740234375,5979.0732421875,1893.0999755859375,48.52000045776367,12888.2802734375,3756.070068359375,30606.48046875,29374.15234375,51.79999923706055
2021-01-02,13932.3740234375,5979.0732421875,1893.0999755859375,48.52000045776367,12888.2802734375,3756.070068359375,30606.48046875,32127.267578125,51.79999923706055
2021-01-03,13932.3740234375,5979.0732421875,1893.0999755859375,48.52000045776367,12888.2802734375,3756.070068359375,30606.48046875,32782.0234375,51.79999923706055
2021-01-04,14022.5009765625,6104.89794921875,1944.699951171875,47.619998931884766,12698.4501953125,3700.64990234375,30223.890625,31971.9140625,51.09000015258789
2021-01-05,13931.400390625,6137.3427734375,1952.699951171875,49.93000030517578,12818.9599609375,3726.860107421875,30391.599609375,33992.4296875,53.599998474121094
2021-01-06,13930.0,6065.68212890625,1906.9000244140625,50.630001068115234,12740.7900390625,3748.139892578125,30829.400390625,36824.36328125,54.29999923706055
2021-01-07,13951.5,6153.6328125,1912.300048828125,50.83000183105469,13067.48046875,3803.7900390625,31041.130859375,39371.04296875,54.380001068115234
2021-01-08,13892.9775390625,6257.8349609375,1834.0999755859375,52.2400016784668,13201.98046875,3824.679931640625,31097.970703125,40797.609375,55.9900016784668
2021-01-09,13892.9775390625,6257.8349609375,1834.0999755859375,52.2400016784668,13201.98046875,3824.679931640625,31097.970703125,40254.546875,55.9900016784668
2021-01-10,13892.9775390625,6257.8349609375,1834.0999755859375,52.2400016784668,13201.98046875,3824.679931640625,31097.970703125,38356.44140625,55.9900016784668
2021-01-11,13861.392578125,6382.93701171875,1849.5999755859375,52.25,13036.4296875,3799.610107421875,31008.689453125,35566.65625,55.65999984741211
2021-01-12,14088.7353515625,6395.6689453125,1842.9000244140625,53.209999084472656,13072.4296875,3801.18994140625,31068.689453125,33922.9609375,56.58000183105469
2021-01-13,14031.078125,6435.205078125,1853.5999755859375,52.90999984741211,13128.9501953125,3809.840087890625,31060.470703125,37316.359375,56.060001373291016
2021-01-14,14166.0,6428.31494140625,1850.300048828125,53.56999969482422,13112.6396484375,3795.5400390625,30991.51953125,39187.328125,56.41999816894531
2021-01-15,14063.1474609375,6373.412109375,1829.300048828125,52.36000061035156,12998.5,3768.25,30814.259765625,36825.3671875,55.099998474121094
2021-01-16,14063.1474609375,6373.412109375,1829.300048828125,52.36000061035156,12998.5,3768.25,30814.259765625,36178.140625,55.099998474121094
2021-01-17,14063.1474609375,6373.412109375,1829.300048828125,52.36000061035156,12998.5,3768.25,30814.259765625,35791.27734375,55.099998474121094
2021-01-18,13880.779296875,6389.833984375,1829.300048828125,52.36000061035156,12998.5,3768.25,30814.259765625,36630.07421875,55.099998474121094
2021-01-19,14100.7998046875,6321.85595703125,1839.5,52.97999954223633,13197.1796875,3798.909912109375,30930.51953125,36069.8046875,55.900001525878906
2021-01-20,14122.0,6429.7578125,1865.9000244140625,53.2400016784668,13457.25,3851.85009765625,31188.380859375,35547.75,56.08000183105469
2021-01-21,14037.2001953125,6413.89208984375,1865.300048828125,53.130001068115234,13530.91015625,3853.070068359375,31176.009765625,30825.69921875,56.099998474121094
2021-01-22,13960.76171875,6307.126953125,1855.699951171875,52.27000045776367,13543.0595703125,3841.469970703125,30996.98046875,33005.76171875,55.40999984741211
2021-01-23,13960.76171875,6307.126953125,1855.699951171875,52.27000045776367,13543.0595703125,3841.469970703125,30996.98046875,32067.642578125,55.40999984741211
2021-01-24,13960.76171875,6307.126953125,1855.699951171875,52.27000045776367,13543.0595703125,3841.469970703125,30996.98046875,32289.37890625,55.40999984741211
2021-01-25,14012.8955078125,6258.57177734375,1854.9000244140625,52.77000045776367,13635.990234375,3855.360107421875,30960.0,32366.392578125,55.880001068115234
2021-01-26,14148.5,6140.1708984375,1850.699951171875,52.61000061035156,13626.0595703125,3849.6201171875,30937.0390625,32569.849609375,55.90999984741211
2021-01-27,14142.0,6109.16796875,1844.9000244140625,52.849998474121094,13270.599609375,3750.77001953125,30303.169921875,30432.546875,55.810001373291016
2021-01-28,14195.0,5979.38720703125,1837.9000244140625,52.34000015258789,13337.16015625,3787.3798828125,30603.359375,33466.09765625,55.529998779296875
2021-01-29,13854.8642578125,5862.35205078125,1847.300048828125,52.20000076293945,13070.6904296875,3714.239990234375,29982.619140625,34316.38671875,55.880001068115234
2021-01-30,13854.8642578125,5862.35205078125,1847.300048828125,52.20000076293945,13070.6904296875,3714.239990234375,29982.619140625,34269.5234375,55.880001068115234
2021-01-31,13854.8642578125,5862.35205078125,1847.300048828125,52.20000076293945,13070.6904296875,3714.239990234375,29982.619140625,33114.359375,55.880001068115234
2021-02-01,13828.13671875,6067.544921875,1860.800048828125,53.54999923706055,13403.3896484375,3773.860107421875,30211.91015625,33537.17578125,56.349998474121094
2021-02-02,14118.5,6043.8408203125,1830.5,54.7599983215332,13612.7802734375,3826.31005859375,30687.48046875,35510.2890625,57.459999084472656
2021-02-03,13995.53515625,6077.7451171875,1832.199951171875,55.689998626708984,13610.5400390625,3830.169921875,30723.599609375,37472.08984375,58.459999084472656
2021-02-04,13983.9521484375,6107.2158203125,1788.9000244140625,56.22999954223633,13777.740234375,3871.739990234375,31055.859375,36926.06640625,58.84000015258789
2021-02-05,14010.4736328125,6151.72900390625,1810.9000244140625,56.849998474121094,13856.2998046875,3886.830078125,31148.240234375,38144.30859375,59.34000015258789
2021-02-06,14010.4736328125,6151.72900390625,1810.9000244140625,56.849998474121094,13856.2998046875,3886.830078125,31148.240234375,39266.01171875,59.34000015258789
2021-02-07,14010.4736328125,6151.72900390625,1810.9000244140625,56.849998474121094,13856.2998046875,3886.830078125,31148.240234375,38903.44140625,59.34000015258789
2021-02-08,14001.103515625,6208.8662109375,1831.9000244140625,57.970001220703125,13987.6396484375,3915.590087890625,31385.759765625,46196.46484375,60.560001373291016
2021-02-09,13990.4599609375,6181.671875,1835.300048828125,58.36000061035156,14007.7001953125,3911.22998046875,31375.830078125,46481.10546875,61.09000015258789
2021-02-10,13989.1884765625,6201.828125,1840.5999755859375,58.68000030517578,13972.5302734375,3909.8798828125,31437.80078125,44918.18359375,61.470001220703125
2021-02-11,14027.0,6222.52099609375,1824.9000244140625,58.2400016784668,14025.76953125,3916.3798828125,31430.69921875,47909.33203125,61.13999938964844
2021-02-12,13976.240234375,6222.52099609375,1821.5999755859375,59.470001220703125,14095.4697265625,3934.830078125,31458.400390625,47504.8515625,62.43000030517578
2021-02-13,13976.240234375,6222.52099609375,1821.5999755859375,59.470001220703125,14095.4697265625,3934.830078125,31458.400390625,47105.515625,62.43000030517578
2021-02-14,13976.240234375,6222.52099609375,1821.5999755859375,59.470001220703125,14095.4697265625,3934.830078125,31458.400390625,48717.2890625,62.43000030517578
2021-02-15,13966.0,6270.32421875,1821.5999755859375,59.470001220703125,14095.4697265625,3934.830078125,31458.400390625,47945.05859375,62.43000030517578
2021-02-16,13907.0,6292.39599609375,1797.199951171875,60.04999923706055,14047.5,3932.590087890625,31522.75,49199.87109375,63.349998474121094
2021-02-17,14039.2001953125,6227.72802734375,1771.0999755859375,61.13999938964844,13965.490234375,3931.330078125,31613.01953125,52149.0078125,64.33999633789062
2021-02-18,14007.474609375,6200.30810546875,1773.4000244140625,60.52000045776367,13865.3603515625,3913.969970703125,31493.33984375,51679.796875,63.93000030517578
2021-02-19,13998.1982421875,6231.93212890625,1775.800048828125,59.2400016784668,13874.4599609375,3906.7099609375,31494.3203125,55888.1328125,62.90999984741211
2021-02-20,13998.1982421875,6231.93212890625,1775.800048828125,59.2400016784668,13874.4599609375,3906.7099609375,31494.3203125,56099.51953125,62.90999984741211
2021-02-21,13998.1982421875,6231.93212890625,1775.800048828125,59.2400016784668,13874.4599609375,3906.7099609375,31494.3203125,57539.9453125,62.90999984741211
2021-02-22,13898.4169921875,6255.31201171875,1806.699951171875,61.4900016784668,13533.0498046875,3876.5,31521.689453125,54207.3203125,65.23999786376953
2021-02-23,14107.6962890625,6272.80712890625,1804.4000244140625,61.66999816894531,13465.2001953125,3881.3701171875,31537.349609375,48824.42578125,65.37000274658203
2021-02-24,14081.6171875,6251.05419921875,1796.4000244140625,63.220001220703125,13597.9697265625,3925.429931640625,31961.859375,49705.33203125,67.04000091552734
2021-02-25,14097.7998046875,6289.64599609375,1774.4000244140625,63.529998779296875,13119.4296875,3829.340087890625,31402.009765625,47093.8515625,66.87999725341797
2021-02-26,13968.185546875,6241.7958984375,1728.0999755859375,61.5,13192.349609375,3811.14990234375,30932.369140625,46339.76171875,66.12999725341797
2021-02-27,13968.185546875,6241.7958984375,1728.0999755859375,61.5,13192.349609375,3811.14990234375,30932.369140625,46188.453125,66.12999725341797
2021-02-28,13968.185546875,6241.7958984375,1728.0999755859375,61.5,13192.349609375,3811.14990234375,30932.369140625,45137.76953125,66.12999725341797
2021-03-01,14110.5849609375,6338.51318359375,1722.5,60.63999938964844,13588.830078125,3901.820068359375,31535.509765625,49631.2421875,63.689998626708984
2021-03-02,14245.6201171875,6359.205078125,1733.0999755859375,59.75,13358.7900390625,3870.2900390625,31391.51953125,48378.98828125,62.70000076293945
2021-03-03,14239.181640625,6376.7568359375,1715.300048828125,61.279998779296875,12997.75,3819.719970703125,31270.08984375,50538.2421875,64.06999969482422
2021-03-04,14349.0,6290.798828125,1700.199951171875,63.83000183105469,12723.4697265625,3768.469970703125,30924.140625,48561.16796875,66.73999786376953
2021-03-05,14268.8798828125,6258.7490234375,1698.0,66.08999633789062,12920.150390625,3841.93994140625,31496.30078125,48927.3046875,69.36000061035156
2021-03-06,14268.8798828125,6258.7490234375,1698.0,66.08999633789062,12920.150390625,3841.93994140625,31496.30078125,48912.3828125,69.36000061035156
2021-03-07,14268.8798828125,6258.7490234375,1698.0,66.08999633789062,12920.150390625,3841.93994140625,31496.30078125,51206.69140625,69.36000061035156
2021-03-08,14287.392578125,6248.46484375,1677.699951171875,65.05000305175781,12609.16015625,3821.35009765625,31802.439453125,52246.5234375,68.23999786376953
2021-03-09,14344.4755859375,6199.64697265625,1716.5999755859375,64.01000213623047,13073.8203125,3875.43994140625,31832.740234375,54824.1171875,67.5199966430664
2021-03-10,14393.0,6264.67919921875,1721.5,64.44000244140625,13068.830078125,3898.81005859375,32297.01953125,56008.55078125,67.9000015258789
2021-03-11,14398.0,6264.67919921875,1722.300048828125,66.0199966430664,13398.669921875,3939.340087890625,32485.58984375,57805.12109375,69.62999725341797
2021-03-12,14283.900390625,6358.208984375,1719.5,65.61000061035156,13319.8603515625,3943.340087890625,32778.640625,57332.08984375,69.22000122070312
2021-03-13,14283.900390625,6358.208984375,1719.5,65.61000061035156,13319.8603515625,3943.340087890625,32778.640625,61243.0859375,69.22000122070312
2021-03-14,14283.900390625,6358.208984375,1719.5,65.61000061035156,13319.8603515625,3943.340087890625,32778.640625,59302.31640625,69.22000122070312
2021-03-15,14385.208984375,6324.2587890625,1728.9000244140625,65.38999938964844,13459.7099609375,3968.93994140625,32953.4609375,55907.19921875,68.87999725341797
2021-03-16,14464.0,6309.69921875,1730.5999755859375,64.80000305175781,13471.5703125,3962.7099609375,32825.94921875,56804.90234375,68.38999938964844
2021-03-17,14427.5,6277.22802734375,1726.800048828125,64.5999984741211,13525.2001953125,3974.1201171875,33015.37109375,58870.89453125,68.0
2021-03-18,14403.0,6347.8291015625,1732.199951171875,60.0,13116.169921875,3915.4599609375,32862.30078125,57858.921875,63.279998779296875
2021-03-19,14431.0,6356.16015625,1741.4000244140625,61.41999816894531,13215.240234375,3913.10009765625,32627.970703125,58346.65234375,64.52999877929688
2021-03-20,14431.0,6356.16015625,1741.4000244140625,61.41999816894531,13215.240234375,3913.10009765625,32627.970703125,58313.64453125,64.52999877929688
2021-03-21,14431.0,6356.16015625,1741.4000244140625,61.41999816894531,13215.240234375,3913.10009765625,32627.970703125,57523.421875,64.52999877929688
2021-03-22,14372.2001953125,6301.130859375,1737.800048828125,61.54999923706055,13377.5400390625,3940.590087890625,32731.19921875,54529.14453125,64.62000274658203
2021-03-23,14375.7998046875,6252.7119140625,1724.699951171875,57.7599983215332,13227.7001953125,3910.52001953125,32423.150390625,54738.9453125,60.790000915527344
2021-03-24,14505.5,6156.14013671875,1732.9000244140625,61.18000030517578,12961.8896484375,3889.139892578125,32420.060546875,52774.265625,64.41000366210938
2021-03-25,14460.0,6122.8759765625,1724.9000244140625,58.560001373291016,12977.6796875,3909.52001953125,32619.48046875,51704.16015625,61.95000076293945
2021-03-26,14456.400390625,6195.56201171875,1732.199951171875,60.970001220703125,13138.73046875,3974.5400390625,33072.87890625,55137.3125,64.56999969482422
2021-03-27,14456.400390625,6195.56201171875,1732.199951171875,60.970001220703125,13138.73046875,3974.5400390625,33072.87890625,55973.51171875,64.56999969482422
2021-03-28,14456.400390625,6195.56201171875,1732.199951171875,60.970001220703125,13138.73046875,3974.5400390625,33072.87890625,55950.74609375,64.56999969482422
2021-03-29,14411.0,6166.81787109375,1712.0999755859375,61.560001373291016,13059.650390625,3971.090087890625,33171.37109375,57750.19921875,64.9800033569336
2021-03-30,14511.7001953125,6071.44189453125,1683.9000244140625,60.54999923706055,13045.3896484375,3958.550048828125,33066.9609375,58917.69140625,64.13999938964844
2021-03-31,14605.0,5985.52197265625,1713.800048828125,59.15999984741211,13246.8701171875,3972.889892578125,32981.55078125,58918.83203125,63.540000915527344
2021-04-01,14606.0,6011.4560546875,1726.5,61.45000076293945,13480.1103515625,4019.8701171875,33153.2109375,59095.80859375,64.86000061035156
2021-04-02,14553.0,6011.4560546875,1726.5,61.45000076293945,13480.1103515625,4019.8701171875,33153.2109375,59384.3125,64.86000061035156
2021-04-03,14553.0,6011.4560546875,1726.5,61.45000076293945,13480.1103515625,4019.8701171875,33153.2109375,57603.890625,64.86000061035156
2021-04-04,14553.0,6011.4560546875,1726.5,61.45000076293945,13480.1103515625,4019.8701171875,33153.2109375,58758.5546875,64.86000061035156
2021-04-05,14518.0,5970.2861328125,1727.0,58.650001525878906,13705.58984375,4077.909912109375,33527.19140625,59057.87890625,62.150001525878906
2021-04-06,14529.2001953125,6002.77001953125,1741.5,59.33000183105469,13698.3798828125,4073.93994140625,33430.23828125,58192.359375,62.7400016784668
2021-04-07,14460.2998046875,6036.6162109375,1740.0999755859375,59.77000045776367,13688.83984375,4079.949951171875,33446.26171875,56048.9375,63.15999984741211
2021-04-08,14641.0,6071.72412109375,1756.800048828125,59.599998474121094,13829.3095703125,4097.169921875,33503.5703125,58323.953125,63.20000076293945
2021-04-09,14660.7001953125,6070.208984375,1743.300048828125,59.31999969482422,13900.1904296875,4128.7998046875,33800.6015625,58245.00390625,62.95000076293945
2021-04-10,14660.7001953125,6070.208984375,1743.300048828125,59.31999969482422,13900.1904296875,4128.7998046875,33800.6015625,59793.234375,62.95000076293945
2021-04-11,14660.7001953125,6070.208984375,1743.300048828125,59.31999969482422,13900.1904296875,4128.7998046875,33800.6015625,60204.96484375,62.95000076293945
2021-04-12,14558.0,5948.56884765625,1731.199951171875,59.70000076293945,13850.0,4127.990234375,33745.3984375,59893.453125,63.279998779296875
2021-04-13,14611.900390625,5927.43505859375,1746.199951171875,60.18000030517578,13996.099609375,4141.58984375,33677.26953125,63503.45703125,63.66999816894531
2021-04-14,14621.099609375,6050.27587890625,1734.9000244140625,63.150001525878906,13857.83984375,4124.66015625,33730.890625,63109.6953125,66.58000183105469
2021-04-15,14673.7998046875,6079.5009765625,1765.4000244140625,63.459999084472656,14038.759765625,4170.419921875,34035.98828125,63314.01171875,66.94000244140625
2021-04-16,14616.0,6086.2578125,1779.0,63.130001068115234,14052.33984375,4185.47021484375,34200.671875,61572.7890625,66.7699966430664
2021-04-17,14616.0,6086.2578125,1779.0,63.130001068115234,14052.33984375,4185.47021484375,34200.671875,60683.8203125,66.7699966430664
2021-04-18,14616.0,6086.2578125,1779.0,63.130001068115234,14052.33984375,4185.47021484375,34200.671875,56216.18359375,66.7699966430664
2021-04-19,14558.0,6052.5400390625,1769.4000244140625,63.380001068115234,13914.76953125,4163.259765625,34077.62890625,55724.265625,67.05000305175781
2021-04-20,14570.0,6038.32177734375,1777.300048828125,62.439998626708984,13786.26953125,4134.93994140625,33821.30078125,56473.03125,66.56999969482422
2021-04-21,14543.2001953125,5993.2421875,1792.300048828125,61.349998474121094,13950.2197265625,4173.419921875,34137.30859375,53906.08984375,65.31999969482422
2021-04-22,14564.2001953125,5994.18408203125,1781.199951171875,61.43000030517578,13818.41015625,4134.97998046875,33815.8984375,51762.2734375,65.4000015258789
2021-04-23,14606.599609375,6016.86376953125,1777.0,62.13999938964844,14016.8095703125,4180.169921875,34043.48828125,51093.65234375,66.11000061035156
2021-04-24,14606.599609375,6016.86376953125,1777.0,62.13999938964844,14016.8095703125,4180.169921875,34043.48828125,50050.8671875,66.11000061035156
2021-04-25,14606.599609375,6016.86376953125,1777.0,62.13999938964844,14016.8095703125,4180.169921875,34043.48828125,49004.25390625,66.11000061035156
2021-04-26,14518.0,5964.82080078125,1779.199951171875,61.90999984741211,14138.7802734375,4187.6201171875,33981.5703125,54021.75390625,65.6500015258789
2021-04-27,14459.599609375,5959.62109375,1778.0,62.939998626708984,14090.2197265625,4186.72021484375,33984.9296875,55033.1171875,66.41999816894531
2021-04-28,14516.400390625,5974.47900390625,1773.199951171875,63.86000061035156,14051.0302734375,4183.18017578125,33820.37890625,54824.703125,67.2699966430664
2021-04-29,14519.0,6012.9609375,1768.0999755859375,65.01000213623047,14082.5498046875,4211.47021484375,34060.359375,53555.109375,68.55999755859375
2021-04-30,14439.7001953125,5995.6162109375,1767.300048828125,63.58000183105469,13962.6796875,4181.169921875,33874.8515625,57750.17578125,67.25
2021-05-01,14439.7001953125,5995.6162109375,1767.300048828125,63.58000183105469,13962.6796875,4181.169921875,33874.8515625,57828.05078125,67.25
2021-05-02,14439.7001953125,5995.6162109375,1767.300048828125,63.58000183105469,13962.6796875,4181.169921875,33874.8515625,56631.078125,67.25
2021-05-03,14438.0,5952.59716796875,1791.4000244140625,64.48999786376953,13895.1201171875,4192.66015625,34113.23046875,57200.29296875,67.55999755859375
2021-05-04,14399.099609375,5963.81982421875,1775.800048828125,65.69000244140625,13633.5,4164.66015625,34133.03125,53333.5390625,68.87999725341797
2021-05-05,14482.5,5975.9111328125,1784.0999755859375,65.62999725341797,13582.419921875,4167.58984375,34230.33984375,57424.0078125,68.95999908447266
2021-05-06,14399.5,5970.240234375,1815.5,64.70999908447266,13632.83984375,4201.6201171875,34548.53125,56396.515625,68.08999633789062
2021-05-07,14283.7998046875,5928.30908203125,1831.0999755859375,64.9000015258789,13752.240234375,4232.60009765625,34777.76171875,57356.40234375,68.27999877929688
2021-05-08,14283.7998046875,5928.30908203125,1831.0999755859375,64.9000015258789,13752.240234375,4232.60009765625,34777.76171875,58803.77734375,68.27999877929688
2021-05-09,14283.7998046875,5928.30908203125,1831.0999755859375,64.9000015258789,13752.240234375,4232.60009765625,34777.76171875,58232.31640625,68.27999877929688
2021-05-10,14278.0,5975.787109375,1837.5,64.91999816894531,13401.8603515625,4188.43017578125,34742.8203125,55859.796875,68.31999969482422
2021-05-11,14189.599609375,5938.35107421875,1835.9000244140625,65.27999877929688,13389.4296875,4152.10009765625,34269.16015625,56704.57421875,68.55000305175781
2021-05-12,14220.0,5938.35107421875,1822.5999755859375,66.08000183105469,13031.6796875,4063.0400390625,33587.66015625,49150.53515625,69.31999969482422
2021-05-13,14347.0,5938.35107421875,1823.800048828125,63.81999969482422,13124.990234375,4112.5,34021.44921875,49716.19140625,67.05000305175781
2021-05-14,14300.2998046875,5938.35107421875,1837.9000244140625,65.37000274658203,13429.98046875,4173.85009765625,34382.12890625,49880.53515625,68.70999908447266
2021-05-15,14300.2998046875,5938.35107421875,1837.9000244140625,65.37000274658203,13429.98046875,4173.85009765625,34382.12890625,46760.1875,68.70999908447266
2021-05-16,14300.2998046875,5938.35107421875,1837.9000244140625,65.37000274658203,13429.98046875,4173.85009765625,34382.12890625,46456.05859375,68.70999908447266
2021-05-17,14191.0,5833.85986328125,1867.5,66.2699966430664,13379.0498046875,4163.2900390625,34327.7890625,43537.51171875,69.45999908447266
2021-05-18,14344.5,5834.39404296875,1867.800048828125,65.48999786376953,13303.6396484375,4127.830078125,34060.66015625,42909.40234375,68.70999908447266
2021-05-19,14362.2998046875,5760.583984375,1881.300048828125,63.36000061035156,13299.740234375,4115.68017578125,33896.0390625,37002.44140625,66.66000366210938
2021-05-20,14389.7001953125,5797.59716796875,1881.800048828125,62.04999923706055,13535.740234375,4159.1201171875,34084.1484375,40782.73828125,65.11000061035156
2021-05-21,14397.2998046875,5773.1201171875,1876.699951171875,63.58000183105469,13470.990234375,4155.85986328125,34207.83984375,37304.69140625,66.44000244140625
2021-05-22,14397.2998046875,5773.1201171875,1876.699951171875,63.58000183105469,13470.990234375,4155.85986328125,34207.83984375,37536.6328125,66.44000244140625
2021-05-23,14397.2998046875,5773.1201171875,1876.699951171875,63.58000183105469,13470.990234375,4155.85986328125,34207.83984375,34770.58203125,66.44000244140625
2021-05-24,14348.0,5763.6318359375,1884.5999755859375,66.05000305175781,13661.169921875,4197.0498046875,34393.98046875,38705.98046875,68.45999908447266
2021-05-25,14365.0,5815.83984375,1898.0999755859375,66.06999969482422,13657.169921875,4188.1298828125,34312.4609375,38402.22265625,68.6500015258789
2021-05-26,14371.400390625,5815.83984375,1901.300048828125,66.20999908447266,13738.0,4195.990234375,34323.05078125,39294.19921875,68.87000274658203
2021-05-27,14310.0,5841.828125,1895.699951171875,66.8499984741211,13736.2802734375,4200.8798828125,34464.640625,38436.96875,69.45999908447266
2021-05-28,14318.0,5848.6162109375,1902.5,66.31999969482422,13748.740234375,4204.10986328125,34529.44921875,35697.60546875,69.62999725341797
2021-05-29,14318.0,5848.6162109375,1902.5,66.31999969482422,13748.740234375,4204.10986328125,34529.44921875,34616.06640625,69.62999725341797
2021-05-30,14318.0,5848.6162109375,1902.5,66.31999969482422,13748.740234375,4204.10986328125,34529.44921875,35678.12890625,69.62999725341797
2021-05-31,14278.0,5947.462890625,1902.5,66.31999969482422,13748.740234375,4204.10986328125,34529.44921875,37332.85546875,69.62999725341797
2021-06-01,14247.5,5947.462890625,1902.9000244140625,67.72000122070312,13736.48046875,4202.0400390625,34575.30859375,36684.92578125,70.25
2021-06-02,14251.5,6031.578125,1907.5,68.83000183105469,13756.330078125,4208.1201171875,34600.37890625,37575.1796875,71.3499984741211
2021-06-03,14290.7001953125,6091.51318359375,1871.199951171875,68.80999755859375,13614.509765625,4192.85009765625,34577.0390625,39208.765625,71.30999755859375
2021-06-04,14360.0,6065.166015625,1889.800048828125,69.62000274658203,13814.490234375,4229.89013671875,34756.390625,36894.40625,71.88999938964844
2021-06-05,14360.0,6065.166015625,1889.800048828125,69.62000274658203,13814.490234375,4229.89013671875,34756.390625,35551.95703125,71.88999938964844
2021-06-06,14360.0,6065.166015625,1889.800048828125,69.62000274658203,13814.490234375,4229.89013671875,34756.390625,35862.37890625,71.88999938964844
2021-06-07,14288.0,6069.93505859375,1896.800048828125,69.2300033569336,13881.7197265625,4226.52001953125,34630.23828125,33560.70703125,71.48999786376953
2021-06-08,14246.5,5999.369140625,1892.199951171875,70.05000305175781,13924.91015625,4227.259765625,34599.8203125,33472.6328125,72.22000122070312
2021-06-09,14281.0,6047.47509765625,1893.199951171875,69.95999908447266,13911.75,4219.5498046875,34447.140625,37345.12109375,72.22000122070312
2021-06-10,14300.0,6107.5380859375,1894.199951171875,70.29000091552734,14020.330078125,4239.18017578125,34466.23828125,36702.59765625,72.5199966430664
2021-06-11,14248.5,6095.4970703125,1877.4000244140625,70.91000366210938,14069.419921875,4247.43994140625,34479.6015625,37334.3984375,72.69000244140625
2021-06-12,14248.5,6095.4970703125,1877.4000244140625,70.91000366210938,14069.419921875,4247.43994140625,34479.6015625,35552.515625,72.69000244140625
2021-06-13,14248.5,6095.4970703125,1877.4000244140625,70.91000366210938,14069.419921875,4247.43994140625,34479.6015625,39097.859375,72.69000244140625
2021-06-14,14182.0,6080.3837890625,1864.0,70.87999725341797,14174.1396484375,4255.14990234375,34393.75,40218.4765625,72.86000061035156
2021-06-15,14267.5,6089.0380859375,1854.5,72.12000274658203,14072.8603515625,4246.58984375,34299.328125,40406.26953125,73.98999786376953
2021-06-16,14280.2998046875,6078.56787109375,1859.5,72.1500015258789,14039.6796875,4223.7001953125,34033.671875,38347.0625,74.38999938964844
2021-06-17,14466.5,6068.44677734375,1773.800048828125,71.04000091552734,14161.349609375,4221.85986328125,33823.44921875,38053.50390625,73.08000183105469
2021-06-18,14554.7001953125,6007.1201171875,1767.9000244140625,71.63999938964844,14030.3798828125,4166.4501953125,33290.078125,35787.24609375,73.51000213623047
2021-06-19,14554.7001953125,6007.1201171875,1767.9000244140625,71.63999938964844,14030.3798828125,4166.4501953125,33290.078125,35615.87109375,73.51000213623047
2021-06-20,14554.7001953125,6007.1201171875,1767.9000244140625,71.63999938964844,14030.3798828125,4166.4501953125,33290.078125,35698.296875,73.51000213623047
2021-06-21,14368.0,5996.2529296875,1781.800048828125,73.66000366210938,14141.48046875,4224.7900390625,33876.96875,31676.693359375,74.9000015258789
2021-06-22,14388.7998046875,6087.841796875,1776.300048828125,73.05999755859375,14253.26953125,4246.43994140625,33945.578125,32505.66015625,74.80999755859375
2021-06-23,14495.0,6034.54296875,1782.300048828125,73.08000183105469,14271.73046875,4241.83984375,33874.23828125,33723.02734375,75.19000244140625
2021-06-24,14413.2998046875,6012.05615234375,1775.5999755859375,73.30000305175781,14369.7099609375,4266.490234375,34196.8203125,34662.4375,75.55999755859375
2021-06-25,14511.2001953125,6022.39892578125,1776.5999755859375,74.05000305175781,14360.3896484375,4280.7001953125,34433.83984375,31637.779296875,76.18000030517578
2021-06-26,14511.2001953125,6022.39892578125,1776.5999755859375,74.05000305175781,14360.3896484375,4280.7001953125,34433.83984375,32186.27734375,76.18000030517578
2021-06-27,14511.2001953125,6022.39892578125,1776.5999755859375,74.05000305175781,14360.3896484375,4280.7001953125,34433.83984375,34649.64453125,76.18000030517578
2021-06-28,14418.0,5939.47119140625,1779.5999755859375,72.91000366210938,14500.509765625,4290.60986328125,34283.26953125,34434.3359375,74.68000030517578
2021-06-29,14525.0,5949.0498046875,1762.800048828125,72.9800033569336,14528.330078125,4291.7998046875,34292.2890625,35867.77734375,74.76000213623047
2021-06-30,14629.099609375,5985.48876953125,1770.800048828125,73.47000122070312,14503.9501953125,4297.5,34502.51171875,35040.8359375,75.12999725341797
2021-07-01,14601.599609375,6005.9580078125,1775.9000244140625,75.2300033569336,14522.3798828125,4319.93994140625,34633.53125,33572.1171875,75.83999633789062
2021-07-02,14581.400390625,6023.0078125,1782.5999755859375,75.16000366210938,14639.330078125,4352.33984375,34786.3515625,33897.046875,76.16999816894531
2021-07-03,14581.400390625,6023.0078125,1782.5999755859375,75.16000366210938,14639.330078125,4352.33984375,34786.3515625,34668.546875,76.16999816894531
2021-07-04,14581.400390625,6023.0078125,1782.5999755859375,75.16000366210938,14639.330078125,4352.33984375,34786.3515625,35287.78125,76.16999816894531
2021-07-05,14526.0,6005.60888671875,1782.5999755859375,75.16000366210938,14639.330078125,4352.33984375,34786.3515625,33746.00390625,76.16999816894531
2021-07-06,14495.0,6047.11083984375,1793.5,73.37000274658203,14663.6396484375,4343.5400390625,34577.37109375,34235.1953125,74.52999877929688
2021-07-07,14568.7001953125,6044.037109375,1801.5,72.19999694824219,14665.0595703125,4358.1298828125,34681.7890625,33855.328125,73.43000030517578
2021-07-08,14569.2001953125,6039.89599609375,1799.5999755859375,72.94000244140625,14559.7802734375,4320.81982421875,34421.9296875,32877.37109375,74.12000274658203
2021-07-09,14618.7001953125,6039.84423828125,1810.0,74.55999755859375,14701.919921875,4369.5498046875,34870.16015625,33798.01171875,75.55000305175781
2021-07-10,14618.7001953125,6039.84423828125,1810.0,74.55999755859375,14701.919921875,4369.5498046875,34870.16015625,33520.51953125,75.55000305175781
2021-07-11,14618.7001953125,6039.84423828125,1810.0,74.55999755859375,14701.919921875,4369.5498046875,34870.16015625,34240.1875,75.55000305175781
2021-07-12,14521.0,6078.56787109375,1805.5,74.0999984741211,14733.240234375,4384.6298828125,34996.1796875,33155.84765625,75.16000366210938
2021-07-13,14558.5,6012.0322265625,1809.4000244140625,75.25,14677.650390625,4369.2099609375,34888.7890625,32702.025390625,76.48999786376953
2021-07-14,14542.099609375,5979.21484375,1824.300048828125,73.12999725341797,14644.9501953125,4374.2998046875,34933.23046875,32822.34765625,74.76000213623047
2021-07-15,14473.0,6046.75390625,1828.4000244140625,71.6500015258789,14543.1298828125,4360.02978515625,34987.01953125,31780.73046875,73.47000122070312
2021-07-16,14563.0,6072.509765625,1814.5,71.80999755859375,14427.240234375,4327.16015625,34687.8515625,31421.5390625,73.58999633789062
2021-07-17,14563.0,6072.509765625,1814.5,71.80999755859375,14427.240234375,4327.16015625,34687.8515625,31533.068359375,73.58999633789062
2021-07-18,14563.0,6072.509765625,1814.5,71.80999755859375,14427.240234375,4327.16015625,34687.8515625,31796.810546875,73.58999633789062
2021-07-19,14491.0,6017.39404296875,1808.699951171875,66.41999816894531,14274.98046875,4258.490234375,33962.0390625,30817.83203125,68.62000274658203
2021-07-20,14664.5,6017.39404296875,1810.9000244140625,67.41999816894531,14498.8798828125,4323.06005859375,34511.98828125,29807.34765625,69.3499984741211
2021-07-21,14620.0,6029.97607421875,1802.9000244140625,70.30000305175781,14631.9501953125,4358.68994140625,34798.0,32110.693359375,72.2300033569336
2021-07-22,14536.0,6137.546875,1805.0,71.91000366210938,14684.599609375,4367.47998046875,34823.3515625,32313.10546875,73.79000091552734
2021-07-23,14548.7001953125,6101.68994140625,1801.4000244140625,72.06999969482422,14836.990234375,4411.7900390625,35061.55078125,33581.55078125,74.0999984741211
2021-07-24,14548.7001953125,6101.68994140625,1801.4000244140625,72.06999969482422,14836.990234375,4411.7900390625,35061.55078125,34292.4453125,74.0999984741211
2021-07-25,14548.7001953125,6101.68994140625,1801.4000244140625,72.06999969482422,14836.990234375,4411.7900390625,35061.55078125,35350.1875,74.0999984741211
2021-07-26,14486.0,6106.39404296875,1798.699951171875,71.91000366210938,14840.7099609375,4422.2998046875,35144.30859375,37337.53515625,74.5
2021-07-27,14523.5,6097.048828125,1799.5,71.6500015258789,14660.580078125,4401.4599609375,35058.51953125,39406.94140625,74.4800033569336
2021-07-28,14554.0,6088.52294921875,1799.5,72.38999938964844,14762.580078125,4400.64013671875,34930.9296875,39995.90625,74.73999786376953
2021-07-29,14462.599609375,6120.72705078125,1831.199951171875,73.62000274658203,14778.259765625,4419.14990234375,35084.53125,40008.421875,76.05000305175781
2021-07-30,14450.0,6070.0390625,1812.5999755859375,73.94999694824219,14672.6796875,4395.259765625,34935.46875,42235.546875,76.33000183105469
2021-07-31,14450.0,6070.0390625,1812.5999755859375,73.94999694824219,14672.6796875,4395.259765625,34935.46875,41626.1953125,76.33000183105469
2021-08-01,14450.0,6070.0390625,1812.5999755859375,73.94999694824219,14672.6796875,4395.259765625,34935.46875,39974.89453125,76.33000183105469
2021-08-02,14456.0,6096.54296875,1818.0999755859375,71.26000213623047,14681.0703125,4387.16015625,34838.16015625,39201.9453125,72.88999938964844
2021-08-03,14397.400390625,6130.57080078125,1810.0999755859375,70.55999755859375,14761.2900390625,4423.14990234375,35116.3984375,38152.98046875,72.41000366210938
2021-08-04,14349.5,6159.03515625,1810.5,68.1500015258789,14780.5302734375,4402.66015625,34792.671875,39747.50390625,70.37999725341797
2021-08-05,14338.599609375,6205.4169921875,1805.0999755859375,69.08999633789062,14895.1201171875,4429.10009765625,35064.25,40869.5546875,71.29000091552734
2021-08-06,14385.5,6203.43115234375,1760.0,68.27999877929688,14835.759765625,4436.52001953125,35208.51171875,42816.5,70.69999694824219
2021-08-07,14385.5,6203.43115234375,1760.0,68.27999877929688,14835.759765625,4436.52001953125,35208.51171875,44555.80078125,70.69999694824219
2021-08-08,14385.5,6203.43115234375,1760.0,68.27999877929688,14835.759765625,4436.52001953125,35208.51171875,43798.1171875,70.69999694824219
2021-08-09,14346.0,6127.4560546875,1723.4000244140625,66.4800033569336,14860.1796875,4432.35009765625,35101.8515625,46365.40234375,69.04000091552734
2021-08-10,14402.099609375,6088.408203125,1728.800048828125,68.29000091552734,14788.08984375,4436.75,35264.671875,45585.03125,70.62999725341797
2021-08-11,14393.099609375,6088.408203125,1750.4000244140625,69.25,14765.1396484375,4442.41015625,35484.96875,45593.63671875,71.44000244140625
2021-08-12,14395.0,6139.65185546875,1749.0,69.08999633789062,14816.259765625,4460.830078125,35499.8515625,44428.2890625,71.30999755859375
2021-08-13,14341.0,6139.4921875,1775.199951171875,68.44000244140625,14822.900390625,4468.0,35515.37890625,47793.3203125,70.58999633789062
2021-08-14,14341.0,6139.4921875,1775.199951171875,68.44000244140625,14822.900390625,4468.0,35515.37890625,47096.9453125,70.58999633789062
2021-08-15,14341.0,6139.4921875,1775.199951171875,68.44000244140625,14822.900390625,4468.0,35515.37890625,47047.00390625,70.58999633789062
2021-08-16,14381.0,6087.9130859375,1786.9000244140625,67.29000091552734,14793.759765625,4479.7099609375,35625.3984375,46004.484375,69.51000213623047
2021-08-17,14363.0,6087.9130859375,1785.0,66.58999633789062,14656.1796875,4448.080078125,35343.28125,44695.359375,69.02999877929688
2021-08-18,14425.099609375,6118.14990234375,1781.5999755859375,65.45999908447266,14525.91015625,4400.27001953125,34960.69140625,44801.1875,68.2300033569336
2021-08-19,14454.2001953125,5992.32177734375,1780.199951171875,63.689998626708984,14541.7900390625,4405.7998046875,34894.12109375,46717.578125,66.44999694824219
2021-08-20,14493.400390625,6030.77197265625,1781.0,62.31999969482422,14714.66015625,4441.669921875,35120.078125,49339.17578125,65.18000030517578
2021-08-21,14493.400390625,6030.77197265625,1781.0,62.31999969482422,14714.66015625,4441.669921875,35120.078125,48905.4921875,65.18000030517578
2021-08-22,14493.400390625,6030.77197265625,1781.0,62.31999969482422,14714.66015625,4441.669921875,35120.078125,49321.65234375,65.18000030517578
2021-08-23,14446.0,6109.828125,1803.199951171875,65.63999938964844,14942.650390625,4479.52978515625,35335.7109375,49546.1484375,68.75
2021-08-24,14430.0,6089.4970703125,1805.5999755859375,67.54000091552734,15019.7998046875,4486.22998046875,35366.26171875,47706.1171875,71.05000305175781
2021-08-25,14448.7001953125,6113.240234375,1788.199951171875,68.36000061035156,15041.8603515625,4496.18994140625,35405.5,48960.7890625,72.25
2021-08-26,14465.7001953125,6058.080078125,1792.199951171875,67.41999816894531,14945.8095703125,4470.0,35213.12109375,46942.21875,71.06999969482422
2021-08-27,14449.2998046875,6041.3662109375,1816.5999755859375,68.73999786376953,15129.5,4509.3701171875,35455.80078125,49058.66796875,72.69999694824219
2021-08-28,14449.2998046875,6041.3662109375,1816.5999755859375,68.73999786376953,15129.5,4509.3701171875,35455.80078125,48902.40234375,72.69999694824219
2021-08-29,14449.2998046875,6041.3662109375,1816.5999755859375,68.73999786376953,15129.5,4509.3701171875,35455.80078125,48829.83203125,72.69999694824219
2021-08-30,14411.0,6144.90185546875,1809.0,69.20999908447266,15265.8896484375,4528.7900390625,35399.83984375,47054.984375,73.41000366210938
2021-08-31,14362.0,6150.298828125,1815.0,68.5,15259.240234375,4522.68017578125,35360.73046875,47166.6875,72.98999786376953
2021-09-01,14246.5,6090.93310546875,1813.0999755859375,68.58999633789062,15309.3798828125,4524.08984375,35312.53125,48847.02734375,71.58999633789062
2021-09-02,14269.2001953125,6078.22900390625,1808.699951171875,69.98999786376953,15331.1796875,4536.9501953125,35443.8203125,49327.72265625,73.02999877929688
2021-09-03,14245.5,6126.9208984375,1830.9000244140625,69.29000091552734,15363.51953125,4535.43017578125,35369.08984375,50025.375,72.61000061035156
2021-09-04,14245.5,6126.9208984375,1830.9000244140625,69.29000091552734,15363.51953125,4535.43017578125,35369.08984375,49944.625,72.61000061035156
2021-09-05,14245.5,6126.9208984375,1830.9000244140625,69.29000091552734,15363.51953125,4535.43017578125,35369.08984375,51753.41015625,72.61000061035156
2021-09-06,14256.0,6126.93798828125,1830.9000244140625,69.29000091552734,15363.51953125,4535.43017578125,35369.08984375,52633.53515625,72.61000061035156
2021-09-07,14231.400390625,6112.39990234375,1795.9000244140625,68.3499984741211,15374.330078125,4520.02978515625,35100.0,46811.12890625,71.69000244140625
2021-09-08,14279.2001953125,6026.02001953125,1790.699951171875,69.30000305175781,15286.6396484375,4514.06982421875,35031.0703125,46091.390625,72.5999984741211
2021-09-09,14326.400390625,6068.21923828125,1797.4000244140625,68.13999938964844,15248.25,4493.27978515625,34879.37890625,46391.421875,71.44999694824219
2021-09-10,14258.7998046875,6094.873046875,1789.5999755859375,69.72000122070312,15115.490234375,4458.580078125,34607.71875,44883.91015625,72.91999816894531
2021-09-11,14258.7998046875,6094.873046875,1789.5999755859375,69.72000122070312,15115.490234375,4458.580078125,34607.71875,45201.45703125,72.91999816894531
2021-09-12,14258.7998046875,6094.873046875,1789.5999755859375,69.72000122070312,15115.490234375,4458.580078125,34607.71875,46063.26953125,72.91999816894531
2021-09-13,14196.0,6088.1572265625,1792.0,70.44999694824219,15105.580078125,4468.72998046875,34869.62890625,44963.07421875,73.51000213623047
2021-09-14,14291.599609375,6129.09521484375,1804.699951171875,70.45999908447266,15037.759765625,4443.0498046875,34577.5703125,47092.4921875,73.5999984741211
2021-09-15,14249.7001953125,6110.22900390625,1792.4000244140625,72.61000061035156,15161.5302734375,4480.7001953125,34814.390625,48176.34765625,75.45999908447266
2021-09-16,14264.5,6109.94189453125,1754.5999755859375,72.61000061035156,15181.919921875,4473.75,34751.3203125,47783.359375,75.66999816894531
2021-09-17,14283.900390625,6133.24609375,1749.4000244140625,71.97000122070312,15043.9697265625,4432.990234375,34584.87890625,47267.51953125,75.33999633789062
2021-09-18,14283.900390625,6133.24609375,1749.4000244140625,71.97000122070312,15043.9697265625,4432.990234375,34584.87890625,48278.36328125,75.33999633789062
2021-09-19,14283.900390625,6133.24609375,1749.4000244140625,71.97000122070312,15043.9697265625,4432.990234375,34584.87890625,47260.21875,75.33999633789062
2021-09-20,14221.0,6076.31494140625,1761.800048828125,70.29000091552734,14713.900390625,4357.72998046875,33970.46875,42843.80078125,73.91999816894531
2021-09-21,14320.5,6060.7568359375,1776.0,70.55999755859375,14746.400390625,4354.18994140625,33919.83984375,40693.67578125,74.36000061035156
2021-09-22,14237.5,6108.26513671875,1776.699951171875,72.2300033569336,14896.849609375,4395.64013671875,34258.3203125,43574.5078125,76.19000244140625
2021-09-23,14279.2001953125,6142.7119140625,1747.699951171875,73.30000305175781,15052.240234375,4448.97998046875,34764.8203125,44895.09765625,77.25
2021-09-24,14286.5,6144.81494140625,1749.699951171875,73.9800033569336,15047.7001953125,4455.47998046875,34798.0,42839.75,78.08999633789062
2021-09-25,14286.5,6144.81494140625,1749.699951171875,73.9800033569336,15047.7001953125,4455.47998046875,34798.0,42716.59375,78.08999633789062
2021-09-26,14286.5,6144.81494140625,1749.699951171875,73.9800033569336,15047.7001953125,4455.47998046875,34798.0,43208.5390625,78.08999633789062
2021-09-27,14251.0,6122.4951171875,1750.0,75.44999694824219,14969.9697265625,4443.10986328125,34869.37109375,42235.73046875,79.52999877929688
2021-09-28,14242.5,6113.11181640625,1735.800048828125,75.29000091552734,14546.6796875,4352.6298828125,34299.98828125,41034.54296875,79.08999633789062
2021-09-29,14318.599609375,6162.55419921875,1721.5,74.83000183105469,14512.4404296875,4359.4599609375,34390.71875,41564.36328125,78.63999938964844
2021-09-30,14385.0,6286.94287109375,1755.300048828125,75.02999877929688,14448.580078125,4307.5400390625,33843.921875,43790.89453125,78.5199966430664
2021-10-01,14328.599609375,6228.84521484375,1757.0,75.87999725341797,14566.7001953125,4357.0400390625,34326.4609375,48116.94140625,79.27999877929688
2021-10-02,14328.599609375,6228.84521484375,1757.0,75.87999725341797,14566.7001953125,4357.0400390625,34326.4609375,47711.48828125,79.27999877929688
2021-10-03,14328.599609375,6228.84521484375,1757.0,75.87999725341797,14566.7001953125,4357.0400390625,34326.4609375,48199.953125,79.27999877929688
2021-10-04,14301.0,6342.68603515625,1766.199951171875,77.62000274658203,14255.48046875,4300.4599609375,34002.921875,49112.90234375,81.26000213623047
2021-10-05,14300.5,6288.048828125,1759.5999755859375,78.93000030517578,14433.830078125,4345.72021484375,34314.671875,51514.8125,82.55999755859375
2021-10-06,14246.0,6417.3232421875,1760.5,77.43000030517578,14501.91015625,4363.5498046875,34416.98828125,55361.44921875,81.08000183105469
2021-10-07,14232.400390625,6416.39599609375,1757.9000244140625,78.30000305175781,14654.01953125,4399.759765625,34754.94140625,53805.984375,81.94999694824219
2021-10-08,14170.7998046875,6481.76904296875,1756.300048828125,79.3499984741211,14579.5400390625,4391.33984375,34746.25,53967.84765625,82.38999938964844
2021-10-09,14170.7998046875,6481.76904296875,1756.300048828125,79.3499984741211,14579.5400390625,4391.33984375,34746.25,54968.22265625,82.38999938964844
2021-10-10,14170.7998046875,6481.76904296875,1756.300048828125,79.3499984741211,14579.5400390625,4391.33984375,34746.25,54771.578125,82.38999938964844
2021-10-11,14216.0,6459.69677734375,1754.5999755859375,80.5199966430664,14486.2001953125,4361.18994140625,34496.05859375,57484.7890625,83.6500015258789
2021-10-12,14194.0,6486.26708984375,1758.300048828125,80.63999938964844,14465.919921875,4350.64990234375,34378.33984375,56041.05859375,83.41999816894531
2021-10-13,14221.2001953125,6536.90380859375,1793.699951171875,80.44000244140625,14571.6396484375,4363.7998046875,34377.80859375,57401.09765625,83.18000030517578
2021-10-14,14219.7001953125,6626.11376953125,1796.699951171875,81.30999755859375,14823.4296875,4438.259765625,34912.55859375,57321.5234375,84.0
2021-10-15,14078.5,6633.337890625,1767.199951171875,82.27999877929688,14897.33984375,4471.3701171875,35294.76171875,61593.94921875,84.86000061035156
2021-10-16,14078.5,6633.337890625,1767.199951171875,82.27999877929688,14897.33984375,4471.3701171875,35294.76171875,60892.1796875,84.86000061035156
2021-10-17,14078.5,6633.337890625,1767.199951171875,82.27999877929688,14897.33984375,4471.3701171875,35294.76171875,61553.6171875,84.86000061035156
2021-10-18,14067.0,6658.76806640625,1764.800048828125,82.44000244140625,15021.8095703125,4486.4599609375,35258.609375,62026.078125,84.33000183105469
2021-10-19,14157.2001953125,6655.998046875,1769.699951171875,82.95999908447266,15129.08984375,4519.6298828125,35457.30859375,64261.9921875,85.08000183105469
2021-10-20,14116.7998046875,6655.998046875,1784.0999755859375,83.87000274658203,15121.6796875,4536.18994140625,35609.33984375,65992.8359375,85.81999969482422
2021-10-21,14119.7998046875,6632.97216796875,1781.199951171875,82.5,15215.7001953125,4549.77978515625,35603.078125,62210.171875,84.61000061035156
2021-10-22,14175.0,6643.73779296875,1795.5,83.76000213623047,15090.2001953125,4544.89990234375,35677.01953125,60692.265625,85.52999877929688
2021-10-23,14175.0,6643.73779296875,1795.5,83.76000213623047,15090.2001953125,4544.89990234375,35677.01953125,61393.6171875,85.52999877929688
2021-10-24,14175.0,6643.73779296875,1795.5,83.76000213623047,15090.2001953125,4544.89990234375,35677.01953125,60930.8359375,85.52999877929688
2021-10-25,14116.0,6625.69677734375,1806.0,83.76000213623047,15226.7099609375,4566.47998046875,35741.1484375,63039.82421875,85.98999786376953
2021-10-26,14193.5,6656.93701171875,1792.699951171875,84.6500015258789,15235.7099609375,4574.7900390625,35756.87890625,60363.79296875,86.4000015258789
2021-10-27,14175.7001953125,6602.208984375,1797.9000244140625,82.66000366210938,15235.83984375,4551.68017578125,35490.69140625,58482.38671875,84.58000183105469
2021-10-28,14217.099609375,6524.076171875,1801.5999755859375,82.80999755859375,15448.1201171875,4596.419921875,35730.48046875,60622.13671875,84.31999969482422
2021-10-29,14229.0,6591.34619140625,1783.0,83.56999969482422,15498.3896484375,4605.3798828125,35819.55859375,62227.96484375,84.37999725341797
2021-10-30,14229.0,6591.34619140625,1783.0,83.56999969482422,15498.3896484375,4605.3798828125,35819.55859375,61888.83203125,84.37999725341797
2021-10-31,14229.0,6591.34619140625,1783.0,83.56999969482422,15498.3896484375,4605.3798828125,35819.55859375,61318.95703125,84.37999725341797
2021-11-01,14228.5,6552.88916015625,1795.0999755859375,84.05000305175781,15595.919921875,4613.669921875,35913.83984375,61004.40625,84.70999908447266
2021-11-02,14276.599609375,6493.27490234375,1788.699951171875,83.91000366210938,15649.599609375,4630.64990234375,36052.62890625,63226.40234375,84.72000122070312
2021-11-03,14289.900390625,6552.1298828125,1763.5999755859375,80.86000061035156,15811.580078125,4660.56982421875,36157.578125,62970.046875,81.98999786376953
2021-11-04,14366.0,6586.44287109375,1793.0,78.80999755859375,15940.3095703125,4680.06005859375,36124.23046875,61452.23046875,80.54000091552734
2021-11-05,14414.0,6581.78515625,1816.4000244140625,81.2699966430664,15971.58984375,4697.52978515625,36327.94921875,61125.67578125,82.73999786376953
2021-11-06,14414.0,6581.78515625,1816.4000244140625,81.2699966430664,15971.58984375,4697.52978515625,36327.94921875,61527.48046875,82.73999786376953
2021-11-07,14414.0,6581.78515625,1816.4000244140625,81.2699966430664,15971.58984375,4697.52978515625,36327.94921875,63326.98828125,82.73999786376953
2021-11-08,14319.7998046875,6632.296875,1827.4000244140625,81.93000030517578,15982.3603515625,4701.7001953125,36432.21875,67566.828125,83.43000030517578
2021-11-09,14252.0,6669.9248046875,1830.199951171875,84.1500015258789,15886.5400390625,4685.25,36319.98046875,66971.828125,84.77999877929688
2021-11-10,14290.0,6683.14501953125,1847.5999755859375,81.33999633789062,15622.7099609375,4646.7099609375,36079.94140625,64995.23046875,82.63999938964844
2021-11-11,14302.400390625,6691.341796875,1863.199951171875,81.58999633789062,15704.2802734375,4649.27001953125,35921.23046875,64949.9609375,82.87000274658203
2021-11-12,14261.7001953125,6651.05419921875,1867.9000244140625,80.79000091552734,15860.9599609375,4682.85009765625,36100.30859375,64155.94140625,82.16999816894531
2021-11-13,14261.7001953125,6651.05419921875,1867.9000244140625,80.79000091552734,15860.9599609375,4682.85009765625,36100.30859375,64469.52734375,82.16999816894531
2021-11-14,14261.7001953125,6651.05419921875,1867.9000244140625,80.79000091552734,15860.9599609375,4682.85009765625,36100.30859375,65466.83984375,82.16999816894531
2021-11-15,14186.7001953125,6616.02880859375,1866.0999755859375,80.87999725341797,15853.849609375,4682.7998046875,36087.44921875,63557.87109375,82.05000305175781
2021-11-16,14185.400390625,6651.20703125,1853.5999755859375,80.76000213623047,15973.8603515625,4700.89990234375,36142.21875,60161.24609375,82.43000030517578
2021-11-17,14274.2001953125,6675.80419921875,1869.699951171875,78.36000061035156,15921.5703125,4688.669921875,35931.05078125,60368.01171875,80.27999877929688
2021-11-18,14223.7998046875,6636.46923828125,1861.0,79.01000213623047,15993.7099609375,4704.5400390625,35870.94921875,56942.13671875,81.23999786376953
2021-11-19,14204.7001953125,6720.26318359375,1851.199951171875,76.0999984741211,16057.4404296875,4697.9599609375,35601.98046875,58119.578125,78.88999938964844
2021-11-20,14204.7001953125,6720.26318359375,1851.199951171875,76.0999984741211,16057.4404296875,4697.9599609375,35601.98046875,59697.1953125,78.88999938964844
2021-11-21,14204.7001953125,6720.26318359375,1851.199951171875,76.0999984741211,16057.4404296875,4697.9599609375,35601.98046875,58730.4765625,78.88999938964844
2021-11-22,14265.099609375,6723.38623046875,1806.0,76.75,15854.759765625,4682.93994140625,35619.25,56289.2890625,79.69999694824219
2021-11-23,14259.599609375,6677.8759765625,1783.5,78.5,15775.1396484375,4690.7001953125,35813.80078125,57569.07421875,82.30999755859375
2021-11-24,14272.5,6683.27685546875,1784.0999755859375,78.38999938964844,15845.23046875,4701.4599609375,35804.37890625,56280.42578125,82.25
2021-11-25,14303.400390625,6699.34619140625,1784.0999755859375,78.38999938964844,15845.23046875,4701.4599609375,35804.37890625,57274.6796875,82.25
2021-11-26,14320.0,6561.55322265625,1785.300048828125,68.1500015258789,15491.66015625,4594.6201171875,34899.33984375,53569.765625,72.72000122070312
2021-11-27,14320.0,6561.55322265625,1785.300048828125,68.1500015258789,15491.66015625,4594.6201171875,34899.33984375,54815.078125,72.72000122070312
2021-11-28,14320.0,6561.55322265625,1785.300048828125,68.1500015258789,15491.66015625,4594.6201171875,34899.33984375,57248.45703125,72.72000122070312
2021-11-29,14408.2001953125,6608.2900390625,1782.300048828125,69.94999694824219,15782.830078125,4655.27001953125,35135.94140625,57806.56640625,73.44000244140625
2021-11-30,14377.0,6533.93212890625,1773.5999755859375,66.18000030517578,15537.6904296875,4567.0,34483.71875,57005.42578125,70.56999969482422
2021-12-01,14333.0,6507.6767578125,1781.5999755859375,65.56999969482422,15254.0498046875,4513.0400390625,34022.0390625,57229.828125,68.87000274658203
2021-12-02,14376.0,6583.81982421875,1760.699951171875,66.5,15381.3203125,4577.10009765625,34639.7890625,56477.81640625,69.66999816894531
2021-12-03,14443.7998046875,6538.505859375,1782.0,66.26000213623047,15085.4697265625,4538.43017578125,34580.078125,53598.24609375,69.87999725341797
2021-12-04,14443.7998046875,6538.505859375,1782.0,66.26000213623047,15085.4697265625,4538.43017578125,34580.078125,49200.703125,69.87999725341797
2021-12-05,14443.7998046875,6538.505859375,1782.0,66.26000213623047,15085.4697265625,4538.43017578125,34580.078125,49368.84765625,69.87999725341797
2021-12-06,14514.0,6547.1162109375,1777.5,69.48999786376953,15225.150390625,4591.669921875,35227.03125,50582.625,73.08000183105469
2021-12-07,14490.0,6602.56884765625,1782.5999755859375,72.05000305175781,15686.919921875,4686.75,35719.4296875,50700.0859375,75.44000244140625
2021-12-08,14393.2998046875,6603.7978515625,1783.4000244140625,72.36000061035156,15786.990234375,4701.2099609375,35754.75,50504.796875,75.81999969482422
2021-12-09,14335.0,6643.93212890625,1774.5999755859375,70.94000244140625,15517.3701171875,4667.4501953125,35754.69140625,47672.12109375,74.41999816894531
2021-12-10,14297.400390625,6652.921875,1782.9000244140625,71.66999816894531,15630.599609375,4712.02001953125,35970.98828125,47243.3046875,75.1500015258789
2021-12-11,14297.400390625,6652.921875,1782.9000244140625,71.66999816894531,15630.599609375,4712.02001953125,35970.98828125,49362.5078125,75.1500015258789
2021-12-12,14297.400390625,6652.921875,1782.9000244140625,71.66999816894531,15630.599609375,4712.02001953125,35970.98828125,50098.3359375,75.1500015258789
2021-12-13,14351.900390625,6662.87109375,1786.300048828125,71.29000091552734,15413.2802734375,4668.97021484375,35650.94921875,46737.48046875,74.38999938964844
2021-12-14,14324.7001953125,6615.63720703125,1770.4000244140625,70.7300033569336,15237.6396484375,4634.08984375,35544.1796875,46612.6328125,73.69999694824219
2021-12-15,14342.5,6626.2568359375,1762.5999755859375,70.87000274658203,15565.580078125,4709.85009765625,35927.4296875,48896.72265625,73.87999725341797
2021-12-16,14297.5,6594.7978515625,1796.5999755859375,72.37999725341797,15180.4296875,4668.669921875,35897.640625,47665.42578125,75.0199966430664
2021-12-17,14380.0,6601.93212890625,1803.800048828125,70.86000061035156,15169.6796875,4620.64013671875,35365.44140625,46202.14453125,73.5199966430664
2021-12-18,14380.0,6601.93212890625,1803.800048828125,70.86000061035156,15169.6796875,4620.64013671875,35365.44140625,46848.77734375,73.5199966430664
2021-12-19,14380.0,6601.93212890625,1803.800048828125,70.86000061035156,15169.6796875,4620.64013671875,35365.44140625,46707.015625,73.5199966430664
2021-12-20,14385.7001953125,6547.11181640625,1793.699951171875,68.2300033569336,14980.9404296875,4568.02001953125,34932.16015625,46880.27734375,71.5199966430664
2021-12-21,14388.7001953125,6554.30908203125,1787.9000244140625,71.12000274658203,15341.08984375,4649.22998046875,35492.69921875,48936.61328125,73.9800033569336
2021-12-22,14263.900390625,6529.5927734375,1801.5999755859375,72.76000213623047,15521.8896484375,4696.56005859375,35753.890625,48628.51171875,75.29000091552734
2021-12-23,14193.7998046875,6555.55078125,1811.199951171875,73.79000091552734,15653.3701171875,4725.7900390625,35950.55859375,50784.5390625,76.8499984741211
2021-12-24,14167.7998046875,6562.89990234375,1811.199951171875,73.79000091552734,15653.3701171875,4725.7900390625,35950.55859375,50822.1953125,76.8499984741211
2021-12-25,14167.7998046875,6562.89990234375,1811.199951171875,73.79000091552734,15653.3701171875,4725.7900390625,35950.55859375,50429.859375,76.8499984741211
2021-12-26,14167.7998046875,6562.89990234375,1811.199951171875,73.79000091552734,15653.3701171875,4725.7900390625,35950.55859375,50809.515625,76.8499984741211
2021-12-27,14189.2998046875,6575.44384765625,1808.0999755859375,75.56999969482422,15871.259765625,4791.18994140625,36302.37890625,50640.41796875,78.5999984741211
2021-12-28,14220.0,6598.3427734375,1810.199951171875,75.9800033569336,15781.7197265625,4786.35009765625,36398.2109375,47588.85546875,78.94000244140625
2021-12-29,14238.2001953125,6600.6767578125,1805.0999755859375,76.55999755859375,15766.2197265625,4793.06005859375,36488.62890625,46444.7109375,79.2300033569336
2021-12-30,14237.0,6581.48193359375,1812.699951171875,76.98999786376953,15741.5595703125,4778.72998046875,36398.078125,47178.125,79.31999969482422
2021-12-31,14285.2001953125,6581.48193359375,1827.5,75.20999908447266,15644.9697265625,4766.18017578125,36338.30078125,46306.4453125,77.77999877929688
2022-01-01,14285.2001953125,6581.48193359375,1827.5,75.20999908447266,15644.9697265625,4766.18017578125,36338.30078125,47686.8125,77.77999877929688
2022-01-02,14285.2001953125,6581.48193359375,1827.5,75.20999908447266,15644.9697265625,4766.18017578125,36338.30078125,47345.21875,77.77999877929688
2022-01-03,14215.0,6665.30810546875,1799.4000244140625,76.08000183105469,15832.7998046875,4796.56005859375,36585.05859375,46458.1171875,78.9800033569336
2022-01-04,14283.599609375,6695.373046875,1814.0,76.98999786376953,15622.7197265625,4793.5400390625,36799.6484375,45897.57421875,80.0
2022-01-05,14385.5,6662.298828125,1824.5999755859375,77.8499984741211,15100.169921875,4700.580078125,36407.109375,43569.00390625,80.80000305175781
2022-01-06,14446.5,6653.35107421875,1788.699951171875,79.45999908447266,15080.8603515625,4696.0498046875,36236.46875,43160.9296875,81.98999786376953
2022-01-07,14408.0,6701.31591796875,1797.0,78.9000015258789,14935.900390625,4677.02978515625,36231.66015625,41557.90234375,81.75
2022-01-08,14408.0,6701.31591796875,1797.0,78.9000015258789,14935.900390625,4677.02978515625,36231.66015625,41733.94140625,81.75
2022-01-09,14408.0,6701.31591796875,1797.0,78.9000015258789,14935.900390625,4677.02978515625,36231.66015625,41911.6015625,81.75
2022-01-10,14318.5,6691.1240234375,1798.4000244140625,78.2300033569336,14942.830078125,4670.2900390625,36068.87109375,41821.26171875,80.87000274658203
2022-01-11,14313.0,6647.97021484375,1818.5999755859375,81.22000122070312,15153.4501953125,4713.06982421875,36252.01953125,42735.85546875,83.72000122070312
2022-01-12,14277.0,6647.06494140625,1827.199951171875,82.63999938964844,15188.3896484375,4726.35009765625,36290.3203125,43949.1015625,84.66999816894531
2022-01-13,14298.900390625,6658.35595703125,1821.199951171875,82.12000274658203,14806.8095703125,4659.02978515625,36113.62109375,42591.5703125,84.47000122070312
2022-01-14,14276.0,6693.40087890625,1816.5,83.81999969482422,14893.75,4662.85009765625,35911.80859375,43099.69921875,86.05999755859375
2022-01-15,14276.0,6693.40087890625,1816.5,83.81999969482422,14893.75,4662.85009765625,35911.80859375,43177.3984375,86.05999755859375
2022-01-16,14276.0,6693.40087890625,1816.5,83.81999969482422,14893.75,4662.85009765625,35911.80859375,43113.87890625,86.05999755859375
2022-01-17,14314.5,6645.0478515625,1816.5,83.81999969482422,14893.75,4662.85009765625,35911.80859375,42250.55078125,86.05999755859375
2022-01-18,14349.7001953125,6614.05908203125,1812.300048828125,85.43000030517578,14506.900390625,4577.10986328125,35368.46875,42375.6328125,87.51000213623047
2022-01-19,14382.2998046875,6591.98095703125,1843.0999755859375,86.95999908447266,14340.259765625,4532.759765625,35028.6484375,41744.328125,88.44000244140625
2022-01-20,14362.7998046875,6626.87109375,1842.5,86.9000015258789,14154.01953125,4482.72998046875,34715.390625,40680.41796875,88.37999725341797
2022-01-21,14343.0,6726.373046875,1831.800048828125,85.13999938964844,13768.919921875,4397.93994140625,34265.37109375,36457.31640625,87.88999938964844
2022-01-22,14343.0,6726.373046875,1831.800048828125,85.13999938964844,13768.919921875,4397.93994140625,34265.37109375,35030.25,87.88999938964844
2022-01-23,14343.0,6726.373046875,1831.800048828125,85.13999938964844,13768.919921875,4397.93994140625,34265.37109375,36276.8046875,87.88999938964844
2022-01-24,14329.7001953125,6655.166015625,1841.699951171875,83.30999755859375,13855.1298828125,4410.1298828125,34364.5,36654.328125,86.2699966430664
2022-01-25,14365.0,6568.1728515625,1852.699951171875,85.5999984741211,13539.2900390625,4356.4501953125,34297.73046875,36954.00390625,88.19999694824219
2022-01-26,14330.5,6600.81884765625,1829.9000244140625,87.3499984741211,13542.1201171875,4349.93017578125,34168.08984375,36852.12109375,89.95999908447266
2022-01-27,14366.400390625,6611.1611328125,1793.300048828125,86.61000061035156,13352.7802734375,4326.509765625,34160.78125,37138.234375,89.33999633789062
2022-01-28,14389.2001953125,6645.51123046875,1784.9000244140625,86.81999969482422,13770.5703125,4431.85009765625,34725.46875,37784.33203125,90.02999877929688
2022-01-29,14389.2001953125,6645.51123046875,1784.9000244140625,86.81999969482422,13770.5703125,4431.85009765625,34725.46875,38138.1796875,90.02999877929688
2022-01-30,14389.2001953125,6645.51123046875,1784.9000244140625,86.81999969482422,13770.5703125,4431.85009765625,34725.46875,37917.6015625,90.02999877929688
2022-01-31,14381.599609375,6631.15087890625,1795.0,88.1500015258789,14239.8798828125,4515.5498046875,35131.859375,38483.125,91.20999908447266
2022-02-01,14350.0,6631.15087890625,1800.300048828125,88.19999694824219,14346.0,4546.5400390625,35405.23828125,38743.2734375,89.16000366210938
2022-02-02,14322.2998046875,6707.65185546875,1809.199951171875,88.26000213623047,14417.5498046875,4589.3798828125,35629.328125,36952.984375,89.47000122070312
2022-02-03,14363.7998046875,6683.85107421875,1803.0,90.2699966430664,13878.8203125,4477.43994140625,35111.16015625,37154.6015625,91.11000061035156
2022-02-04,14377.0,6731.39111328125,1806.5999755859375,92.30999755859375,14098.009765625,4500.52978515625,35089.73828125,41500.875,93.2699966430664
2022-02-05,14377.0,6731.39111328125,1806.5999755859375,92.30999755859375,14098.009765625,4500.52978515625,35089.73828125,41441.1640625,93.2699966430664
2022-02-06,14377.0,6731.39111328125,1806.5999755859375,92.30999755859375,14098.009765625,4500.52978515625,35089.73828125,42412.43359375,93.2699966430664
2022-02-07,14400.400390625,6804.93701171875,1820.5999755859375,91.31999969482422,14015.669921875,4483.8701171875,35091.12890625,43840.28515625,92.69000244140625
2022-02-08,14405.599609375,6789.52197265625,1826.5999755859375,89.36000061035156,14194.4501953125,4521.5400390625,35462.78125,44118.4453125,90.77999877929688
2022-02-09,14379.5,6834.60595703125,1835.199951171875,89.66000366210938,14490.3701171875,4587.18017578125,35768.05859375,44338.796875,91.55000305175781
2022-02-10,14334.2001953125,6823.64208984375,1836.199951171875,89.87999725341797,14185.6396484375,4504.080078125,35241.58984375,43565.11328125,91.41000366210938
2022-02-11,14328.0,6815.60693359375,1840.800048828125,93.0999984741211,13791.150390625,4418.64013671875,34738.05859375,42407.9375,94.44000244140625
2022-02-12,14328.0,6815.60693359375,1840.800048828125,93.0999984741211,13791.150390625,4418.64013671875,34738.05859375,42244.46875,94.44000244140625
2022-02-13,14328.0,6815.60693359375,1840.800048828125,93.0999984741211,13791.150390625,4418.64013671875,34738.05859375,42197.515625,94.44000244140625
2022-02-14,14344.7001953125,6734.48583984375,1868.0,95.45999908447266,13790.919921875,4401.669921875,34566.171875,42586.91796875,96.4800033569336
2022-02-15,14303.0,6807.4970703125,1854.800048828125,92.06999969482422,14139.759765625,4471.06982421875,34988.83984375,44575.203125,93.27999877929688
2022-02-16,14260.599609375,6850.1982421875,1870.199951171875,93.66000366210938,14124.08984375,4475.009765625,34934.26953125,43961.859375,94.80999755859375
2022-02-17,14274.400390625,6835.1171875,1900.699951171875,91.76000213623047,13716.7197265625,4380.259765625,34312.03125,40538.01171875,92.97000122070312
2022-02-18,14348.0,6892.81787109375,1898.5999755859375,91.06999969482422,13548.0703125,4348.8701171875,34079.1796875,40030.9765625,93.54000091552734
2022-02-19,14348.0,6892.81787109375,1898.5999755859375,91.06999969482422,13548.0703125,4348.8701171875,34079.1796875,40122.15625,93.54000091552734
2022-02-20,14348.0,6892.81787109375,1898.5999755859375,91.06999969482422,13548.0703125,4348.8701171875,34079.1796875,38431.37890625,93.54000091552734
2022-02-21,14365.900390625,6902.96484375,1898.5999755859375,91.06999969482422,13548.0703125,4348.8701171875,34079.1796875,37075.28125,93.54000091552734
2022-02-22,14355.0,6861.994140625,1906.0999755859375,92.3499984741211,13381.51953125,4304.759765625,33596.609375,38286.02734375,96.83999633789062
2022-02-23,14395.0,6920.05615234375,1909.199951171875,92.0999984741211,13037.490234375,4225.5,33131.76171875,37296.5703125,96.83999633789062
2022-02-24,14365.0,6817.81982421875,1925.0999755859375,92.80999755859375,13473.58984375,4288.7001953125,33223.828125,38332.609375,99.08000183105469
2022-02-25,14452.5,6888.1708984375,1886.5,91.58999633789062,13694.6201171875,4384.64990234375,34058.75,39214.21875,97.93000030517578
2022-02-26,14452.5,6888.1708984375,1886.5,91.58999633789062,13694.6201171875,4384.64990234375,34058.75,39105.1484375,97.93000030517578
2022-02-27,14452.5,6888.1708984375,1886.5,91.58999633789062,13694.6201171875,4384.64990234375,34058.75,37709.78515625,97.93000030517578
2022-02-28,14334.2001953125,6888.1708984375,1899.4000244140625,95.72000122070312,13751.400390625,4373.93994140625,33892.6015625,43193.234375,100.98999786376953
2022-03-01,14360.0,6921.44091796875,1942.4000244140625,103.41000366210938,13532.4599609375,4306.259765625,33294.94921875,44354.63671875,104.97000122070312
2022-03-02,14425.0,6868.40185546875,1920.9000244140625,110.5999984741211,13752.01953125,4386.5400390625,33891.3515625,43924.1171875,112.93000030517578
2022-03-03,14387.5,6868.40185546875,1934.4000244140625,107.66999816894531,13537.9404296875,4363.490234375,33794.66015625,42451.7890625,110.45999908447266
2022-03-04,14358.400390625,6928.328125,1965.0999755859375,115.68000030517578,13313.4404296875,4328.8701171875,33614.80078125,39137.60546875,118.11000061035156
2022-03-05,14358.400390625,6928.328125,1965.0999755859375,115.68000030517578,13313.4404296875,4328.8701171875,33614.80078125,39400.5859375,118.11000061035156
2022-03-06,14358.400390625,6928.328125,1965.0999755859375,115.68000030517578,13313.4404296875,4328.8701171875,33614.80078125,38419.984375,118.11000061035156
2022-03-07,14381.7001953125,6869.06591796875,1993.9000244140625,119.4000015258789,12830.9599609375,4201.08984375,32817.37890625,38062.0390625,123.20999908447266
2022-03-08,14406.400390625,6814.18310546875,2040.0999755859375,123.69999694824219,12795.5498046875,4170.7001953125,32632.640625,38737.26953125,127.9800033569336
2022-03-09,14362.7001953125,6864.44091796875,1985.9000244140625,108.69999694824219,13255.5498046875,4277.8798828125,33286.25,41982.92578125,111.13999938964844
2022-03-10,14251.0,6924.0078125,1998.0999755859375,106.0199966430664,13129.9599609375,4259.52001953125,33174.0703125,39437.4609375,109.33000183105469
2022-03-11,14275.0,6922.60205078125,1982.699951171875,109.33000183105469,12843.8095703125,4204.31005859375,32944.19140625,38794.97265625,112.66999816894531
2022-03-12,14275.0,6922.60205078125,1982.699951171875,109.33000183105469,12843.8095703125,4204.31005859375,32944.19140625,38904.01171875,112.66999816894531
2022-03-13,14275.0,6922.60205078125,1982.699951171875,109.33000183105469,12843.8095703125,4204.31005859375,32944.19140625,37849.6640625,112.66999816894531
2022-03-14,14325.5,6952.2041015625,1959.5999755859375,103.01000213623047,12581.2197265625,4173.10986328125,32945.23828125,39666.75390625,106.9000015258789
2022-03-15,14347.5,6918.18505859375,1928.5,96.44000244140625,12948.6201171875,4262.4501953125,33544.33984375,39338.78515625,99.91000366210938
2022-03-16,14305.2998046875,6992.39501953125,1908.0,95.04000091552734,13436.5498046875,4357.85986328125,34063.1015625,41143.9296875,98.0199966430664
2022-03-17,14263.5,6964.384765625,1942.0999755859375,102.9800033569336,13614.7802734375,4411.669921875,34480.76171875,40951.37890625,106.63999938964844
2022-03-18,14326.0,6954.96484375,1928.199951171875,104.69999694824219,13893.83984375,4463.1201171875,34754.9296875,41801.15625,107.93000030517578
2022-03-19,14326.0,6954.96484375,1928.199951171875,104.69999694824219,13893.83984375,4463.1201171875,34754.9296875,42190.65234375,107.93000030517578
2022-03-20,14326.0,6954.96484375,1928.199951171875,104.69999694824219,13893.83984375,4463.1201171875,34754.9296875,41247.82421875,107.93000030517578
2022-03-21,14342.2998046875,6955.18115234375,1928.5999755859375,112.12000274658203,13838.4599609375,4461.18017578125,34552.98828125,41077.99609375,115.62000274658203
2022-03-22,14345.0,7000.82177734375,1920.699951171875,111.76000213623047,14108.8203125,4511.60986328125,34807.4609375,42358.80859375,115.4800033569336
2022-03-23,14345.5,6996.115234375,1936.5999755859375,114.93000030517578,13922.599609375,4456.240234375,34358.5,42892.95703125,121.5999984741211
2022-03-24,14389.0,7049.68505859375,1961.5999755859375,112.33999633789062,14191.83984375,4520.16015625,34707.94140625,43960.93359375,119.02999877929688
2022-03-25,14337.099609375,7002.5322265625,1953.800048828125,113.9000015258789,14169.2998046875,4543.06005859375,34861.23828125,44348.73046875,120.6500015258789
2022-03-26,14337.099609375,7002.5322265625,1953.800048828125,113.9000015258789,14169.2998046875,4543.06005859375,34861.23828125,44500.828125,120.6500015258789
2022-03-27,14337.099609375,7002.5322265625,1953.800048828125,113.9000015258789,14169.2998046875,4543.06005859375,34861.23828125,46820.4921875,120.6500015258789
2022-03-28,14334.0,7049.60302734375,1939.5999755859375,105.95999908447266,14354.900390625,4575.52001953125,34955.890625,47128.00390625,112.4800033569336
2022-03-29,14373.0,7011.68896484375,1912.0,104.23999786376953,14619.6396484375,4631.60009765625,35294.19140625,47465.73046875,110.2300033569336
2022-03-30,14334.0,7053.18994140625,1933.5,107.81999969482422,14442.26953125,4602.4501953125,35228.80859375,47062.6640625,113.44999694824219
2022-03-31,14327.5,7071.44189453125,1949.199951171875,100.27999877929688,14220.51953125,4530.41015625,34678.3515625,45538.67578125,107.91000366210938
2022-04-01,14351.0,7078.759765625,1919.0999755859375,99.2699966430664,14261.5,4545.85986328125,34818.26953125,46281.64453125,104.38999938964844
2022-04-02,14351.0,7078.759765625,1919.0999755859375,99.2699966430664,14261.5,4545.85986328125,34818.26953125,45868.94921875,104.38999938964844
2022-04-03,14351.0,7078.759765625,1919.0999755859375,99.2699966430664,14261.5,4545.85986328125,34818.26953125,46453.56640625,104.38999938964844
2022-04-04,14361.0,7116.2177734375,1929.199951171875,103.27999877929688,14532.5498046875,4582.64013671875,34921.87890625,46622.67578125,107.52999877929688
2022-04-05,14322.2998046875,7148.298828125,1922.9000244140625,101.95999908447266,14204.169921875,4525.1201171875,34641.1796875,45555.9921875,106.63999938964844
2022-04-06,14365.5,7104.2158203125,1918.4000244140625,96.2300033569336,13888.8203125,4481.14990234375,34496.51171875,43206.73828125,101.06999969482422
2022-04-07,14382.0,7127.3671875,1933.800048828125,96.02999877929688,13897.2998046875,4500.2099609375,34583.5703125,43503.84765625,100.58000183105469
2022-04-08,14385.0,7210.8349609375,1941.5999755859375,98.26000213623047,13711.0,4488.27978515625,34721.12109375,42287.6640625,102.77999877929688
2022-04-09,14385.0,7210.8349609375,1941.5999755859375,98.26000213623047,13711.0,4488.27978515625,34721.12109375,42782.13671875,102.77999877929688
2022-04-10,14385.0,7210.8349609375,1941.5999755859375,98.26000213623047,13711.0,4488.27978515625,34721.12109375,42207.671875,102.77999877929688
2022-04-11,14355.0,7203.7939453125,1944.300048828125,94.29000091552734,13411.9599609375,4412.52978515625,34308.078125,39521.90234375,98.4800033569336
2022-04-12,14360.7001953125,7214.78076171875,1972.0999755859375,100.5999984741211,13371.5703125,4397.4501953125,34220.359375,40127.18359375,104.63999938964844
2022-04-13,14364.2001953125,7262.77685546875,1981.0,104.25,13643.58984375,4446.58984375,34564.58984375,41166.73046875,108.77999877929688
2022-04-14,14360.2001953125,7235.5322265625,1970.9000244140625,106.94999694824219,13351.080078125,4392.58984375,34451.23046875,39935.515625,111.69999694824219
2022-04-15,14383.900390625,7235.5322265625,1970.9000244140625,106.94999694824219,13351.080078125,4392.58984375,34451.23046875,40553.46484375,111.69999694824219
2022-04-16,14383.900390625,7235.5322265625,1970.9000244140625,106.94999694824219,13351.080078125,4392.58984375,34451.23046875,40424.484375,111.69999694824219
2022-04-17,14383.900390625,7235.5322265625,1970.9000244140625,106.94999694824219,13351.080078125,4392.58984375,34451.23046875,39716.953125,111.69999694824219
2022-04-18,14337.0,7275.2890625,1982.9000244140625,108.20999908447266,13332.3603515625,4391.68994140625,34411.69140625,40826.21484375,113.16000366210938
2022-04-19,14353.7998046875,7199.23193359375,1955.699951171875,102.55999755859375,13619.66015625,4462.2099609375,34911.19921875,41502.75,107.25
2022-04-20,14364.900390625,7227.36181640625,1952.300048828125,102.75,13453.0703125,4459.4501953125,35160.7890625,41374.37890625,106.80000305175781
2022-04-21,14351.0,7276.19287109375,1944.9000244140625,103.79000091552734,13174.650390625,4393.66015625,34792.76171875,40527.36328125,108.33000183105469
2022-04-22,14382.0,7225.60595703125,1931.0,102.06999969482422,12839.2900390625,4271.77978515625,33811.3984375,39740.3203125,106.6500015258789
2022-04-23,14382.0,7225.60595703125,1931.0,102.06999969482422,12839.2900390625,4271.77978515625,33811.3984375,39486.73046875,106.6500015258789
2022-04-24,14382.0,7225.60595703125,1931.0,102.06999969482422,12839.2900390625,4271.77978515625,33811.3984375,39469.29296875,106.6500015258789
2022-04-25,14350.0,7215.97900390625,1893.199951171875,98.54000091552734,13004.849609375,4296.1201171875,34049.4609375,40458.30859375,102.31999969482422
2022-04-26,14478.0,7232.15283203125,1901.4000244140625,101.69999694824219,12490.740234375,4175.2001953125,33240.1796875,38117.4609375,104.98999786376953
2022-04-27,14466.0,7196.76416015625,1885.9000244140625,102.0199966430664,12488.9296875,4183.9599609375,33301.9296875,39241.12109375,105.31999969482422
2022-04-28,14447.5,7228.9140625,1888.699951171875,105.36000061035156,12871.5302734375,4287.5,33916.390625,39773.828125,107.58999633789062
2022-04-29,14502.0,7228.9140625,1909.300048828125,104.69000244140625,12334.6396484375,4131.93017578125,32977.2109375,38609.82421875,109.33999633789062
2022-04-30,14502.0,7228.9140625,1909.300048828125,104.69000244140625,12334.6396484375,4131.93017578125,32977.2109375,37714.875,109.33999633789062
2022-05-01,14502.0,7228.9140625,1909.300048828125,104.69000244140625,12334.6396484375,4131.93017578125,32977.2109375,38469.09375,109.33999633789062
2022-05-02,14490.0,7228.9140625,1861.800048828125,105.16999816894531,12536.01953125,4155.3798828125,33061.5,38529.328125,107.58000183105469
2022-05-03,14522.599609375,7228.9140625,1868.800048828125,102.41000366210938,12563.759765625,4175.47998046875,33128.7890625,37750.453125,104.97000122070312
2022-05-04,14491.0,7228.9140625,1867.0,107.80999755859375,12964.8603515625,4300.169921875,34061.05859375,39698.37109375,110.13999938964844
2022-05-05,14425.0,7228.9140625,1874.0,108.26000213623047,12317.6904296875,4146.8701171875,32997.96875,36575.140625,110.9000015258789
2022-05-06,14458.7001953125,7228.9140625,1881.199951171875,109.7699966430664,12144.66015625,4123.33984375,32899.37109375,36040.921875,112.38999938964844
2022-05-07,14458.7001953125,7228.9140625,1881.199951171875,109.7699966430664,12144.66015625,4123.33984375,32899.37109375,35501.953125,112.38999938964844
2022-05-08,14458.7001953125,7228.9140625,1881.199951171875,109.7699966430664,12144.66015625,4123.33984375,32899.37109375,34059.265625,112.38999938964844
2022-05-09,14490.0,6909.7509765625,1857.0999755859375,103.08999633789062,11623.25,3991.239990234375,32245.69921875,30296.953125,105.94000244140625
2022-05-10,14552.2001953125,6819.7939453125,1839.9000244140625,99.76000213623047,11737.669921875,4001.050048828125,32160.740234375,31022.90625,102.45999908447266
2022-05-11,14520.7998046875,6816.203125,1852.5999755859375,105.70999908447266,11364.240234375,3935.179931640625,31834.109375,28936.35546875,107.51000213623047
2022-05-12,14543.400390625,6599.83984375,1823.800048828125,106.12999725341797,11370.9599609375,3930.080078125,31730.30078125,29047.751953125,107.44999694824219
2022-05-13,14632.099609375,6597.9931640625,1807.4000244140625,110.48999786376953,11805.0,4023.889892578125,32196.66015625,29283.103515625,111.55000305175781
2022-05-14,14632.099609375,6597.9931640625,1807.4000244140625,110.48999786376953,11805.0,4023.889892578125,32196.66015625,30101.265625,111.55000305175781
2022-05-15,14632.099609375,6597.9931640625,1807.4000244140625,110.48999786376953,11805.0,4023.889892578125,32196.66015625,31305.11328125,111.55000305175781
2022-05-16,14606.0,6597.9931640625,1813.5,114.19999694824219,11662.7900390625,4008.010009765625,32223.419921875,29862.91796875,114.23999786376953
2022-05-17,14645.0,6644.466796875,1818.199951171875,112.4000015258789,11984.51953125,4088.85009765625,32654.58984375,30425.857421875,111.93000030517578
2022-05-18,14630.599609375,6793.4140625,1815.9000244140625,109.58999633789062,11418.150390625,3923.679931640625,31490.0703125,28720.271484375,109.11000061035156
2022-05-19,14740.0,6823.3349609375,1841.199951171875,112.20999908447266,11388.5,3900.7900390625,31253.130859375,30314.333984375,112.04000091552734
2022-05-20,14626.7998046875,6918.14404296875,1841.800048828125,113.2300033569336,11354.6201171875,3901.360107421875,31261.900390625,29200.740234375,112.55000305175781
2022-05-21,14626.7998046875,6918.14404296875,1841.800048828125,113.2300033569336,11354.6201171875,3901.360107421875,31261.900390625,29432.2265625,112.55000305175781
2022-05-22,14626.7998046875,6918.14404296875,1841.800048828125,113.2300033569336,11354.6201171875,3901.360107421875,31261.900390625,30323.72265625,112.55000305175781
2022-05-23,14645.0,6840.77490234375,1847.800048828125,110.29000091552734,11535.26953125,3973.75,31880.240234375,29098.91015625,113.41999816894531
2022-05-24,14619.2001953125,6914.14111328125,1865.0999755859375,109.7699966430664,11264.4501953125,3941.47998046875,31928.619140625,29655.5859375,113.55999755859375
2022-05-25,14635.7998046875,6883.50390625,1846.199951171875,110.33000183105469,11434.740234375,3978.72998046875,32120.279296875,29562.361328125,114.02999877929688
2022-05-26,14597.0,6883.50390625,1847.4000244140625,114.08999633789062,11740.650390625,4057.840087890625,32637.189453125,29267.224609375,117.4000015258789
2022-05-27,14584.2001953125,7026.255859375,1851.300048828125,115.06999969482422,12131.1298828125,4158.240234375,33212.9609375,28627.57421875,119.43000030517578
2022-05-28,14584.2001953125,7026.255859375,1851.300048828125,115.06999969482422,12131.1298828125,4158.240234375,33212.9609375,28814.900390625,119.43000030517578
2022-05-29,14584.2001953125,7026.255859375,1851.300048828125,115.06999969482422,12131.1298828125,4158.240234375,33212.9609375,29445.95703125,119.43000030517578
2022-05-30,14570.0,7037.56494140625,1851.300048828125,115.06999969482422,12131.1298828125,4158.240234375,33212.9609375,31726.390625,119.43000030517578
2022-05-31,14538.400390625,7148.97021484375,1842.699951171875,114.66999816894531,12081.3896484375,4132.14990234375,32990.12109375,31792.310546875,122.83999633789062
2022-06-01,14543.900390625,7148.97021484375,1843.300048828125,115.26000213623047,11994.4599609375,4101.22998046875,32813.23046875,29799.080078125,116.29000091552734
2022-06-02,14531.5,7148.72314453125,1866.5,116.87000274658203,12316.900390625,4176.81982421875,33248.28125,30467.48828125,117.61000061035156
2022-06-03,14426.7998046875,7182.9609375,1845.4000244140625,118.87000274658203,12012.73046875,4108.5400390625,32899.69921875,29704.390625,119.72000122070312
2022-06-04,14426.7998046875,7182.9609375,1845.4000244140625,118.87000274658203,12012.73046875,4108.5400390625,32899.69921875,29832.9140625,119.72000122070312
2022-06-05,14426.7998046875,7182.9609375,1845.4000244140625,118.87000274658203,12012.73046875,4108.5400390625,32899.69921875,29906.662109375,119.72000122070312
2022-06-06,14431.0,7096.58203125,1839.199951171875,118.5,12061.3701171875,4121.43017578125,32915.78125,31370.671875,119.51000213623047
2022-06-07,14435.2001953125,7141.044921875,1847.5,119.41000366210938,12175.23046875,4160.68017578125,33180.140625,31155.478515625,120.56999969482422
2022-06-08,14458.7998046875,7193.31396484375,1851.9000244140625,122.11000061035156,12086.26953125,4115.77001953125,32910.8984375,30214.35546875,123.58000183105469
2022-06-09,14495.2998046875,7182.830078125,1848.800048828125,121.51000213623047,11754.23046875,4017.820068359375,32272.7890625,30111.998046875,123.06999969482422
2022-06-10,14611.7998046875,7086.64794921875,1871.5,120.66999816894531,11340.01953125,3900.860107421875,31392.7890625,29083.8046875,122.01000213623047
2022-06-11,14611.7998046875,7086.64794921875,1871.5,120.66999816894531,11340.01953125,3900.860107421875,31392.7890625,28360.810546875,122.01000213623047
2022-06-12,14611.7998046875,7086.64794921875,1871.5,120.66999816894531,11340.01953125,3900.860107421875,31392.7890625,26762.6484375,122.01000213623047
2022-06-13,14546.0,6995.44189453125,1828.0,120.93000030517578,10809.23046875,3749.6298828125,30516.740234375,22487.388671875,122.2699966430664
2022-06-14,14795.0,7049.8818359375,1809.5,118.93000030517578,10828.349609375,3735.47998046875,30364.830078125,22206.79296875,121.16999816894531
2022-06-15,14740.7998046875,7007.0498046875,1815.300048828125,115.30999755859375,11099.150390625,3789.989990234375,30668.529296875,22572.83984375,118.51000213623047
2022-06-16,14681.0,7050.326171875,1845.699951171875,117.58999633789062,10646.099609375,3666.77001953125,29927.0703125,20381.650390625,119.80999755859375
2022-06-17,14776.099609375,6936.966796875,1835.5999755859375,109.55999755859375,10798.349609375,3674.840087890625,29888.779296875,20471.482421875,113.12000274658203
2022-06-18,14776.099609375,6936.966796875,1835.5999755859375,109.55999755859375,10798.349609375,3674.840087890625,29888.779296875,19017.642578125,113.12000274658203
2022-06-19,14776.099609375,6936.966796875,1835.5999755859375,109.55999755859375,10798.349609375,3674.840087890625,29888.779296875,20553.271484375,113.12000274658203
2022-06-20,14816.0,6976.376953125,1835.5999755859375,109.55999755859375,10798.349609375,3674.840087890625,29888.779296875,20599.537109375,113.12000274658203
2022-06-21,14827.7001953125,7044.07080078125,1834.5999755859375,110.6500015258789,11069.2998046875,3764.7900390625,30530.25,20710.59765625,114.6500015258789
2022-06-22,14831.7001953125,6984.31103515625,1834.300048828125,106.19000244140625,11053.080078125,3759.889892578125,30483.130859375,19987.029296875,111.73999786376953
2022-06-23,14843.0,6998.26708984375,1825.699951171875,104.2699966430664,11232.1904296875,3795.72998046875,30677.359375,21085.876953125,110.05000305175781
2022-06-24,14841.7998046875,7042.93701171875,1826.5,107.62000274658203,11607.6201171875,3911.739990234375,31500.6796875,21231.65625,113.12000274658203
2022-06-25,14841.7998046875,7042.93701171875,1826.5,107.62000274658203,11607.6201171875,3911.739990234375,31500.6796875,21502.337890625,113.12000274658203
2022-06-26,14841.7998046875,7042.93701171875,1826.5,107.62000274658203,11607.6201171875,3911.739990234375,31500.6796875,21027.294921875,113.12000274658203
2022-06-27,14841.0,7016.05517578125,1820.9000244140625,109.56999969482422,11524.5498046875,3900.110107421875,31438.259765625,20735.478515625,115.08999633789062
2022-06-28,14791.0,6996.4560546875,1817.5,111.76000213623047,11181.5400390625,3821.550048828125,30946.990234375,20280.634765625,117.9800033569336
2022-06-29,14857.0,6942.35107421875,1813.699951171875,109.77999877929688,11177.8896484375,3818.830078125,31029.310546875,20104.0234375,116.26000213623047
2022-06-30,14877.0,6911.58203125,1804.0999755859375,105.76000213623047,11028.740234375,3785.3798828125,30775.4296875,19784.7265625,114.80999755859375
2022-07-01,14921.900390625,6794.328125,1798.9000244140625,108.43000030517578,11127.849609375,3825.330078125,31097.259765625,19269.3671875,111.62999725341797
2022-07-02,14921.900390625,6794.328125,1798.9000244140625,108.43000030517578,11127.849609375,3825.330078125,31097.259765625,19242.255859375,111.62999725341797
2022-07-03,14921.900390625,6794.328125,1798.9000244140625,108.43000030517578,11127.849609375,3825.330078125,31097.259765625,19297.076171875,111.62999725341797
2022-07-04,14931.0,6639.171875,1798.9000244140625,108.43000030517578,11127.849609375,3825.330078125,31097.259765625,20231.26171875,111.62999725341797
2022-07-05,15008.0,6703.26611328125,1761.800048828125,99.5,11322.240234375,3831.389892578125,30967.8203125,20190.115234375,102.7699966430664
2022-07-06,15037.0,6646.41015625,1734.9000244140625,98.52999877929688,11361.849609375,3845.080078125,31037.6796875,20548.24609375,100.69000244140625
2022-07-07,15010.0,6652.5869140625,1737.9000244140625,102.7300033569336,11621.349609375,3902.6201171875,31384.55078125,21637.587890625,104.6500015258789
2022-07-08,14964.599609375,6740.21923828125,1740.5999755859375,104.79000091552734,11635.3095703125,3899.3798828125,31338.150390625,21731.1171875,107.0199966430664
2022-07-09,14964.599609375,6740.21923828125,1740.5999755859375,104.79000091552734,11635.3095703125,3899.3798828125,31338.150390625,21592.20703125,107.0199966430664
2022-07-10,14964.599609375,6740.21923828125,1740.5999755859375,104.79000091552734,11635.3095703125,3899.3798828125,31338.150390625,20860.44921875,107.0199966430664
2022-07-11,14970.0,6722.14501953125,1730.0,104.08999633789062,11372.599609375,3854.429931640625,31173.83984375,19970.556640625,107.0999984741211
2022-07-12,14989.099609375,6718.2939453125,1723.300048828125,95.83999633789062,11264.73046875,3818.800048828125,30981.330078125,19323.9140625,99.48999786376953
2022-07-13,15010.0,6640.990234375,1734.199951171875,96.30000305175781,11247.580078125,3801.780029296875,30772.7890625,20212.07421875,99.56999969482422
2022-07-14,15030.400390625,6690.0869140625,1704.5,95.77999877929688,11251.1904296875,3790.3798828125,30630.169921875,20569.919921875,99.0999984741211
2022-07-15,15037.099609375,6651.90478515625,1702.4000244140625,97.58999633789062,11452.419921875,3863.159912109375,31288.259765625,20836.328125,101.16000366210938
2022-07-16,15037.099609375,6651.90478515625,1702.4000244140625,97.58999633789062,11452.419921875,3863.159912109375,31288.259765625,21190.31640625,101.16000366210938
2022-07-17,15037.099609375,6651.90478515625,1702.4000244140625,97.58999633789062,11452.419921875,3863.159912109375,31288.259765625,20779.34375,101.16000366210938
2022-07-18,14986.0,6659.2529296875,1709.199951171875,102.5999984741211,11360.0498046875,3830.85009765625,31072.609375,22485.689453125,106.2699966430664
2022-07-19,14977.0,6736.091796875,1710.0,104.22000122070312,11713.150390625,3936.68994140625,31827.05078125,23389.43359375,107.3499984741211
2022-07-20,14960.7998046875,6874.7431640625,1699.5,102.26000213623047,11897.650390625,3959.89990234375,31874.83984375,23231.732421875,106.91999816894531
2022-07-21,15022.0,6864.130859375,1712.699951171875,96.3499984741211,12059.6103515625,3998.949951171875,32036.900390625,23164.62890625,103.86000061035156
2022-07-22,15004.2001953125,6886.9619140625,1727.0999755859375,94.69999694824219,11834.1103515625,3961.6298828125,31899.2890625,22714.978515625,103.19999694824219
2022-07-23,15004.2001953125,6886.9619140625,1727.0999755859375,94.69999694824219,11834.1103515625,3961.6298828125,31899.2890625,22465.478515625,103.19999694824219
2022-07-24,15004.2001953125,6886.9619140625,1727.0999755859375,94.69999694824219,11834.1103515625,3961.6298828125,31899.2890625,22609.1640625,103.19999694824219
2022-07-25,15011.0,6858.4072265625,1719.0,96.69999694824219,11782.669921875,3966.840087890625,31990.0390625,21361.701171875,105.1500015258789
2022-07-26,14978.0,6871.537109375,1717.699951171875,94.9800033569336,11562.5703125,3921.050048828125,31761.5390625,21239.75390625,104.4000015258789
2022-07-27,14982.7998046875,6898.2158203125,1719.0999755859375,97.26000213623047,12032.419921875,4023.610107421875,32197.58984375,22930.548828125,106.62000274658203
2022-07-28,14914.2001953125,6956.81689453125,1750.300048828125,96.41999816894531,12162.58984375,4072.429931640625,32529.630859375,23843.88671875,107.13999938964844
2022-07-29,14849.099609375,6951.123046875,1762.9000244140625,98.62000274658203,12390.6904296875,4130.2900390625,32845.12890625,23804.6328125,110.01000213623047
2022-07-30,14849.099609375,6951.123046875,1762.9000244140625,98.62000274658203,12390.6904296875,4130.2900390625,32845.12890625,23656.20703125,110.01000213623047
2022-07-31,14849.099609375,6951.123046875,1762.9000244140625,98.62000274658203,12390.6904296875,4130.2900390625,32845.12890625,23336.896484375,110.01000213623047
2022-08-01,14826.0,6968.783203125,1769.0,93.88999938964844,12368.98046875,4118.6298828125,32798.3984375,23314.19921875,100.02999877929688
2022-08-02,14838.0,6988.1572265625,1771.0999755859375,94.41999816894531,12348.759765625,4091.18994140625,32396.169921875,22978.1171875,100.54000091552734
2022-08-03,14890.099609375,7046.634765625,1758.0,90.66000366210938,12668.16015625,4155.169921875,32812.5,22846.5078125,96.77999877929688
2022-08-04,14900.0,7057.34814453125,1788.5,88.54000091552734,12720.580078125,4151.93994140625,32726.8203125,22630.95703125,94.12000274658203
2022-08-05,14884.7001953125,7084.65478515625,1772.9000244140625,89.01000213623047,12657.5498046875,4145.18994140625,32803.46875,23289.314453125,94.91999816894531
2022-08-06,14884.7001953125,7084.65478515625,1772.9000244140625,89.01000213623047,12657.5498046875,4145.18994140625,32803.46875,22961.279296875,94.91999816894531
2022-08-07,14884.7001953125,7084.65478515625,1772.9000244140625,89.01000213623047,12657.5498046875,4145.18994140625,32803.46875,23175.890625,94.91999816894531
2022-08-08,14886.0,7086.84912109375,1786.800048828125,90.76000213623047,12644.4599609375,4140.06005859375,32832.5390625,23809.486328125,96.6500015258789
2022-08-09,14831.2001953125,7102.8798828125,1794.0,90.5,12493.9296875,4122.47021484375,32774.41015625,23164.318359375,96.30999755859375
2022-08-10,14856.7001953125,7086.23583984375,1795.5999755859375,91.93000030517578,12854.7998046875,4210.240234375,33309.51171875,23947.642578125,97.4000015258789
2022-08-11,14756.900390625,7160.384765625,1789.699951171875,94.33999633789062,12779.91015625,4207.27001953125,33336.671875,23957.529296875,99.5999984741211
2022-08-12,14724.2001953125,7129.27685546875,1798.5999755859375,92.08999633789062,13047.1904296875,4280.14990234375,33761.05078125,24402.818359375,98.1500015258789
2022-08-13,14724.2001953125,7129.27685546875,1798.5999755859375,92.08999633789062,13047.1904296875,4280.14990234375,33761.05078125,24424.068359375,98.1500015258789
2022-08-14,14724.2001953125,7129.27685546875,1798.5999755859375,92.08999633789062,13047.1904296875,4280.14990234375,33761.05078125,24319.333984375,98.1500015258789
2022-08-15,14661.0,7093.27587890625,1781.4000244140625,89.41000366210938,13128.0498046875,4297.14013671875,33912.44140625,24136.97265625,95.0999984741211
2022-08-16,14776.400390625,7133.453125,1773.199951171875,86.52999877929688,13102.5498046875,4305.2001953125,34152.01171875,23883.291015625,92.33999633789062
2022-08-17,14747.099609375,7133.453125,1760.300048828125,88.11000061035156,12938.1201171875,4274.0400390625,33980.3203125,23335.998046875,93.6500015258789
2022-08-18,14764.099609375,7186.55810546875,1755.300048828125,90.5,12965.33984375,4283.740234375,33999.0390625,23212.73828125,96.58999633789062
2022-08-19,14845.7001953125,7172.43408203125,1747.5999755859375,90.7699966430664,12705.2197265625,4228.47998046875,33706.73828125,20877.552734375,96.72000122070312
2022-08-20,14845.7001953125,7172.43408203125,1747.5999755859375,90.7699966430664,12705.2197265625,4228.47998046875,33706.73828125,21166.060546875,96.72000122070312
2022-08-21,14845.7001953125,7172.43408203125,1747.5999755859375,90.7699966430664,12705.2197265625,4228.47998046875,33706.73828125,21534.12109375,96.72000122070312
2022-08-22,14831.0,7107.98291015625,1734.0,90.2300033569336,12381.5703125,4137.990234375,33063.609375,21398.908203125,96.4800033569336
2022-08-23,14933.5,7163.26513671875,1746.800048828125,93.73999786376953,12381.2998046875,4128.72998046875,32909.58984375,21528.087890625,100.22000122070312
2022-08-24,14850.0,7194.7060546875,1747.800048828125,94.88999938964844,12431.5302734375,4140.77001953125,32969.23046875,21395.01953125,101.22000122070312
2022-08-25,14845.0,7174.2080078125,1757.699951171875,92.5199966430664,12639.26953125,4199.1201171875,33291.78125,21600.904296875,99.33999633789062
2022-08-26,14773.0,7135.248046875,1736.0999755859375,93.05999755859375,12141.7099609375,4057.659912109375,32283.400390625,20260.01953125,100.98999786376953
2022-08-27,14773.0,7135.248046875,1736.0999755859375,93.05999755859375,12141.7099609375,4057.659912109375,32283.400390625,20041.73828125,100.98999786376953
2022-08-28,14773.0,7135.248046875,1736.0999755859375,93.05999755859375,12141.7099609375,4057.659912109375,32283.400390625,19616.814453125,100.98999786376953
2022-08-29,14811.0,7132.044921875,1736.5999755859375,97.01000213623047,12017.669921875,4030.610107421875,32098.990234375,20297.994140625,105.08999633789062
2022-08-30,14895.0,7159.47314453125,1723.199951171875,91.63999938964844,11883.1396484375,3986.159912109375,31790.869140625,19796.80859375,99.30999755859375
2022-08-31,14850.0,7178.58984375,1712.800048828125,89.55000305175781,11816.2001953125,3955.0,31510.4296875,20049.763671875,96.48999786376953
2022-09-01,14855.0,7153.10400390625,1696.5999755859375,86.61000061035156,11785.1298828125,3966.85009765625,31656.419921875,20127.140625,92.36000061035156
2022-09-02,14902.099609375,7177.17919921875,1709.800048828125,86.87000274658203,11630.8603515625,3924.260009765625,31318.439453125,19969.771484375,93.0199966430664
2022-09-03,14902.099609375,7177.17919921875,1709.800048828125,86.87000274658203,11630.8603515625,3924.260009765625,31318.439453125,19832.087890625,93.0199966430664
2022-09-04,14902.099609375,7177.17919921875,1709.800048828125,86.87000274658203,11630.8603515625,3924.260009765625,31318.439453125,19986.712890625,93.0199966430664
2022-09-05,14890.0,7231.8828125,1709.800048828125,86.87000274658203,11630.8603515625,3924.260009765625,31318.439453125,19812.37109375,93.0199966430664
2022-09-06,14882.2998046875,7233.15478515625,1700.4000244140625,86.87999725341797,11544.91015625,3908.18994140625,31145.30078125,18837.66796875,92.83000183105469
2022-09-07,14904.0,7186.7568359375,1715.300048828125,81.94000244140625,11791.900390625,3979.8701171875,31581.279296875,19290.32421875,88.0
2022-09-08,14865.2998046875,7232.01708984375,1708.0,83.54000091552734,11862.1298828125,4006.179931640625,31774.51953125,19329.833984375,89.1500015258789
2022-09-09,14892.2998046875,7242.65576171875,1716.199951171875,86.79000091552734,12112.3095703125,4067.360107421875,32151.7109375,21381.15234375,92.83999633789062
2022-09-10,14892.2998046875,7242.65576171875,1716.199951171875,86.79000091552734,12112.3095703125,4067.360107421875,32151.7109375,21680.5390625,92.83999633789062
2022-09-11,14892.2998046875,7242.65576171875,1716.199951171875,86.79000091552734,12112.3095703125,4067.360107421875,32151.7109375,21769.255859375,92.83999633789062
2022-09-12,14823.0,7254.4638671875,1728.0999755859375,87.77999877929688,12266.41015625,4110.41015625,32381.33984375,22370.44921875,94.0
2022-09-13,14858.7001953125,7318.01611328125,1705.0,87.30999755859375,11633.5703125,3932.68994140625,31104.970703125,20296.70703125,93.16999816894531
2022-09-14,14954.900390625,7278.078125,1696.5,88.4800033569336,11719.6796875,3946.010009765625,31135.08984375,20241.08984375,94.0999984741211
2022-09-15,14915.0,7305.60107421875,1665.4000244140625,85.0999984741211,11552.3603515625,3901.35009765625,30961.8203125,19701.2109375,90.83999633789062
2022-09-16,14933.599609375,7168.8701171875,1671.699951171875,85.11000061035156,11448.400390625,3873.330078125,30822.419921875,19772.583984375,91.3499984741211
2022-09-17,14933.599609375,7168.8701171875,1671.699951171875,85.11000061035156,11448.400390625,3873.330078125,30822.419921875,20127.576171875,91.3499984741211
2022-09-18,14933.599609375,7168.8701171875,1671.699951171875,85.11000061035156,11448.400390625,3873.330078125,30822.419921875,19419.505859375,91.3499984741211
2022-09-19,14946.0,7195.48779296875,1666.199951171875,85.7300033569336,11535.01953125,3899.889892578125,31019.6796875,19544.12890625,92.0
2022-09-20,14985.7998046875,7196.951171875,1659.699951171875,84.44999694824219,11425.0498046875,3855.929931640625,30706.23046875,18890.7890625,90.62000274658203
2022-09-21,15008.599609375,7188.31396484375,1664.5999755859375,82.94000244140625,11220.1904296875,3789.929931640625,30183.779296875,18547.400390625,89.83000183105469
2022-09-22,15019.0,7218.90576171875,1670.800048828125,83.48999786376953,11066.8095703125,3757.989990234375,30076.6796875,19413.55078125,90.45999908447266
2022-09-23,15026.599609375,7178.5830078125,1645.300048828125,78.73999786376953,10867.9296875,3693.22998046875,29590.41015625,19297.638671875,86.1500015258789
2022-09-24,15026.599609375,7178.5830078125,1645.300048828125,78.73999786376953,10867.9296875,3693.22998046875,29590.41015625,18937.01171875,86.1500015258789
2022-09-25,15026.599609375,7178.5830078125,1645.300048828125,78.73999786376953,10867.9296875,3693.22998046875,29590.41015625,18802.09765625,86.1500015258789
2022-09-26,15031.0,7127.5029296875,1623.300048828125,76.70999908447266,10802.919921875,3655.0400390625,29260.810546875,19222.671875,84.05999755859375
2022-09-27,15204.0,7112.44921875,1626.699951171875,78.5,10829.5,3647.2900390625,29134.990234375,19110.546875,86.2699966430664
2022-09-28,15167.2001953125,7077.03076171875,1660.4000244140625,82.1500015258789,11051.6396484375,3719.0400390625,29683.740234375,19426.720703125,89.31999969482422
2022-09-29,15175.2998046875,7036.1982421875,1658.5,81.2300033569336,10737.509765625,3640.469970703125,29225.609375,19573.05078125,88.48999786376953
2022-09-30,15175.2001953125,7040.7978515625,1662.4000244140625,79.48999786376953,10575.6201171875,3585.6201171875,28725.509765625,19431.7890625,87.95999908447266
2022-10-01,15175.2001953125,7040.7978515625,1662.4000244140625,79.48999786376953,10575.6201171875,3585.6201171875,28725.509765625,19312.095703125,87.95999908447266
2022-10-02,15175.2001953125,7040.7978515625,1662.4000244140625,79.48999786376953,10575.6201171875,3585.6201171875,28725.509765625,19044.107421875,87.95999908447266
2022-10-03,15221.0,7009.7177734375,1692.9000244140625,83.62999725341797,10815.4296875,3678.429931640625,29490.890625,19623.580078125,88.86000061035156
2022-10-04,15290.0,7072.255859375,1721.0999755859375,86.5199966430664,11176.41015625,3790.929931640625,30316.3203125,20336.84375,91.80000305175781
2022-10-05,15180.0,7075.384765625,1711.4000244140625,87.76000213623047,11148.6396484375,3783.280029296875,30273.869140625,20160.716796875,93.37000274658203
2022-10-06,15206.7001953125,7076.623046875,1711.699951171875,88.44999694824219,11073.3095703125,3744.52001953125,29926.939453125,19955.443359375,94.41999816894531
2022-10-07,15215.7998046875,7026.783203125,1700.5,92.63999938964844,10652.400390625,3639.659912109375,29296.7890625,19546.849609375,97.91999816894531
2022-10-08,15215.7998046875,7026.783203125,1700.5,92.63999938964844,10652.400390625,3639.659912109375,29296.7890625,19416.568359375,97.91999816894531
2022-10-09,15215.7998046875,7026.783203125,1700.5,92.63999938964844,10652.400390625,3639.659912109375,29296.7890625,19446.42578125,97.91999816894531
2022-10-10,15246.0,6994.39501953125,1667.300048828125,91.12999725341797,10542.099609375,3612.389892578125,29202.880859375,19141.484375,96.19000244140625
2022-10-11,15343.0,6939.14501953125,1678.699951171875,89.3499984741211,10426.1904296875,3588.840087890625,29239.189453125,19051.41796875,94.29000091552734
2022-10-12,15338.5,6909.208984375,1670.300048828125,87.2699966430664,10417.099609375,3577.030029296875,29210.849609375,19157.4453125,92.44999694824219
2022-10-13,15318.599609375,6880.625,1670.0,89.11000061035156,10649.150390625,3669.909912109375,30038.720703125,19382.904296875,94.56999969482422
2022-10-14,15364.0,6814.52978515625,1641.699951171875,85.61000061035156,10321.3896484375,3583.070068359375,29634.830078125,19185.65625,91.62999725341797
2022-10-15,15364.0,6814.52978515625,1641.699951171875,85.61000061035156,10321.3896484375,3583.070068359375,29634.830078125,19067.634765625,91.62999725341797
2022-10-16,15364.0,6814.52978515625,1641.699951171875,85.61000061035156,10321.3896484375,3583.070068359375,29634.830078125,19268.09375,91.62999725341797
2022-10-17,15420.0,6831.115234375,1657.0,85.45999908447266,10675.7998046875,3677.949951171875,30185.8203125,19550.7578125,91.62000274658203
2022-10-18,15441.400390625,6834.494140625,1649.0,82.81999969482422,10772.400390625,3719.97998046875,30523.80078125,19334.416015625,90.02999877929688
2022-10-19,15466.2001953125,6860.416015625,1627.5,85.55000305175781,10680.509765625,3695.159912109375,30423.810546875,19139.53515625,92.41000366210938
2022-10-20,15620.0,6980.65185546875,1630.800048828125,85.9800033569336,10614.83984375,3665.780029296875,30333.58984375,19053.740234375,92.37999725341797
2022-10-21,15562.0,7017.77099609375,1651.0,85.05000305175781,10859.7197265625,3752.75,31082.560546875,19172.46875,93.5
2022-10-22,15562.0,7017.77099609375,1651.0,85.05000305175781,10859.7197265625,3752.75,31082.560546875,19208.189453125,93.5
2022-10-23,15562.0,7017.77099609375,1651.0,85.05000305175781,10859.7197265625,3752.75,31082.560546875,19567.0078125,93.5
2022-10-24,15626.0,7053.0439453125,1648.699951171875,84.58000183105469,10952.6103515625,3797.340087890625,31499.619140625,19345.572265625,93.26000213623047
2022-10-25,15586.5,7048.3798828125,1652.800048828125,85.31999969482422,11199.1201171875,3859.110107421875,31836.740234375,20095.857421875,93.5199966430664
2022-10-26,15549.0,7043.93896484375,1664.0,87.91000366210938,10970.990234375,3830.60009765625,31839.109375,20770.44140625,95.69000244140625
2022-10-27,15502.7001953125,7091.76123046875,1660.699951171875,89.08000183105469,10792.669921875,3807.300048828125,32033.279296875,20285.8359375,96.95999908447266
2022-10-28,15554.2001953125,7056.0400390625,1639.5999755859375,87.9000015258789,11102.4501953125,3901.06005859375,32861.80078125,20595.3515625,95.7699966430664
2022-10-29,15554.2001953125,7056.0400390625,1639.5999755859375,87.9000015258789,11102.4501953125,3901.06005859375,32861.80078125,20818.4765625,95.7699966430664
2022-10-30,15554.2001953125,7056.0400390625,1639.5999755859375,87.9000015258789,11102.4501953125,3901.06005859375,32861.80078125,20635.603515625,95.7699966430664
2022-10-31,15549.2001953125,7098.89013671875,1635.9000244140625,86.52999877929688,10988.150390625,3871.97998046875,32732.94921875,20495.7734375,94.83000183105469
2022-11-01,15649.0,7052.30322265625,1645.0,88.37000274658203,10890.849609375,3856.10009765625,32653.19921875,20485.2734375,94.6500015258789
2022-11-02,15690.0,7015.68994140625,1645.699951171875,90.0,10524.7998046875,3759.68994140625,32147.759765625,20159.50390625,96.16000366210938
2022-11-03,15696.0,7034.5732421875,1627.300048828125,88.16999816894531,10342.9404296875,3719.889892578125,32001.25,20209.98828125,94.66999816894531
2022-11-04,15780.0,7045.52685546875,1672.5,92.61000061035156,10475.25,3770.550048828125,32403.220703125,21147.23046875,98.56999969482422
2022-11-05,15780.0,7045.52685546875,1672.5,92.61000061035156,10475.25,3770.550048828125,32403.220703125,21282.69140625,98.56999969482422
2022-11-06,15780.0,7045.52685546875,1672.5,92.61000061035156,10475.25,3770.550048828125,32403.220703125,20926.486328125,98.56999969482422
2022-11-07,15609.5,7102.39599609375,1676.5,91.79000091552734,10564.51953125,3806.800048828125,32827.0,20602.81640625,97.91999816894531
2022-11-08,15675.0,7050.1259765625,1712.0999755859375,88.91000366210938,10616.2001953125,3828.110107421875,33160.828125,18541.271484375,95.36000061035156
2022-11-09,15645.0,7070.083984375,1710.0999755859375,85.83000183105469,10353.169921875,3748.570068359375,32513.939453125,15880.7802734375,92.6500015258789
2022-11-10,15671.5,6966.8369140625,1750.300048828125,86.47000122070312,11114.150390625,3956.3701171875,33715.37109375,17586.771484375,93.66999816894531
2022-11-11,15500.0,7089.2060546875,1766.0,88.95999908447266,11323.330078125,3992.929931640625,33747.859375,17034.29296875,95.98999786376953
2022-11-12,15500.0,7089.2060546875,1766.0,88.95999908447266,11323.330078125,3992.929931640625,33747.859375,16799.185546875,95.98999786376953
2022-11-13,15500.0,7089.2060546875,1766.0,88.95999908447266,11323.330078125,3992.929931640625,33747.859375,16353.365234375,95.98999786376953
2022-11-14,15473.900390625,7019.39208984375,1773.5999755859375,85.87000274658203,11196.2197265625,3957.25,33536.69921875,16618.19921875,93.13999938964844
2022-11-15,15530.099609375,7035.5,1773.800048828125,86.91999816894531,11358.41015625,3991.72998046875,33592.921875,16884.61328125,93.86000061035156
2022-11-16,15557.0,7014.3837890625,1773.0,85.58999633789062,11183.66015625,3958.7900390625,33553.828125,16669.439453125,92.86000061035156
2022-11-17,15655.0,7044.98583984375,1760.800048828125,81.63999938964844,11144.9599609375,3946.56005859375,33546.3203125,16687.517578125,89.77999877929688
2022-11-18,15720.0,7082.18115234375,1751.9000244140625,80.08000183105469,11146.0595703125,3965.340087890625,33745.69140625,16697.77734375,87.62000274658203
2022-11-19,15720.0,7082.18115234375,1751.9000244140625,80.08000183105469,11146.0595703125,3965.340087890625,33745.69140625,16711.546875,87.62000274658203
2022-11-20,15720.0,7082.18115234375,1751.9000244140625,80.08000183105469,11146.0595703125,3965.340087890625,33745.69140625,16291.83203125,87.62000274658203
2022-11-21,15629.400390625,7063.2470703125,1737.4000244140625,79.7300033569336,11024.509765625,3949.93994140625,33700.28125,15787.2841796875,87.44999694824219
2022-11-22,15755.0,7030.587890625,1738.300048828125,80.94999694824219,11174.41015625,4003.580078125,34098.1015625,16189.76953125,88.36000061035156
2022-11-23,15671.0,7054.123046875,1744.9000244140625,77.94000244140625,11285.3203125,4027.260009765625,34194.05859375,16610.70703125,85.41000366210938
2022-11-24,15619.599609375,7080.51513671875,1744.9000244140625,77.94000244140625,11285.3203125,4027.260009765625,34194.05859375,16604.46484375,85.41000366210938
2022-11-25,15605.0,7053.14990234375,1753.300048828125,76.27999877929688,11226.3603515625,4026.1201171875,34347.03125,16521.841796875,83.62999725341797
2022-11-26,15605.0,7053.14990234375,1753.300048828125,76.27999877929688,11226.3603515625,4026.1201171875,34347.03125,16464.28125,83.62999725341797
2022-11-27,15605.0,7053.14990234375,1753.300048828125,76.27999877929688,11226.3603515625,4026.1201171875,34347.03125,16444.626953125,83.62999725341797
2022-11-28,15675.099609375,7017.35791015625,1740.0999755859375,77.23999786376953,11049.5,3963.93994140625,33849.4609375,16217.322265625,83.19000244140625
2022-11-29,15746.0,7012.06884765625,1748.4000244140625,78.19999694824219,10983.7802734375,3957.6298828125,33852.53125,16444.982421875,83.02999877929688
2022-11-30,15726.5,7081.31298828125,1746.0,80.55000305175781,11468.0,4080.110107421875,34589.76953125,17168.56640625,85.43000030517578
2022-12-01,15634.5,7020.80322265625,1801.0999755859375,81.22000122070312,11482.4501953125,4076.570068359375,34395.01171875,16967.1328125,86.87999725341797
2022-12-02,15355.5,7019.63916015625,1795.9000244140625,79.9800033569336,11461.5,4071.699951171875,34429.87890625,17088.66015625,85.56999969482422
2022-12-03,15355.5,7019.63916015625,1795.9000244140625,79.9800033569336,11461.5,4071.699951171875,34429.87890625,16908.236328125,85.56999969482422
2022-12-04,15355.5,7019.63916015625,1795.9000244140625,79.9800033569336,11461.5,4071.699951171875,34429.87890625,17130.486328125,85.56999969482422
2022-12-05,15421.0,6987.328125,1767.4000244140625,76.93000030517578,11239.9404296875,3998.840087890625,33947.1015625,16974.826171875,82.68000030517578
2022-12-06,15520.2998046875,6892.56982421875,1769.300048828125,74.25,11014.8896484375,3941.260009765625,33596.33984375,17089.50390625,79.3499984741211
2022-12-07,15623.0,6818.751953125,1785.5,72.01000213623047,10958.5498046875,3933.919921875,33597.921875,16848.126953125,77.16999816894531
2022-12-08,15596.0,6804.22705078125,1788.699951171875,71.45999908447266,11082.0,3963.510009765625,33781.48046875,17233.474609375,76.1500015258789
2022-12-09,15590.0,6715.1181640625,1798.0999755859375,71.0199966430664,11004.6201171875,3934.3798828125,33476.4609375,17133.15234375,76.0999984741211
2022-12-10,15590.0,6715.1181640625,1798.0999755859375,71.0199966430664,11004.6201171875,3934.3798828125,33476.4609375,17128.724609375,76.0999984741211
2022-12-11,15590.0,6715.1181640625,1798.0999755859375,71.0199966430664,11004.6201171875,3934.3798828125,33476.4609375,17104.193359375,76.0999984741211
2022-12-12,15582.0,6734.4521484375,1780.5,73.16999816894531,11143.740234375,3990.56005859375,34005.0390625,17206.4375,77.98999786376953
2022-12-13,15676.2998046875,6810.31591796875,1813.9000244140625,75.38999938964844,11256.8095703125,4019.64990234375,34108.640625,17781.318359375,80.68000030517578
2022-12-14,15554.7001953125,6801.7490234375,1807.5,77.27999877929688,11170.8896484375,3995.320068359375,33966.3515625,17815.650390625,82.69999694824219
2022-12-15,15481.0,6751.85986328125,1777.199951171875,76.11000061035156,10810.5302734375,3895.75,33202.21875,17364.865234375,81.20999908447266
2022-12-16,15626.0,6812.19287109375,1790.0,74.29000091552734,10705.41015625,3852.360107421875,32920.4609375,16647.484375,79.04000091552734
2022-12-17,15626.0,6812.19287109375,1790.0,74.29000091552734,10705.41015625,3852.360107421875,32920.4609375,16795.091796875,79.04000091552734
2022-12-18,15626.0,6812.19287109375,1790.0,74.29000091552734,10705.41015625,3852.360107421875,32920.4609375,16757.9765625,79.04000091552734
2022-12-19,15615.900390625,6779.6982421875,1787.699951171875,75.19000244140625,10546.0302734375,3817.659912109375,32757.5390625,16439.6796875,79.80000305175781
2022-12-20,15567.5,6768.31591796875,1815.9000244140625,76.08999633789062,10547.1103515625,3821.6201171875,32849.73828125,16906.3046875,79.98999786376953
2022-12-21,15556.0,6820.6630859375,1815.9000244140625,78.29000091552734,10709.3701171875,3878.43994140625,33376.48046875,16817.53515625,82.19999694824219
2022-12-22,15513.0,6824.43212890625,1787.0,77.48999786376953,10476.1201171875,3822.389892578125,33027.48828125,16830.341796875,80.9800033569336
2022-12-23,15563.0,6800.6728515625,1795.9000244140625,79.55999755859375,10497.8603515625,3844.820068359375,33203.9296875,16796.953125,83.91999816894531
2022-12-24,15563.0,6800.6728515625,1795.9000244140625,79.55999755859375,10497.8603515625,3844.820068359375,33203.9296875,16847.755859375,83.91999816894531
2022-12-25,15563.0,6800.6728515625,1795.9000244140625,79.55999755859375,10497.8603515625,3844.820068359375,33203.9296875,16841.986328125,83.91999816894531
2022-12-26,15565.900390625,6835.80810546875,1795.9000244140625,79.55999755859375,10497.8603515625,3844.820068359375,33203.9296875,16919.8046875,83.91999816894531
2022-12-27,15607.0,6923.02685546875,1814.800048828125,79.52999877929688,10353.23046875,3829.25,33241.55859375,16717.173828125,84.33000183105469
2022-12-28,15617.5,6850.52001953125,1807.9000244140625,78.95999908447266,10213.2900390625,3783.219970703125,32875.7109375,16552.572265625,83.26000213623047
2022-12-29,15789.0,6860.0771484375,1819.5,78.4000015258789,10478.08984375,3849.280029296875,33220.80078125,16642.341796875,82.26000213623047
2022-12-30,15620.0,6850.619140625,1819.699951171875,80.26000213623047,10466.48046875,3839.5,33147.25,16602.5859375,85.91000366210938
2022-12-31,15620.0,6850.619140625,1819.699951171875,80.26000213623047,10466.48046875,3839.5,33147.25,16547.49609375,85.91000366210938
2023-01-01,15620.0,6850.619140625,1819.699951171875,80.26000213623047,10466.48046875,3839.5,33147.25,16625.080078125,85.91000366210938
2023-01-02,15508.7998046875,6850.98388671875,1819.699951171875,80.26000213623047,10466.48046875,3839.5,33147.25,16688.470703125,85.91000366210938
2023-01-03,15550.0,6888.7578125,1839.699951171875,76.93000030517578,10386.98046875,3824.139892578125,33136.37109375,16679.857421875,82.0999984741211
2023-01-04,15571.7998046875,6813.23876953125,1852.800048828125,72.83999633789062,10458.759765625,3852.969970703125,33269.76953125,16863.23828125,77.83999633789062
2023-01-05,15560.0,6653.8408203125,1834.800048828125,73.66999816894531,10305.240234375,3808.10009765625,32930.078125,16836.736328125,78.69000244140625
2023-01-06,15620.0,6684.55810546875,1864.199951171875,73.7699966430664,10569.2900390625,3895.080078125,33630.609375,16951.96875,78.56999969482422
2023-01-07,15620.0,6684.55810546875,1864.199951171875,73.7699966430664,10569.2900390625,3895.080078125,33630.609375,16955.078125,78.56999969482422
2023-01-08,15620.0,6684.55810546875,1864.199951171875,73.7699966430664,10569.2900390625,3895.080078125,33630.609375,17091.14453125,78.56999969482422
2023-01-09,15602.2998046875,6688.26513671875,1872.699951171875,74.62999725341797,10635.650390625,3892.090087890625,33517.6484375,17196.5546875,79.6500015258789
2023-01-10,15580.0,6622.4990234375,1871.5999755859375,75.12000274658203,10742.6298828125,3919.25,33704.1015625,17446.29296875,80.0999984741211
2023-01-11,15528.900390625,6584.453125,1874.5999755859375,77.41000366210938,10931.669921875,3969.610107421875,33973.01171875,17934.896484375,82.66999816894531
2023-01-12,15414.0,6629.93408203125,1895.5,78.38999938964844,11001.099609375,3983.169921875,34189.96875,18869.587890625,84.02999877929688
2023-01-13,15172.0,6641.830078125,1918.4000244140625,79.86000061035156,11079.16015625,3999.090087890625,34302.609375,19909.57421875,85.27999877929688
2023-01-14,15172.0,6641.830078125,1918.4000244140625,79.86000061035156,11079.16015625,3999.090087890625,34302.609375,20976.298828125,85.27999877929688
2023-01-15,15172.0,6641.830078125,1918.4000244140625,79.86000061035156,11079.16015625,3999.090087890625,34302.609375,20880.798828125,85.27999877929688
2023-01-16,15114.7998046875,6688.05712890625,1918.4000244140625,79.86000061035156,11079.16015625,3999.090087890625,34302.609375,21169.6328125,85.27999877929688
2023-01-17,15082.0,6767.33984375,1907.199951171875,80.18000030517578,11095.1103515625,3990.969970703125,33910.8515625,21161.51953125,85.91999816894531
2023-01-18,15162.0,6765.7861328125,1904.4000244140625,79.4800033569336,10957.009765625,3928.860107421875,33296.9609375,20688.78125,84.9800033569336
2023-01-19,15096.0,6819.9072265625,1922.0999755859375,80.33000183105469,10852.26953125,3898.85009765625,33044.55859375,21086.79296875,86.16000366210938
2023-01-20,15141.0,6874.93115234375,1926.4000244140625,81.30999755859375,11140.4296875,3972.610107421875,33375.48828125,22676.552734375,87.62999725341797
2023-01-21,15141.0,6874.93115234375,1926.4000244140625,81.30999755859375,11140.4296875,3972.610107421875,33375.48828125,22777.625,87.62999725341797
2023-01-22,15141.0,6874.93115234375,1926.4000244140625,81.30999755859375,11140.4296875,3972.610107421875,33375.48828125,22720.416015625,87.62999725341797
2023-01-23,15055.900390625,6874.93115234375,1927.0999755859375,81.62000274658203,11364.41015625,4019.81005859375,33629.55859375,22934.431640625,88.19000244140625
2023-01-24,15007.0,6860.85400390625,1933.9000244140625,80.12999725341797,11334.26953125,4016.949951171875,33733.9609375,22636.46875,86.12999725341797
2023-01-25,14955.5,6829.93017578125,1941.199951171875,80.1500015258789,11313.3603515625,4016.219970703125,33743.83984375,23117.859375,86.12000274658203
2023-01-26,14938.7001953125,6864.81787109375,1929.0999755859375,81.01000213623047,11512.41015625,4060.429931640625,33949.41015625,23032.77734375,87.47000122070312
2023-01-27,14942.5,6898.98095703125,1928.5999755859375,79.68000030517578,11621.7099609375,4070.56005859375,33978.078125,23078.728515625,86.66000366210938
2023-01-28,14942.5,6898.98095703125,1928.5999755859375,79.68000030517578,11621.7099609375,4070.56005859375,33978.078125,23031.08984375,86.66000366210938
2023-01-29,14942.5,6898.98095703125,1928.5999755859375,79.68000030517578,11621.7099609375,4070.56005859375,33978.078125,23774.56640625,86.66000366210938
2023-01-30,14970.400390625,6872.48095703125,1922.9000244140625,77.9000015258789,11393.8095703125,4017.77001953125,33717.08984375,22840.138671875,84.9000015258789
2023-01-31,14995.0,6839.341796875,1929.5,78.87000274658203,11584.5498046875,4076.60009765625,34086.0390625,23139.283203125,84.48999786376953
2023-02-01,14990.7001953125,6862.2578125,1927.800048828125,76.41000366210938,11816.3203125,4119.2099609375,34092.9609375,23723.76953125,82.83999633789062
2023-02-02,14855.0,6890.57177734375,1916.300048828125,75.87999725341797,12200.8203125,4179.759765625,34053.94140625,23471.87109375,82.16999816894531
2023-02-03,14881.0,6911.73193359375,1862.9000244140625,73.38999938964844,12006.9501953125,4136.47998046875,33926.01171875,23449.322265625,79.94000244140625
2023-02-04,14881.0,6911.73193359375,1862.9000244140625,73.38999938964844,12006.9501953125,4136.47998046875,33926.01171875,23331.84765625,79.94000244140625
2023-02-05,14881.0,6911.73193359375,1862.9000244140625,73.38999938964844,12006.9501953125,4136.47998046875,33926.01171875,22955.666015625,79.94000244140625
2023-02-06,15078.7998046875,6873.791015625,1866.199951171875,74.11000061035156,11887.4501953125,4111.080078125,33891.01953125,22760.109375,80.98999786376953
2023-02-07,15200.0,6935.30078125,1871.699951171875,77.13999938964844,12113.7900390625,4164.0,34156.69140625,23264.291015625,83.69000244140625
2023-02-08,15147.0,6940.1240234375,1877.4000244140625,78.47000122070312,11910.51953125,4117.85986328125,33949.01171875,22939.3984375,85.08999633789062
2023-02-09,15117.0,6897.365234375,1866.199951171875,78.05999755859375,11789.580078125,4081.5,33699.87890625,21819.0390625,84.5
2023-02-10,15140.0,6880.3291015625,1862.800048828125,79.72000122070312,11718.1201171875,4090.4599609375,33869.26953125,21651.18359375,86.38999938964844
2023-02-11,15140.0,6880.3291015625,1862.800048828125,79.72000122070312,11718.1201171875,4090.4599609375,33869.26953125,21870.875,86.38999938964844
2023-02-12,15140.0,6880.3291015625,1862.800048828125,79.72000122070312,11718.1201171875,4090.4599609375,33869.26953125,21788.203125,86.38999938964844
2023-02-13,15182.2001953125,6900.14013671875,1851.9000244140625,80.13999938964844,11891.7900390625,4137.2900390625,34245.9296875,21808.1015625,86.61000061035156
2023-02-14,15211.0,6941.85498046875,1854.0,79.05999755859375,11960.150390625,4136.1298828125,34089.26953125,22220.8046875,85.58000183105469
2023-02-15,15179.0,6914.5380859375,1834.199951171875,78.58999633789062,12070.58984375,4147.60009765625,34128.05078125,24307.841796875,85.37999725341797
2023-02-16,15210.0,6895.6640625,1842.0,78.48999786376953,11855.830078125,4090.409912109375,33696.8515625,23623.474609375,85.13999938964844
2023-02-17,15142.0,6895.7138671875,1840.4000244140625,76.33999633789062,11787.26953125,4079.090087890625,33826.69140625,24565.6015625,83.0
2023-02-18,15142.0,6895.7138671875,1840.4000244140625,76.33999633789062,11787.26953125,4079.090087890625,33826.69140625,24641.27734375,83.0
2023-02-19,15142.0,6895.7138671875,1840.4000244140625,76.33999633789062,11787.26953125,4079.090087890625,33826.69140625,24327.642578125,83.0
2023-02-20,15159.0,6894.716796875,1840.4000244140625,76.33999633789062,11787.26953125,4079.090087890625,33826.69140625,24829.1484375,83.0
2023-02-21,15162.5,6873.40478515625,1833.0,76.16000366210938,11492.2998046875,3997.340087890625,33129.58984375,24436.353515625,83.05000305175781
2023-02-22,15233.0,6809.9677734375,1832.0,73.94999694824219,11507.0703125,3991.050048828125,33045.08984375,24188.84375,80.5999984741211
2023-02-23,15192.0,6839.4541015625,1818.0,75.38999938964844,11590.400390625,4012.320068359375,33153.91015625,23947.4921875,82.20999908447266
2023-02-24,15210.0,6856.576171875,1808.800048828125,76.31999969482422,11394.9404296875,3970.0400390625,32816.921875,23198.126953125,83.16000366210938
2023-02-25,15210.0,6856.576171875,1808.800048828125,76.31999969482422,11394.9404296875,3970.0400390625,32816.921875,23175.375,83.16000366210938
2023-02-26,15210.0,6856.576171875,1808.800048828125,76.31999969482422,11394.9404296875,3970.0400390625,32816.921875,23561.212890625,83.16000366210938
2023-02-27,15257.7001953125,6854.77685546875,1817.0,75.68000030517578,11466.98046875,3982.239990234375,32889.08984375,23522.87109375,82.44999694824219
2023-02-28,15209.0,6843.23876953125,1828.9000244140625,77.05000305175781,11455.5400390625,3970.14990234375,32656.69921875,23147.353515625,83.88999938964844
2023-03-01,15240.0,6844.93603515625,1837.699951171875,77.69000244140625,11379.48046875,3951.389892578125,32661.83984375,23646.55078125,84.30999755859375
2023-03-02,15243.0,6857.4150390625,1833.5,78.16000366210938,11462.98046875,3981.35009765625,33003.5703125,23475.466796875,84.75
2023-03-03,15322.0,6813.63623046875,1847.699951171875,79.68000030517578,11689.009765625,4045.639892578125,33390.96875,22362.6796875,85.83000183105469
2023-03-04,15322.0,6813.63623046875,1847.699951171875,79.68000030517578,11689.009765625,4045.639892578125,33390.96875,22353.349609375,85.83000183105469
2023-03-05,15322.0,6813.63623046875,1847.699951171875,79.68000030517578,11689.009765625,4045.639892578125,33390.96875,22435.513671875,85.83000183105469
2023-03-06,15255.099609375,6807.0009765625,1847.9000244140625,80.45999908447266,11675.740234375,4048.419921875,33431.44140625,22429.7578125,86.18000030517578
2023-03-07,15352.0,6766.7578125,1813.9000244140625,77.58000183105469,11530.330078125,3986.3701171875,32856.4609375,22219.76953125,83.29000091552734
2023-03-08,15437.0,6776.3701171875,1812.699951171875,76.66000366210938,11576.0,3992.010009765625,32798.3984375,21718.080078125,82.66000366210938
2023-03-09,15450.0,6799.794921875,1829.300048828125,75.72000122070312,11338.349609375,3918.320068359375,32254.859375,20363.021484375,81.58999633789062
2023-03-10,15489.0,6765.3017578125,1862.0,76.68000030517578,11138.8896484375,3861.590087890625,31909.640625,20187.244140625,82.77999877929688
2023-03-11,15489.0,6765.3017578125,1862.0,76.68000030517578,11138.8896484375,3861.590087890625,31909.640625,20632.41015625,82.77999877929688
2023-03-12,15489.0,6765.3017578125,1862.0,76.68000030517578,11138.8896484375,3861.590087890625,31909.640625,22163.94921875,82.77999877929688
2023-03-13,15472.599609375,6786.955078125,1911.699951171875,74.80000305175781,11188.83984375,3855.760009765625,31819.140625,24197.533203125,80.7699966430664
2023-03-14,15409.0,6641.81396484375,1906.199951171875,71.33000183105469,11428.150390625,3919.2900390625,32155.400390625,24746.07421875,77.44999694824219
2023-03-15,15372.0,6628.13720703125,1926.5999755859375,67.61000061035156,11434.0498046875,3891.929931640625,31874.5703125,24375.9609375,73.69000244140625
2023-03-16,15479.0,6565.72802734375,1919.0,68.3499984741211,11717.2802734375,3960.280029296875,32246.55078125,25052.7890625,74.69999694824219
2023-03-17,15422.0,6678.23681640625,1969.800048828125,66.73999786376953,11630.509765625,3916.639892578125,31861.98046875,27423.9296875,72.97000122070312
2023-03-18,15422.0,6678.23681640625,1969.800048828125,66.73999786376953,11630.509765625,3916.639892578125,31861.98046875,26965.87890625,72.97000122070312
2023-03-19,15422.0,6678.23681640625,1969.800048828125,66.73999786376953,11630.509765625,3916.639892578125,31861.98046875,28038.67578125,72.97000122070312
2023-03-20,15368.5,6612.490234375,1979.199951171875,67.63999938964844,11675.5400390625,3951.570068359375,32244.580078125,27767.236328125,73.79000091552734
2023-03-21,15340.0,6691.61083984375,1938.0,69.33000183105469,11860.1103515625,4002.8701171875,32560.599609375,28175.81640625,75.31999969482422
2023-03-22,15294.0,6691.61083984375,1946.800048828125,70.9000015258789,11669.9599609375,3936.969970703125,32030.109375,27307.4375,76.69000244140625
2023-03-23,15251.0,6691.61083984375,1993.800048828125,69.95999908447266,11787.400390625,3948.719970703125,32105.25,28333.97265625,75.91000366210938
2023-03-24,15047.0,6762.25390625,1982.0999755859375,69.26000213623047,11823.9599609375,3970.989990234375,32237.529296875,27493.28515625,74.98999786376953
2023-03-25,15047.0,6762.25390625,1982.0999755859375,69.26000213623047,11823.9599609375,3970.989990234375,32237.529296875,27494.70703125,74.98999786376953
2023-03-26,15047.0,6762.25390625,1982.0999755859375,69.26000213623047,11823.9599609375,3970.989990234375,32237.529296875,27994.330078125,74.98999786376953
2023-03-27,15148.0,6708.93310546875,1952.4000244140625,72.80999755859375,11768.83984375,3977.530029296875,32432.080078125,27139.888671875,78.12000274658203
2023-03-28,15107.5,6760.328125,1972.4000244140625,73.19999694824219,11716.080078125,3971.27001953125,32394.25,27268.130859375,78.6500015258789
2023-03-29,15061.0,6839.43603515625,1966.0999755859375,72.97000122070312,11926.240234375,4027.81005859375,32717.599609375,28348.44140625,78.27999877929688
2023-03-30,15031.5,6808.951171875,1980.300048828125,74.37000274658203,12013.4697265625,4050.830078125,32859.03125,28033.5625,79.2699966430664
2023-03-31,15020.0,6805.27685546875,1969.0,75.66999816894531,12221.91015625,4109.31005859375,33274.1484375,28478.484375,79.7699966430664
2023-04-01,15020.0,6805.27685546875,1969.0,75.66999816894531,12221.91015625,4109.31005859375,33274.1484375,28411.03515625,79.7699966430664
2023-04-02,15020.0,6805.27685546875,1969.0,75.66999816894531,12221.91015625,4109.31005859375,33274.1484375,28199.30859375,79.7699966430664
2023-04-03,14988.0,6827.1748046875,1983.9000244140625,80.41999816894531,12189.4501953125,4124.509765625,33601.1484375,27790.220703125,84.93000030517578
2023-04-04,14915.0,6833.17822265625,2022.199951171875,80.70999908447266,12126.330078125,4100.60009765625,33402.37890625,28168.08984375,84.94000244140625
2023-04-05,14958.0,6819.6748046875,2020.9000244140625,80.61000061035156,11996.8603515625,4090.3798828125,33482.71875,28177.984375,84.98999786376953
2023-04-06,14956.0,6792.76513671875,2011.9000244140625,80.69999694824219,12087.9599609375,4105.02001953125,33485.2890625,28044.140625,85.12000274658203
2023-04-07,14932.0,6792.76513671875,2011.9000244140625,80.69999694824219,12087.9599609375,4105.02001953125,33485.2890625,27925.859375,85.12000274658203
2023-04-08,14932.0,6792.76513671875,2011.9000244140625,80.69999694824219,12087.9599609375,4105.02001953125,33485.2890625,27947.794921875,85.12000274658203
2023-04-09,14932.0,6792.76513671875,2011.9000244140625,80.69999694824219,12087.9599609375,4105.02001953125,33485.2890625,28333.05078125,85.12000274658203
2023-04-10,14906.0,6771.23486328125,1989.0999755859375,79.73999786376953,12084.3603515625,4109.10986328125,33586.51953125,29652.98046875,84.18000030517578
2023-04-11,14955.0,6811.31396484375,2004.800048828125,81.52999877929688,12031.8798828125,4108.93994140625,33684.7890625,30235.05859375,85.61000061035156
2023-04-12,14913.0,6798.9638671875,2010.9000244140625,83.26000213623047,11929.33984375,4091.949951171875,33646.5,30139.052734375,87.33000183105469
2023-04-13,14823.5,6785.59814453125,2041.300048828125,82.16000366210938,12166.26953125,4146.22021484375,34029.69140625,30399.06640625,86.08999633789062
2023-04-14,14720.0,6818.57421875,2002.199951171875,82.5199966430664,12123.4697265625,4137.64013671875,33886.46875,30485.69921875,86.30999755859375
2023-04-15,14720.0,6818.57421875,2002.199951171875,82.5199966430664,12123.4697265625,4137.64013671875,33886.46875,30318.49609375,86.30999755859375
2023-04-16,14720.0,6818.57421875,2002.199951171875,82.5199966430664,12123.4697265625,4137.64013671875,33886.46875,30315.35546875,86.30999755859375
2023-04-17,14693.0,6787.58203125,1994.199951171875,80.83000183105469,12157.7197265625,4151.31982421875,33987.1796875,29445.044921875,84.76000213623047
2023-04-18,14860.0,6821.80712890625,2007.4000244140625,80.86000061035156,12153.41015625,4154.8701171875,33976.62890625,30397.552734375,84.7699966430664
2023-04-19,14890.0,6821.80712890625,1995.199951171875,79.16000366210938,12157.23046875,4154.52001953125,33897.01171875,28822.6796875,83.12000274658203
2023-04-20,15006.0,6821.80712890625,2007.5999755859375,77.29000091552734,12059.5595703125,4129.7900390625,33786.62109375,28245.98828125,81.0999984741211
2023-04-21,14946.0,6821.80712890625,1979.5,77.87000274658203,12072.4599609375,4133.52001953125,33808.9609375,27276.91015625,81.66000366210938
2023-04-22,14946.0,6821.80712890625,1979.5,77.87000274658203,12072.4599609375,4133.52001953125,33808.9609375,27817.5,81.66000366210938
2023-04-23,14946.0,6821.80712890625,1979.5,77.87000274658203,12072.4599609375,4133.52001953125,33808.9609375,27591.384765625,81.66000366210938
2023-04-24,14838.0,6821.80712890625,1989.0999755859375,78.76000213623047,12037.2001953125,4137.0400390625,33875.3984375,27525.33984375,82.7300033569336
2023-04-25,14945.0,6821.80712890625,1994.0,77.06999969482422,11799.16015625,4071.6298828125,33530.828125,28307.59765625,80.7699966430664
2023-04-26,14935.0,6910.14697265625,1985.699951171875,74.30000305175781,11854.349609375,4055.989990234375,33301.87109375,28422.701171875,77.69000244140625
2023-04-27,14841.5,6945.47705078125,1989.9000244140625,74.76000213623047,12142.240234375,4135.35009765625,33826.16015625,29473.787109375,78.37000274658203
2023-04-28,14684.0,6915.7158203125,1990.0999755859375,76.77999877929688,12226.580078125,4169.47998046875,34098.16015625,29340.26171875,79.54000091552734
2023-04-29,14684.0,6915.7158203125,1990.0999755859375,76.77999877929688,12226.580078125,4169.47998046875,34098.16015625,29248.48828125,79.54000091552734
2023-04-30,14684.0,6915.7158203125,1990.0999755859375,76.77999877929688,12226.580078125,4169.47998046875,34098.16015625,29268.806640625,79.54000091552734
2023-05-01,14663.0,6915.7158203125,1983.4000244140625,75.66000366210938,12212.599609375,4167.8701171875,34051.69921875,28091.568359375,79.30999755859375
2023-05-02,14671.5,6863.3017578125,2014.300048828125,71.66000366210938,12080.509765625,4119.580078125,33684.53125,28680.537109375,75.31999969482422
2023-05-03,14752.5,6812.72216796875,2028.5999755859375,68.5999984741211,12025.330078125,4090.75,33414.23828125,29006.30859375,72.33000183105469
2023-05-04,14680.5,6844.02685546875,2048.0,68.55999755859375,11966.400390625,4061.219970703125,33127.73828125,28847.7109375,72.5
2023-05-05,14700.0,6787.630859375,2017.4000244140625,71.33999633789062,12235.41015625,4136.25,33674.37890625,29534.384765625,75.30000305175781
2023-05-06,14700.0,6787.630859375,2017.4000244140625,71.33999633789062,12235.41015625,4136.25,33674.37890625,28904.623046875,75.30000305175781
2023-05-07,14700.0,6787.630859375,2017.4000244140625,71.33999633789062,12235.41015625,4136.25,33674.37890625,28454.978515625,75.30000305175781
2023-05-08,14668.0,6769.630859375,2026.300048828125,73.16000366210938,12256.919921875,4138.1201171875,33618.69140625,27694.2734375,77.01000213623047
2023-05-09,14750.0,6779.97998046875,2036.199951171875,73.70999908447266,12179.5498046875,4119.169921875,33561.80859375,27658.775390625,77.44000244140625
2023-05-10,14767.0,6811.90478515625,2030.5,72.55999755859375,12306.4404296875,4137.64013671875,33531.328125,27621.755859375,76.41000366210938
2023-05-11,14691.0,6755.93798828125,2014.699951171875,70.87000274658203,12328.509765625,4130.6201171875,33309.51171875,27000.7890625,74.9800033569336
2023-05-12,14770.5,6707.76318359375,2014.5,70.04000091552734,12284.740234375,4124.080078125,33300.62109375,26804.990234375,74.16999816894531
2023-05-13,14770.5,6707.76318359375,2014.5,70.04000091552734,12284.740234375,4124.080078125,33300.62109375,26784.078125,74.16999816894531
2023-05-14,14770.5,6707.76318359375,2014.5,70.04000091552734,12284.740234375,4124.080078125,33300.62109375,26930.638671875,74.16999816894531
2023-05-15,14743.0,6711.740234375,2018.0,71.11000061035156,12365.2099609375,4136.27978515625,33348.6015625,27192.693359375,75.2300033569336
2023-05-16,14795.0,6676.56396484375,1988.4000244140625,70.86000061035156,12343.0498046875,4109.89990234375,33012.140625,27036.650390625,74.91000366210938
2023-05-17,14885.0,6663.11376953125,1980.699951171875,72.83000183105469,12500.5703125,4158.77001953125,33420.76953125,27398.802734375,76.95999908447266
2023-05-18,14876.5,6663.11376953125,1956.5,71.86000061035156,12688.83984375,4198.0498046875,33535.91015625,26832.208984375,75.86000061035156
2023-05-19,14916.0,6700.56103515625,1978.699951171875,71.55000305175781,12657.900390625,4191.97998046875,33426.62890625,26890.12890625,75.58000183105469
2023-05-20,14916.0,6700.56103515625,1978.699951171875,71.55000305175781,12657.900390625,4191.97998046875,33426.62890625,27129.5859375,75.58000183105469
2023-05-21,14916.0,6700.56103515625,1978.699951171875,71.55000305175781,12657.900390625,4191.97998046875,33426.62890625,26753.826171875,75.58000183105469
2023-05-22,14918.0,6729.64697265625,1974.800048828125,71.98999786376953,12720.7802734375,4192.6298828125,33286.578125,26851.27734375,75.98999786376953
2023-05-23,14886.0,6736.68408203125,1972.4000244140625,72.91000366210938,12560.25,4145.580078125,33055.51171875,27225.7265625,76.83999633789062
2023-05-24,14895.0,6745.80419921875,1962.800048828125,74.33999633789062,12484.16015625,4115.240234375,32799.921875,26334.818359375,78.36000061035156
2023-05-25,14945.900390625,6704.23095703125,1943.0999755859375,71.83000183105469,12698.08984375,4151.27978515625,32764.650390625,26476.20703125,76.26000213623047
2023-05-26,14970.0,6687.0009765625,1944.0999755859375,72.66999816894531,12975.6904296875,4205.4501953125,33093.33984375,26719.291015625,76.94999694824219
2023-05-27,14970.0,6687.0009765625,1944.0999755859375,72.66999816894531,12975.6904296875,4205.4501953125,33093.33984375,26868.353515625,76.94999694824219
2023-05-28,14970.0,6687.0009765625,1944.0999755859375,72.66999816894531,12975.6904296875,4205.4501953125,33093.33984375,28085.646484375,76.94999694824219
2023-05-29,14948.0,6681.10205078125,1944.0999755859375,72.66999816894531,12975.6904296875,4205.4501953125,33093.33984375,27745.884765625,76.94999694824219
2023-05-30,14960.0,6636.4228515625,1958.0,69.45999908447266,13017.4296875,4205.52001953125,33042.78125,27702.349609375,73.54000091552734
2023-05-31,14979.0,6633.26123046875,1963.9000244140625,68.08999633789062,12935.2900390625,4179.830078125,32908.26953125,27219.658203125,72.66000366210938
2023-06-01,14984.0,6633.26123046875,1978.0,70.0999984741211,13100.98046875,4221.02001953125,33061.5703125,26819.97265625,74.27999877929688
2023-06-02,14907.0,6633.26123046875,1952.4000244140625,71.73999786376953,13240.76953125,4282.3701171875,33762.76171875,27249.58984375,76.12999725341797
2023-06-03,14907.0,6633.26123046875,1952.4000244140625,71.73999786376953,13240.76953125,4282.3701171875,33762.76171875,27075.12890625,76.12999725341797
2023-06-04,14907.0,6633.26123046875,1952.4000244140625,71.73999786376953,13240.76953125,4282.3701171875,33762.76171875,27119.06640625,76.12999725341797
2023-06-05,14983.0,6633.43701171875,1958.0,72.1500015258789,13229.4296875,4273.7900390625,33562.859375,25760.09765625,76.70999908447266
2023-06-06,14849.5,6618.9228515625,1965.5,71.73999786376953,13276.419921875,4283.85009765625,33573.28125,27238.783203125,76.29000091552734
2023-06-07,14872.0,6619.7548828125,1942.699951171875,72.52999877929688,13104.900390625,4267.52001953125,33665.01953125,26345.998046875,76.94999694824219
2023-06-08,14889.0,6666.330078125,1963.5999755859375,71.29000091552734,13238.51953125,4293.93017578125,33833.609375,26508.216796875,75.95999908447266
2023-06-09,14836.0,6694.02392578125,1962.199951171875,70.16999816894531,13259.1396484375,4298.85986328125,33876.78125,26480.375,74.79000091552734
2023-06-10,14836.0,6694.02392578125,1962.199951171875,70.16999816894531,13259.1396484375,4298.85986328125,33876.78125,25851.240234375,74.79000091552734
2023-06-11,14836.0,6694.02392578125,1962.199951171875,70.16999816894531,13259.1396484375,4298.85986328125,33876.78125,25940.16796875,74.79000091552734
2023-06-12,14833.0,6722.373046875,1955.300048828125,67.12000274658203,13461.919921875,4338.93017578125,34066.328125,25902.5,71.83999633789062
2023-06-13,14871.5,6719.01416015625,1944.5999755859375,69.41999816894531,13573.3203125,4369.009765625,34212.12109375,25918.728515625,74.29000091552734
2023-06-14,14869.0,6699.716796875,1955.300048828125,68.2699966430664,13626.48046875,4372.58984375,33979.328125,25124.67578125,73.19999694824219
2023-06-15,14909.0,6713.794921875,1957.800048828125,70.62000274658203,13782.8203125,4425.83984375,34408.05859375,25576.39453125,75.66999816894531
2023-06-16,14897.0,6698.546875,1958.4000244140625,71.77999877929688,13689.5703125,4409.58984375,34299.12109375,26327.462890625,76.61000061035156
2023-06-17,14897.0,6698.546875,1958.4000244140625,71.77999877929688,13689.5703125,4409.58984375,34299.12109375,26510.67578125,76.61000061035156
2023-06-18,14897.0,6698.546875,1958.4000244140625,71.77999877929688,13689.5703125,4409.58984375,34299.12109375,26336.212890625,76.61000061035156
2023-06-19,14928.0,6686.05908203125,1958.4000244140625,71.77999877929688,13689.5703125,4409.58984375,34299.12109375,26851.029296875,76.61000061035156
2023-06-20,15008.0,6660.455078125,1935.5,70.5,13667.2900390625,4388.7099609375,34053.87109375,28327.48828125,75.9000015258789
2023-06-21,15016.0,6702.625,1933.300048828125,72.52999877929688,13502.2001953125,4365.68994140625,33951.51953125,30027.296875,77.12000274658203
2023-06-22,14943.0,6652.26123046875,1912.699951171875,69.51000213623047,13630.6103515625,4381.89013671875,33946.7109375,29912.28125,74.13999938964844
2023-06-23,14935.0,6639.73291015625,1919.0999755859375,69.16000366210938,13492.51953125,4348.330078125,33727.4296875,30695.46875,73.8499984741211
2023-06-24,14935.0,6639.73291015625,1919.0999755859375,69.16000366210938,13492.51953125,4348.330078125,33727.4296875,30548.6953125,73.8499984741211
2023-06-25,14935.0,6639.73291015625,1919.0999755859375,69.16000366210938,13492.51953125,4348.330078125,33727.4296875,30480.26171875,73.8499984741211
2023-06-26,14987.0,6664.66796875,1923.699951171875,69.37000274658203,13335.7802734375,4328.81982421875,33714.7109375,30271.130859375,74.18000030517578
2023-06-27,15039.0,6661.87890625,1914.0,67.69999694824219,13555.669921875,4378.41015625,33926.73828125,30688.1640625,72.26000213623047
2023-06-28,14982.5,6661.87890625,1912.300048828125,69.55999755859375,13591.75,4376.85986328125,33852.66015625,30086.24609375,74.02999877929688
2023-06-29,14981.0,6661.87890625,1909.199951171875,69.86000061035156,13591.330078125,4396.43994140625,34122.421875,30445.3515625,74.33999633789062
2023-06-30,15064.0,6661.87890625,1921.0999755859375,70.63999938964844,13787.919921875,4450.3798828125,34407.6015625,30477.251953125,74.9000015258789
2023-07-01,15064.0,6661.87890625,1921.0999755859375,70.63999938964844,13787.919921875,4450.3798828125,34407.6015625,30590.078125,74.9000015258789
2023-07-02,15064.0,6661.87890625,1921.0999755859375,70.63999938964844,13787.919921875,4450.3798828125,34407.6015625,30620.76953125,74.9000015258789
2023-07-03,14986.0,6696.7158203125,1921.699951171875,69.79000091552734,13816.76953125,4455.58984375,34418.46875,31156.439453125,74.6500015258789
2023-07-04,15056.0,6681.75390625,1921.699951171875,69.79000091552734,13816.76953125,4455.58984375,34418.46875,30777.58203125,74.6500015258789
2023-07-05,15010.0,6718.97705078125,1919.5999755859375,71.79000091552734,13791.650390625,4446.81982421875,34288.640625,30514.166015625,76.6500015258789
2023-07-06,15077.0,6757.3310546875,1908.699951171875,71.80000305175781,13679.0400390625,4411.58984375,33922.26171875,29909.337890625,76.5199966430664
2023-07-07,15189.2998046875,6716.458984375,1926.199951171875,73.86000061035156,13660.7197265625,4398.9501953125,33734.87890625,30342.265625,78.47000122070312
2023-07-08,15189.2998046875,6716.458984375,1926.199951171875,73.86000061035156,13660.7197265625,4398.9501953125,33734.87890625,30292.541015625,78.47000122070312
2023-07-09,15189.2998046875,6716.458984375,1926.199951171875,73.86000061035156,13660.7197265625,4398.9501953125,33734.87890625,30171.234375,78.47000122070312
2023-07-10,15128.0,6731.0380859375,1925.0,72.98999786376953,13685.48046875,4409.52978515625,33944.3984375,30414.470703125,77.69000244140625
2023-07-11,15216.0,6796.923828125,1931.300048828125,74.83000183105469,13760.7001953125,4439.259765625,34261.421875,30620.951171875,79.4000015258789
2023-07-12,15156.7998046875,6808.208984375,1956.199951171875,75.75,13918.9599609375,4472.16015625,34347.4296875,30391.646484375,80.11000061035156
2023-07-13,14928.0,6810.212890625,1959.199951171875,76.88999938964844,14138.5703125,4510.0400390625,34395.140625,31476.048828125,81.36000061035156
2023-07-14,14954.0,6869.57177734375,1960.0999755859375,75.41999816894531,14113.7001953125,4505.419921875,34509.03125,30334.068359375,79.87000274658203
2023-07-15,14954.0,6869.57177734375,1960.0999755859375,75.41999816894531,14113.7001953125,4505.419921875,34509.03125,30295.806640625,79.87000274658203
2023-07-16,14954.0,6869.57177734375,1960.0999755859375,75.41999816894531,14113.7001953125,4505.419921875,34509.03125,30249.1328125,79.87000274658203
2023-07-17,14951.0,6867.14404296875,1952.4000244140625,74.1500015258789,14244.9501953125,4522.7900390625,34585.3515625,30145.888671875,78.5
2023-07-18,14982.5,6830.203125,1977.199951171875,75.75,14353.6396484375,4554.97998046875,34951.9296875,29856.5625,79.62999725341797
2023-07-19,14986.0,6830.203125,1977.5,75.3499984741211,14358.01953125,4565.72021484375,35061.2109375,29913.923828125,79.45999908447266
2023-07-20,14992.0,6864.18896484375,1968.300048828125,75.62999725341797,14063.3095703125,4534.8701171875,35225.1796875,29792.015625,79.63999938964844
2023-07-21,15051.5,6880.8017578125,1964.300048828125,77.06999969482422,14032.8095703125,4536.33984375,35227.69140625,29908.744140625,81.06999969482422
2023-07-22,15051.5,6880.8017578125,1964.300048828125,77.06999969482422,14032.8095703125,4536.33984375,35227.69140625,29771.802734375,81.06999969482422
2023-07-23,15051.5,6880.8017578125,1964.300048828125,77.06999969482422,14032.8095703125,4536.33984375,35227.69140625,30084.5390625,81.06999969482422
2023-07-24,15018.0,6899.39599609375,1960.300048828125,78.73999786376953,14058.8701171875,4554.64013671875,35411.23828125,29176.916015625,82.73999786376953
2023-07-25,15021.5,6917.7109375,1962.0999755859375,79.62999725341797,14144.5595703125,4567.4599609375,35438.0703125,29227.390625,83.63999938964844
2023-07-26,15032.0,6948.27880859375,1968.9000244140625,78.77999877929688,14127.2802734375,4566.75,35520.12109375,29354.97265625,82.91999816894531
2023-07-27,15007.0,6896.6630859375,1945.4000244140625,80.08999633789062,14050.1103515625,4537.41015625,35282.71875,29210.689453125,84.23999786376953
2023-07-28,15095.0,6900.22998046875,1960.4000244140625,80.58000183105469,14316.66015625,4582.22998046875,35459.2890625,29319.24609375,84.98999786376953
2023-07-29,15095.0,6900.22998046875,1960.4000244140625,80.58000183105469,14316.66015625,4582.22998046875,35459.2890625,29356.91796875,84.98999786376953
2023-07-30,15095.0,6900.22998046875,1960.4000244140625,80.58000183105469,14316.66015625,4582.22998046875,35459.2890625,29275.30859375,84.98999786376953
2023-07-31,15088.0,6931.35888671875,1970.5,81.80000305175781,14346.01953125,4588.9599609375,35559.53125,29230.111328125,85.55999755859375
2023-08-01,15104.0,6886.49609375,1940.699951171875,81.37000274658203,14283.91015625,4576.72998046875,35630.6796875,29675.732421875,84.91000366210938
2023-08-02,15131.0,6854.509765625,1937.4000244140625,79.48999786376953,13973.4501953125,4513.39013671875,35282.51953125,29151.958984375,83.19999694824219
2023-08-03,15220.0,6898.0771484375,1932.0,81.55000305175781,13959.7197265625,4501.89013671875,35215.890625,29178.6796875,85.13999938964844
2023-08-04,15161.0,6852.841796875,1939.5999755859375,82.81999969482422,13909.240234375,4478.02978515625,35065.62109375,29074.091796875,86.23999786376953
2023-08-05,15161.0,6852.841796875,1939.5999755859375,82.81999969482422,13909.240234375,4478.02978515625,35065.62109375,29042.126953125,86.23999786376953
2023-08-06,15161.0,6852.841796875,1939.5999755859375,82.81999969482422,13909.240234375,4478.02978515625,35065.62109375,29041.85546875,86.23999786376953
2023-08-07,15163.0,6886.3662109375,1933.5,81.94000244140625,13994.400390625,4518.43994140625,35473.12890625,29180.578125,85.33999633789062
2023-08-08,15232.0,6868.81298828125,1924.0999755859375,82.91999816894531,13884.3203125,4499.3798828125,35314.48828125,29765.4921875,86.16999816894531
2023-08-09,15207.2001953125,6875.11181640625,1915.4000244140625,84.4000015258789,13722.01953125,4467.7099609375,35123.359375,29561.494140625,87.55000305175781
2023-08-10,15207.0,6893.27587890625,1914.4000244140625,82.81999969482422,13737.990234375,4468.830078125,35176.1484375,29429.591796875,86.4000015258789
2023-08-11,15259.0,6879.97900390625,1912.9000244140625,83.19000244140625,13644.849609375,4464.0498046875,35281.3984375,29397.71484375,86.80999755859375
2023-08-12,15259.0,6879.97900390625,1912.9000244140625,83.19000244140625,13644.849609375,4464.0498046875,35281.3984375,29415.96484375,86.80999755859375
2023-08-13,15259.0,6879.97900390625,1912.9000244140625,83.19000244140625,13644.849609375,4464.0498046875,35281.3984375,29282.9140625,86.80999755859375
2023-08-14,15317.0,6910.171875,1910.5999755859375,82.51000213623047,13788.330078125,4489.72021484375,35307.62890625,29408.443359375,86.20999908447266
2023-08-15,15347.0,6915.10107421875,1902.5,80.98999786376953,13631.0498046875,4437.85986328125,34946.390625,29170.34765625,84.88999938964844
2023-08-16,15311.5,6900.5380859375,1896.0999755859375,79.37999725341797,13474.6298828125,4404.330078125,34765.73828125,28701.779296875,83.44999694824219
2023-08-17,15362.0,6900.5380859375,1884.0999755859375,80.38999938964844,13316.9296875,4370.35986328125,34474.828125,26664.55078125,84.12000274658203
2023-08-18,15362.5,6859.912109375,1886.0999755859375,81.25,13290.7802734375,4369.7099609375,34500.66015625,26049.556640625,84.80000305175781
2023-08-19,15362.5,6859.912109375,1886.0999755859375,81.25,13290.7802734375,4369.7099609375,34500.66015625,26096.205078125,84.80000305175781
2023-08-20,15362.5,6859.912109375,1886.0999755859375,81.25,13290.7802734375,4369.7099609375,34500.66015625,26189.583984375,84.80000305175781
2023-08-21,15278.0,6866.033203125,1893.300048828125,80.72000122070312,13497.58984375,4399.77001953125,34463.69140625,26124.140625,84.45999908447266
2023-08-22,15318.900390625,6916.4501953125,1896.4000244140625,80.3499984741211,13505.8701171875,4387.5498046875,34288.828125,26031.65625,84.02999877929688
2023-08-23,15317.0,6921.41015625,1918.5,78.88999938964844,13721.0302734375,4436.009765625,34472.98046875,26431.640625,83.20999908447266
2023-08-24,15294.099609375,6899.39208984375,1918.199951171875,79.05000305175781,13463.9697265625,4376.31005859375,34099.421875,26162.373046875,83.36000061035156
2023-08-25,15239.0,6895.44287109375,1911.0999755859375,79.83000183105469,13590.650390625,4405.7099609375,34346.8984375,26047.66796875,84.4800033569336
2023-08-26,15239.0,6895.44287109375,1911.0999755859375,79.83000183105469,13590.650390625,4405.7099609375,34346.8984375,26008.462890625,84.4800033569336
2023-08-27,15239.0,6895.44287109375,1911.0999755859375,79.83000183105469,13590.650390625,4405.7099609375,34346.8984375,26089.693359375,84.4800033569336
2023-08-28,15288.0,6921.72705078125,1917.9000244140625,80.0999984741211,13705.1298828125,4433.31005859375,34559.98046875,26106.150390625,84.41999816894531
2023-08-29,15255.5,6957.8349609375,1936.5,81.16000366210938,13943.759765625,4497.6298828125,34852.671875,27727.392578125,85.48999786376953
2023-08-30,15196.5,6966.65576171875,1944.300048828125,81.62999725341797,14019.3095703125,4514.8701171875,34890.23828125,27297.265625,85.86000061035156
2023-08-31,15216.0,6953.259765625,1938.199951171875,83.62999725341797,14034.9697265625,4507.66015625,34721.91015625,25931.47265625,86.86000061035156
2023-09-01,15231.0,6977.65380859375,1939.800048828125,85.55000305175781,14031.8095703125,4515.77001953125,34837.7109375,25800.724609375,88.55000305175781
2023-09-02,15231.0,6977.65380859375,1939.800048828125,85.55000305175781,14031.8095703125,4515.77001953125,34837.7109375,25868.798828125,88.55000305175781
2023-09-03,15231.0,6977.65380859375,1939.800048828125,85.55000305175781,14031.8095703125,4515.77001953125,34837.7109375,25969.56640625,88.55000305175781
2023-09-04,15233.0,6996.75,1939.800048828125,85.55000305175781,14031.8095703125,4515.77001953125,34837.7109375,25812.416015625,88.55000305175781
2023-09-05,15227.0,6991.7080078125,1926.199951171875,86.69000244140625,14020.9501953125,4496.830078125,34641.96875,25779.982421875,90.04000091552734
2023-09-06,15298.0,6995.953125,1918.0999755859375,87.54000091552734,13872.4697265625,4465.47998046875,34443.19140625,25753.236328125,90.5999984741211
2023-09-07,15336.0,6954.80810546875,1917.5,86.87000274658203,13748.830078125,4451.14013671875,34500.73046875,26240.1953125,89.91999816894531
2023-09-08,15342.0,6924.77978515625,1918.4000244140625,87.51000213623047,13761.5302734375,4457.490234375,34576.58984375,25905.654296875,90.6500015258789
2023-09-09,15342.0,6924.77978515625,1918.4000244140625,87.51000213623047,13761.5302734375,4457.490234375,34576.58984375,25895.677734375,90.6500015258789
2023-09-10,15342.0,6924.77978515625,1918.4000244140625,87.51000213623047,13761.5302734375,4457.490234375,34576.58984375,25832.2265625,90.6500015258789
2023-09-11,15318.0,6963.39306640625,1923.300048828125,87.29000091552734,13917.8896484375,4487.4599609375,34663.71875,25162.654296875,90.63999938964844
2023-09-12,15339.099609375,6933.96923828125,1911.300048828125,88.83999633789062,13773.6103515625,4461.89990234375,34645.98828125,25833.34375,92.05999755859375
2023-09-13,15350.2001953125,6935.47607421875,1909.0999755859375,88.5199966430664,13813.58984375,4467.43994140625,34575.53125,26228.32421875,91.87999725341797
2023-09-14,15353.0,6959.3330078125,1910.0,90.16000366210938,13926.0498046875,4505.10009765625,34907.109375,26539.673828125,93.69999694824219
2023-09-15,15395.0,6982.791015625,1923.699951171875,90.7699966430664,13708.330078125,4450.31982421875,34618.23828125,26608.693359375,93.93000030517578
2023-09-16,15395.0,6982.791015625,1923.699951171875,90.7699966430664,13708.330078125,4450.31982421875,34618.23828125,26568.28125,93.93000030517578
2023-09-17,15395.0,6982.791015625,1923.699951171875,90.7699966430664,13708.330078125,4450.31982421875,34618.23828125,26534.1875,93.93000030517578
2023-09-18,15346.0,6936.0830078125,1931.5,91.4800033569336,13710.240234375,4453.52978515625,34624.30078125,26754.28125,94.43000030517578
2023-09-19,15377.0,6980.32080078125,1932.0,91.19999694824219,13678.1904296875,4443.9501953125,34517.73046875,27211.1171875,94.33999633789062
2023-09-20,15384.5,7011.68115234375,1945.5999755859375,90.27999877929688,13469.1298828125,4402.2001953125,34440.87890625,27132.0078125,93.52999877929688
2023-09-21,15361.0,6991.4658203125,1919.199951171875,89.62999725341797,13223.98046875,4330.0,34070.421875,26567.6328125,93.30000305175781
2023-09-22,15400.5,7016.84423828125,1925.4000244140625,90.02999877929688,13211.8095703125,4320.06005859375,33963.83984375,26579.568359375,93.2699966430664
2023-09-23,15400.5,7016.84423828125,1925.4000244140625,90.02999877929688,13211.8095703125,4320.06005859375,33963.83984375,26579.390625,93.2699966430664
2023-09-24,15400.5,7016.84423828125,1925.4000244140625,90.02999877929688,13211.8095703125,4320.06005859375,33963.83984375,26256.826171875,93.2699966430664
2023-09-25,15368.0,6998.380859375,1916.5999755859375,89.68000030517578,13271.3203125,4337.43994140625,34006.87890625,26298.48046875,93.29000091552734
2023-09-26,15405.0,6923.7998046875,1900.4000244140625,90.38999938964844,13063.6103515625,4273.52978515625,33618.87890625,26217.25,93.95999908447266
2023-09-27,15493.0,6937.828125,1871.5999755859375,93.68000030517578,13092.849609375,4274.509765625,33550.26953125,26352.716796875,96.55000305175781
2023-09-28,15569.0,6937.828125,1860.4000244140625,91.70999908447266,13201.2802734375,4299.7001953125,33666.33984375,27021.546875,95.37999725341797
2023-09-29,15474.0,6939.89208984375,1848.0999755859375,90.79000091552734,13219.3203125,4288.0498046875,33507.5,26911.720703125,95.30999755859375
2023-09-30,15474.0,6939.89208984375,1848.0999755859375,90.79000091552734,13219.3203125,4288.0498046875,33507.5,26967.916015625,95.30999755859375
2023-10-01,15474.0,6939.89208984375,1848.0999755859375,90.79000091552734,13219.3203125,4288.0498046875,33507.5,27983.75,95.30999755859375
2023-10-02,15448.0,6961.458984375,1830.0,88.81999969482422,13307.76953125,4288.39013671875,33433.3515625,27530.78515625,90.70999908447266
2023-10-03,15516.0,6940.88720703125,1824.5999755859375,89.2300033569336,13059.4697265625,4229.4501953125,33002.37890625,27429.978515625,90.91999816894531
2023-10-04,15622.0,6886.576171875,1818.5,84.22000122070312,13236.009765625,4263.75,33129.55078125,27799.39453125,85.80999755859375
2023-10-05,15591.0,6874.826171875,1816.5999755859375,82.30999755859375,13219.830078125,4258.18994140625,33119.5703125,27415.912109375,84.06999969482422
2023-10-06,15631.0,6888.51806640625,1830.199951171875,82.79000091552734,13431.33984375,4308.5,33407.578125,27946.59765625,84.58000183105469
2023-10-07,15631.0,6888.51806640625,1830.199951171875,82.79000091552734,13431.33984375,4308.5,33407.578125,27968.83984375,84.58000183105469
2023-10-08,15631.0,6888.51806640625,1830.199951171875,82.79000091552734,13431.33984375,4308.5,33407.578125,27935.08984375,84.58000183105469
2023-10-09,15603.0,6891.455078125,1849.5,86.37999725341797,13484.240234375,4335.66015625,33604.6484375,27583.677734375,88.1500015258789
2023-10-10,15691.400390625,6922.18798828125,1861.0,85.97000122070312,13562.83984375,4358.240234375,33739.30078125,27391.01953125,87.6500015258789
2023-10-11,15718.5,6931.7529296875,1872.800048828125,83.48999786376953,13659.6796875,4376.9501953125,33804.87109375,26873.3203125,85.81999969482422
2023-10-12,15693.0,6935.15087890625,1869.300048828125,82.91000366210938,13574.2197265625,4349.60986328125,33631.140625,26756.798828125,86.0
2023-10-13,15739.0,6926.77978515625,1927.4000244140625,87.69000244140625,13407.23046875,4327.77978515625,33670.2890625,26862.375,90.88999938964844
2023-10-14,15739.0,6926.77978515625,1927.4000244140625,87.69000244140625,13407.23046875,4327.77978515625,33670.2890625,26861.70703125,90.88999938964844
2023-10-15,15739.0,6926.77978515625,1927.4000244140625,87.69000244140625,13407.23046875,4327.77978515625,33670.2890625,27159.65234375,90.88999938964844
2023-10-16,15676.0,6896.2919921875,1921.0999755859375,86.66000366210938,13567.98046875,4373.6298828125,33984.5390625,28519.466796875,89.6500015258789
2023-10-17,15675.0,6939.615234375,1922.699951171875,86.66000366210938,13533.75,4373.2001953125,33997.6484375,28415.748046875,89.9000015258789
2023-10-18,15728.2001953125,6927.90576171875,1955.300048828125,88.31999969482422,13314.2998046875,4314.60009765625,33665.078125,28328.341796875,91.5
2023-10-19,15807.0,6846.4267578125,1968.4000244140625,89.37000274658203,13186.1796875,4278.0,33414.171875,28719.806640625,92.37999725341797
2023-10-20,15856.0,6849.16796875,1982.5,88.75,12983.8095703125,4224.16015625,33127.28125,29682.94921875,92.16000366210938
2023-10-21,15856.0,6849.16796875,1982.5,88.75,12983.8095703125,4224.16015625,33127.28125,29918.412109375,92.16000366210938
2023-10-22,15856.0,6849.16796875,1982.5,88.75,12983.8095703125,4224.16015625,33127.28125,29993.896484375,92.16000366210938
2023-10-23,15868.0,6741.9638671875,1976.300048828125,85.48999786376953,13018.330078125,4217.0400390625,32936.41015625,33086.234375,89.83000183105469
2023-10-24,15874.0,6806.76220703125,1975.0,83.73999786376953,13139.8701171875,4247.68017578125,33141.37890625,33901.52734375,88.06999969482422
2023-10-25,15868.0,6834.38818359375,1984.0999755859375,85.38999938964844,12821.2197265625,4186.77001953125,33035.9296875,34502.8203125,90.12999725341797
2023-10-26,15877.5,6714.51904296875,1987.199951171875,83.20999908447266,12595.6103515625,4137.22998046875,32784.30078125,34156.6484375,87.93000030517578
2023-10-27,15920.0,6758.79296875,1988.5999755859375,85.54000091552734,12643.009765625,4117.3701171875,32417.58984375,33909.80078125,90.4800033569336
2023-10-28,15920.0,6758.79296875,1988.5999755859375,85.54000091552734,12643.009765625,4117.3701171875,32417.58984375,34089.57421875,90.4800033569336
2023-10-29,15920.0,6758.79296875,1988.5999755859375,85.54000091552734,12643.009765625,4117.3701171875,32417.58984375,34538.48046875,90.4800033569336
2023-10-30,15903.5,6735.89208984375,1996.199951171875,82.30999755859375,12789.48046875,4166.81982421875,32928.9609375,34502.36328125,87.44999694824219
2023-10-31,15843.0,6752.2109375,1985.199951171875,81.0199966430664,12851.240234375,4193.7998046875,33052.87109375,34667.78125,87.41000366210938
2023-11-01,15748.7001953125,6642.41796875,1978.800048828125,80.44000244140625,13061.4697265625,4237.85986328125,33274.578125,35437.25390625,84.62999725341797
2023-11-02,15900.0,6751.38623046875,1985.5999755859375,82.45999908447266,13294.1904296875,4317.77978515625,33839.078125,34938.2421875,86.8499984741211
2023-11-03,15838.0,6788.85009765625,1991.5,80.51000213623047,13478.2802734375,4358.33984375,34061.3203125,34732.32421875,84.88999938964844
2023-11-04,15838.0,6788.85009765625,1991.5,80.51000213623047,13478.2802734375,4358.33984375,34061.3203125,35082.1953125,84.88999938964844
2023-11-05,15838.0,6788.85009765625,1991.5,80.51000213623047,13478.2802734375,4358.33984375,34061.3203125,35049.35546875,84.88999938964844
2023-11-06,15582.099609375,6878.8359375,1981.5999755859375,80.81999969482422,13518.7802734375,4365.97998046875,34095.859375,35037.37109375,85.18000030517578
2023-11-07,15570.0,6843.7900390625,1966.800048828125,77.37000274658203,13639.8603515625,4378.3798828125,34152.6015625,35443.5625,81.61000061035156
2023-11-08,15643.599609375,6804.10595703125,1951.5,75.33000183105469,13650.41015625,4382.77978515625,34112.26953125,35655.27734375,79.54000091552734
2023-11-09,15616.0,6838.23291015625,1964.199951171875,75.73999786376953,13521.4501953125,4347.35009765625,33891.94140625,36693.125,80.01000213623047
2023-11-10,15713.7001953125,6809.26318359375,1932.5999755859375,77.16999816894531,13798.1103515625,4415.240234375,34283.1015625,37313.96875,81.43000030517578
2023-11-11,15713.7001953125,6809.26318359375,1932.5999755859375,77.16999816894531,13798.1103515625,4415.240234375,34283.1015625,37138.05078125,81.43000030517578
2023-11-12,15713.7001953125,6809.26318359375,1932.5999755859375,77.16999816894531,13798.1103515625,4415.240234375,34283.1015625,37054.51953125,81.43000030517578
2023-11-13,15683.0,6838.31201171875,1945.5,78.26000213623047,13767.740234375,4411.5498046875,34337.87109375,36502.35546875,82.5199966430664
2023-11-14,15667.0,6862.05517578125,1961.800048828125,78.26000213623047,14094.3798828125,4495.7001953125,34827.69921875,35537.640625,82.47000122070312
2023-11-15,15281.0,6958.205078125,1960.0999755859375,76.66000366210938,14103.83984375,4502.8798828125,34991.2109375,37880.58203125,81.18000030517578
2023-11-16,15487.7998046875,6958.0078125,1983.9000244140625,72.9000015258789,14113.669921875,4508.240234375,34945.46875,36154.76953125,77.41999816894531
2023-11-17,15475.0,6977.66796875,1981.5999755859375,75.88999938964844,14125.48046875,4514.02001953125,34947.28125,36596.68359375,80.61000061035156
2023-11-18,15475.0,6977.66796875,1981.5999755859375,75.88999938964844,14125.48046875,4514.02001953125,34947.28125,36585.703125,80.61000061035156
2023-11-19,15475.0,6977.66796875,1981.5999755859375,75.88999938964844,14125.48046875,4514.02001953125,34947.28125,37386.546875,80.61000061035156
2023-11-20,15399.400390625,6994.88818359375,1977.699951171875,77.5999984741211,14284.5302734375,4547.3798828125,35151.0390625,37476.95703125,82.31999969482422
2023-11-21,15382.099609375,6961.7900390625,1999.300048828125,77.7699966430664,14199.98046875,4538.18994140625,35088.2890625,35813.8125,82.44999694824219
2023-11-22,15501.2998046875,6906.953125,1991.4000244140625,77.0999984741211,14265.8603515625,4556.6201171875,35273.03125,37432.33984375,81.95999908447266
2023-11-23,15612.7998046875,7004.34423828125,1991.4000244140625,77.0999984741211,14265.8603515625,4556.6201171875,35273.03125,37289.62109375,81.37000274658203
2023-11-24,15495.0,7009.630859375,2002.199951171875,75.54000091552734,14250.849609375,4559.33984375,35390.1484375,37720.28125,80.58000183105469
2023-11-25,15495.0,7009.630859375,2002.199951171875,75.54000091552734,14250.849609375,4559.33984375,35390.1484375,37796.79296875,80.58000183105469
2023-11-26,15495.0,7009.630859375,2002.199951171875,75.54000091552734,14250.849609375,4559.33984375,35390.1484375,37479.12109375,80.58000183105469
2023-11-27,15560.0,7013.40576171875,2011.800048828125,74.86000061035156,14241.01953125,4550.43017578125,35333.46875,37254.16796875,79.9800033569336
2023-11-28,15466.5,7041.0732421875,2039.699951171875,76.41000366210938,14281.759765625,4554.89013671875,35416.98046875,37831.0859375,81.68000030517578
2023-11-29,15259.0,7036.0869140625,2047.0999755859375,77.86000061035156,14258.490234375,4550.580078125,35430.421875,37858.4921875,83.0999984741211
2023-11-30,15407.0,7080.7412109375,2038.0999755859375,75.95999908447266,14226.2197265625,4567.7998046875,35950.890625,37712.74609375,82.83000183105469
2023-12-01,15549.2998046875,7059.90576171875,2071.0,74.06999969482422,14305.0302734375,4594.6298828125,36245.5,38688.75,78.87999725341797
2023-12-02,15549.2998046875,7059.90576171875,2071.0,74.06999969482422,14305.0302734375,4594.6298828125,36245.5,39476.33203125,78.87999725341797
2023-12-03,15549.2998046875,7059.90576171875,2071.0,74.06999969482422,14305.0302734375,4594.6298828125,36245.5,39978.390625,78.87999725341797
2023-12-04,15437.400390625,7093.60009765625,2024.0999755859375,73.04000091552734,14185.490234375,4569.77978515625,36204.44140625,41980.09765625,78.02999877929688
2023-12-05,15519.900390625,7100.85498046875,2018.5,72.31999969482422,14229.91015625,4567.18017578125,36124.55859375,44080.6484375,77.19999694824219
2023-12-06,15457.0,7087.39501953125,2030.5,69.37999725341797,14146.7099609375,4549.33984375,36054.4296875,43746.4453125,74.30000305175781
2023-12-07,15480.0,7134.623046875,2029.9000244140625,69.33999633789062,14339.990234375,4585.58984375,36117.37890625,43292.6640625,74.05000305175781
2023-12-08,15500.0,7159.59814453125,1998.300048828125,71.2300033569336,14403.9697265625,4604.3701171875,36247.87109375,44166.6015625,75.83999633789062
2023-12-09,15500.0,7159.59814453125,1998.300048828125,71.2300033569336,14403.9697265625,4604.3701171875,36247.87109375,43725.984375,75.83999633789062
2023-12-10,15500.0,7159.59814453125,1998.300048828125,71.2300033569336,14403.9697265625,4604.3701171875,36247.87109375,43779.69921875,75.83999633789062
2023-12-11,15560.2001953125,7088.78515625,1978.0,71.31999969482422,14432.490234375,4622.43994140625,36404.9296875,41243.83203125,76.02999877929688
2023-12-12,15647.0,7125.30712890625,1977.800048828125,68.61000061035156,14533.400390625,4643.7001953125,36577.94140625,41450.22265625,73.23999786376953
2023-12-13,15569.0,7075.3408203125,1982.300048828125,69.47000122070312,14733.9599609375,4707.08984375,37090.23828125,42890.7421875,74.26000213623047
2023-12-14,15275.0,7176.01611328125,2030.199951171875,71.58000183105469,14761.5595703125,4719.5498046875,37248.3515625,43023.97265625,76.61000061035156
2023-12-15,15468.0,7190.98779296875,2021.0999755859375,71.43000030517578,14813.919921875,4719.18994140625,37305.16015625,41929.7578125,76.55000305175781
2023-12-16,15468.0,7190.98779296875,2021.0999755859375,71.43000030517578,14813.919921875,4719.18994140625,37305.16015625,42240.1171875,76.55000305175781
2023-12-17,15468.0,7190.98779296875,2021.0999755859375,71.43000030517578,14813.919921875,4719.18994140625,37305.16015625,41364.6640625,76.55000305175781
2023-12-18,15282.7998046875,7119.52490234375,2026.300048828125,72.47000122070312,14904.8095703125,4740.56005859375,37306.01953125,42623.5390625,77.94999694824219
2023-12-19,15454.400390625,7187.84619140625,2038.4000244140625,73.44000244140625,15003.2197265625,4768.3701171875,37557.921875,42270.52734375,79.2300033569336
2023-12-20,15455.0,7219.6669921875,2034.5,74.22000122070312,14777.9404296875,4698.35009765625,37082.0,43652.25,79.69999694824219
2023-12-21,15518.0,7209.619140625,2039.0999755859375,73.88999938964844,14963.8701171875,4746.75,37404.3515625,43869.15234375,79.38999938964844
2023-12-22,15440.0,7237.51904296875,2057.10009765625,73.55999755859375,14992.9697265625,4754.6298828125,37385.96875,43997.90234375,79.06999969482422
2023-12-23,15440.0,7237.51904296875,2057.10009765625,73.55999755859375,14992.9697265625,4754.6298828125,37385.96875,43739.54296875,79.06999969482422
2023-12-24,15440.0,7237.51904296875,2057.10009765625,73.55999755859375,14992.9697265625,4754.6298828125,37385.96875,43016.1171875,79.06999969482422
2023-12-25,15409.2001953125,7237.51904296875,2057.10009765625,73.55999755859375,14992.9697265625,4754.6298828125,37385.96875,43613.140625,79.06999969482422
2023-12-26,15460.0,7237.51904296875,2058.199951171875,75.56999969482422,15074.5703125,4774.75,37545.328125,42520.40234375,81.06999969482422
2023-12-27,15400.0,7245.916015625,2081.89990234375,74.11000061035156,15099.1796875,4781.580078125,37656.51953125,43442.85546875,79.6500015258789
2023-12-28,15373.0,7303.88818359375,2073.89990234375,71.7699966430664,15095.1396484375,4783.35009765625,37710.1015625,42627.85546875,78.38999938964844
2023-12-29,15425.0,7272.796875,2062.39990234375,71.6500015258789,15011.349609375,4769.830078125,37689.5390625,42099.40234375,77.04000091552734
2023-12-30,15425.0,7272.796875,2062.39990234375,71.6500015258789,15011.349609375,4769.830078125,37689.5390625,42156.90234375,77.04000091552734
2023-12-31,15425.0,7272.796875,2062.39990234375,71.6500015258789,15011.349609375,4769.830078125,37689.5390625,42265.1875,77.04000091552734
2024-01-01,15383.099609375,7272.796875,2062.39990234375,71.6500015258789,15011.349609375,4769.830078125,37689.5390625,44167.33203125,77.04000091552734
2024-01-02,15383.0,7323.587890625,2064.39990234375,70.37999725341797,14765.9404296875,4742.830078125,37715.0390625,44957.96875,75.88999938964844
2024-01-03,15498.0,7279.0908203125,2034.199951171875,72.69999694824219,14592.2099609375,4704.81005859375,37430.19140625,42848.17578125,78.25
2024-01-04,15555.0,7359.76318359375,2042.300048828125,72.19000244140625,14510.2998046875,4688.68017578125,37440.33984375,44179.921875,77.58999633789062
2024-01-05,15511.0,7350.619140625,2042.4000244140625,73.80999755859375,14524.0703125,4697.240234375,37466.109375,44162.69140625,78.76000213623047
2024-01-06,15511.0,7350.619140625,2042.4000244140625,73.80999755859375,14524.0703125,4697.240234375,37466.109375,43989.1953125,78.76000213623047
2024-01-07,15511.0,7350.619140625,2042.4000244140625,73.80999755859375,14524.0703125,4697.240234375,37466.109375,43943.09765625,78.76000213623047
2024-01-08,15477.5,7283.5751953125,2026.5999755859375,70.7699966430664,14843.76953125,4763.5400390625,37683.01171875,46970.50390625,76.12000274658203
2024-01-09,15495.5,7200.203125,2026.4000244140625,72.23999786376953,14857.7099609375,4756.5,37525.16015625,46139.73046875,77.58999633789062
2024-01-10,15534.5,7227.296875,2021.699951171875,71.37000274658203,14969.650390625,4783.4501953125,37695.73046875,46627.77734375,76.80000305175781
2024-01-11,15555.0,7219.9638671875,2014.300048828125,72.0199966430664,14970.1904296875,4780.240234375,37711.01953125,46368.5859375,77.41000366210938
2024-01-12,15556.5,7241.13818359375,2046.699951171875,72.68000030517578,14972.759765625,4783.830078125,37592.98046875,42853.16796875,78.29000091552734
2024-01-13,15556.5,7241.13818359375,2046.699951171875,72.68000030517578,14972.759765625,4783.830078125,37592.98046875,42842.3828125,78.29000091552734
2024-01-14,15556.5,7241.13818359375,2046.699951171875,72.68000030517578,14972.759765625,4783.830078125,37592.98046875,41796.26953125,78.29000091552734
2024-01-15,15503.2001953125,7224.0009765625,2046.699951171875,72.68000030517578,14972.759765625,4783.830078125,37592.98046875,42511.96875,78.29000091552734
2024-01-16,15546.0,7242.787109375,2026.0,72.4000015258789,14944.349609375,4765.97998046875,37361.12109375,43154.9453125,78.29000091552734
2024-01-17,15625.0,7200.634765625,2002.5999755859375,72.55999755859375,14855.6201171875,4739.2099609375,37266.671875,42742.65234375,77.87999725341797
2024-01-18,15624.0,7252.966796875,2018.5999755859375,74.08000183105469,15055.650390625,4780.93994140625,37468.609375,41262.05859375,79.0999984741211
2024-01-19,15613.099609375,7227.40185546875,2026.5,73.41000366210938,15310.9697265625,4839.81005859375,37863.80078125,41618.40625,78.55999755859375
2024-01-20,15613.099609375,7227.40185546875,2026.5,73.41000366210938,15310.9697265625,4839.81005859375,37863.80078125,41665.5859375,78.55999755859375
2024-01-21,15613.099609375,7227.40185546875,2026.5,73.41000366210938,15310.9697265625,4839.81005859375,37863.80078125,41545.78515625,78.55999755859375
2024-01-22,15601.0,7247.92822265625,2019.800048828125,75.19000244140625,15360.2900390625,4850.43017578125,38001.80859375,39507.3671875,80.05999755859375
2024-01-23,15655.5,7256.22900390625,2023.699951171875,74.37000274658203,15425.9404296875,4864.60009765625,37905.44921875,39845.55078125,79.55000305175781
2024-01-24,15715.0,7227.8232421875,2013.9000244140625,75.08999633789062,15481.919921875,4868.5498046875,37806.390625,40077.07421875,80.04000091552734
2024-01-25,15714.5,7178.0419921875,2016.9000244140625,77.36000061035156,15510.5,4894.16015625,38049.12890625,39933.80859375,82.43000030517578
2024-01-26,15808.0,7137.087890625,2016.800048828125,78.01000213623047,15455.3603515625,4890.97021484375,38109.4296875,41816.87109375,83.55000305175781
2024-01-27,15808.0,7137.087890625,2016.800048828125,78.01000213623047,15455.3603515625,4890.97021484375,38109.4296875,42120.0546875,83.55000305175781
2024-01-28,15808.0,7137.087890625,2016.800048828125,78.01000213623047,15455.3603515625,4890.97021484375,38109.4296875,42035.59375,83.55000305175781
2024-01-29,15767.599609375,7157.1748046875,2025.199951171875,76.77999877929688,15628.0400390625,4927.93017578125,38333.44921875,43288.24609375,82.4000015258789
2024-01-30,15828.0,7192.2158203125,2031.5,77.81999969482422,15509.900390625,4924.97021484375,38467.30859375,42952.609375,82.87000274658203
2024-01-31,15785.0,7207.94091796875,2048.39990234375,75.8499984741211,15164.009765625,4845.64990234375,38150.30078125,42582.60546875,81.70999908447266
2024-02-01,15769.0,7201.69580078125,2053.0,73.81999969482422,15361.6396484375,4906.18994140625,38519.83984375,43075.7734375,78.69999694824219
2024-02-02,15726.0,7238.78515625,2036.0999755859375,72.27999877929688,15628.9501953125,4958.60986328125,38654.421875,43185.859375,77.33000183105469
2024-02-03,15726.0,7238.78515625,2036.0999755859375,72.27999877929688,15628.9501953125,4958.60986328125,38654.421875,42992.25,77.33000183105469
2024-02-04,15726.0,7238.78515625,2036.0999755859375,72.27999877929688,15628.9501953125,4958.60986328125,38654.421875,42583.58203125,77.33000183105469
2024-02-05,15727.2001953125,7198.615234375,2025.699951171875,72.77999877929688,15597.6796875,4942.81005859375,38380.12109375,42658.66796875,77.98999786376953
2024-02-06,15711.5,7247.408203125,2034.5,73.30999755859375,15609.0,4954.22998046875,38521.359375,43084.671875,78.58999633789062
2024-02-07,15733.0,7235.15185546875,2035.199951171875,73.86000061035156,15756.6396484375,4995.06005859375,38677.359375,44318.22265625,79.20999908447266
2024-02-08,15647.0,7235.15185546875,2032.199951171875,76.22000122070312,15793.7099609375,4997.91015625,38726.328125,45301.56640625,81.62999725341797
2024-02-09,15660.2998046875,7235.15185546875,2023.300048828125,76.83999633789062,15990.66015625,5026.60986328125,38671.69140625,47147.19921875,82.19000244140625
2024-02-10,15660.2998046875,7235.15185546875,2023.300048828125,76.83999633789062,15990.66015625,5026.60986328125,38671.69140625,47771.27734375,82.19000244140625
2024-02-11,15660.2998046875,7235.15185546875,2023.300048828125,76.83999633789062,15990.66015625,5026.60986328125,38671.69140625,48293.91796875,82.19000244140625
2024-02-12,15598.0,7297.6689453125,2018.199951171875,76.91999816894531,15942.5498046875,5021.83984375,38797.37890625,49958.22265625,82.0
2024-02-13,15579.5,7209.7412109375,1992.9000244140625,77.87000274658203,15655.599609375,4953.169921875,38272.75,49742.44140625,82.7699966430664
2024-02-14,15661.5,7209.7412109375,1990.300048828125,76.63999938964844,15859.150390625,5000.6201171875,38424.26953125,51826.6953125,81.5999984741211
2024-02-15,15553.099609375,7303.28076171875,2002.0999755859375,78.02999877929688,15906.169921875,5029.72998046875,38773.12109375,51938.5546875,82.86000061035156
2024-02-16,15672.0,7335.544921875,2011.5,79.19000244140625,15775.650390625,5005.56982421875,38627.98828125,52160.203125,83.47000122070312
2024-02-17,15672.0,7335.544921875,2011.5,79.19000244140625,15775.650390625,5005.56982421875,38627.98828125,51662.99609375,83.47000122070312
2024-02-18,15672.0,7335.544921875,2011.5,79.19000244140625,15775.650390625,5005.56982421875,38627.98828125,52122.546875,83.47000122070312
2024-02-19,15628.599609375,7296.7021484375,2011.5,79.19000244140625,15775.650390625,5005.56982421875,38627.98828125,51779.14453125,83.47000122070312
2024-02-20,15634.0,7352.60107421875,2027.5,78.18000030517578,15630.7802734375,4975.509765625,38563.80078125,52284.875,82.33999633789062
2024-02-21,15661.0,7349.02099609375,2022.300048828125,77.91000366210938,15580.8701171875,4981.7998046875,38612.23828125,51839.1796875,83.02999877929688
2024-02-22,15642.0,7339.63623046875,2019.699951171875,78.61000061035156,16041.6201171875,5087.02978515625,39069.109375,51304.97265625,83.66999816894531
2024-02-23,15588.0,7295.09521484375,2038.5999755859375,76.48999786376953,15996.8203125,5088.7998046875,39131.53125,50731.94921875,81.62000274658203
2024-02-24,15588.0,7295.09521484375,2038.5999755859375,76.48999786376953,15996.8203125,5088.7998046875,39131.53125,51571.1015625,81.62000274658203
2024-02-25,15588.0,7295.09521484375,2038.5999755859375,76.48999786376953,15996.8203125,5088.7998046875,39131.53125,51733.23828125,81.62000274658203
2024-02-26,15586.099609375,7283.8232421875,2028.5,77.58000183105469,15976.25,5069.52978515625,39069.23046875,54522.40234375,82.52999877929688
2024-02-27,15638.5,7285.31689453125,2034.0,78.87000274658203,16035.2998046875,5078.18017578125,38972.41015625,57085.37109375,83.6500015258789
2024-02-28,15653.0,7328.63623046875,2033.0,78.54000091552734,15947.740234375,5069.759765625,38949.01953125,62504.7890625,83.68000030517578
2024-02-29,15712.2001953125,7316.11083984375,2045.699951171875,78.26000213623047,16091.919921875,5096.27001953125,38996.390625,61198.3828125,83.62000274658203
2024-03-01,15704.0,7311.9072265625,2086.89990234375,79.97000122070312,16274.9404296875,5137.080078125,39087.37890625,62440.6328125,83.55000305175781
2024-03-02,15704.0,7311.9072265625,2086.89990234375,79.97000122070312,16274.9404296875,5137.080078125,39087.37890625,62029.84765625,83.55000305175781
2024-03-03,15704.0,7311.9072265625,2086.89990234375,79.97000122070312,16274.9404296875,5137.080078125,39087.37890625,63167.37109375,83.55000305175781
2024-03-04,15691.900390625,7276.7490234375,2117.699951171875,78.73999786376953,16207.509765625,5130.9501953125,38989.828125,68330.4140625,82.80000305175781
2024-03-05,15766.0,7247.4599609375,2133.5,78.1500015258789,15939.58984375,5078.64990234375,38585.19140625,63801.19921875,82.04000091552734
2024-03-06,15751.5,7329.80078125,2150.300048828125,79.12999725341797,16031.5400390625,5104.759765625,38661.05078125,66106.8046875,82.95999908447266
2024-03-07,15668.0,7373.9638671875,2158.0,78.93000030517578,16273.3798828125,5157.35986328125,38791.3515625,66925.484375,82.95999908447266
2024-03-08,15621.0,7381.9072265625,2178.60009765625,78.01000213623047,16085.1103515625,5123.68994140625,38722.69140625,68300.09375,82.08000183105469
2024-03-09,15621.0,7381.9072265625,2178.60009765625,78.01000213623047,16085.1103515625,5123.68994140625,38722.69140625,68498.8828125,82.08000183105469
2024-03-10,15621.0,7381.9072265625,2178.60009765625,78.01000213623047,16085.1103515625,5123.68994140625,38722.69140625,69019.7890625,82.08000183105469
2024-03-11,15536.2998046875,7381.9072265625,2182.5,77.93000030517578,16019.26953125,5117.93994140625,38769.66015625,72123.90625,82.20999908447266
2024-03-12,15518.0,7381.9072265625,2160.39990234375,77.55999755859375,16265.6396484375,5175.27001953125,39005.48828125,71481.2890625,81.91999816894531
2024-03-13,15546.0,7421.20703125,2175.39990234375,79.72000122070312,16177.76953125,5165.31005859375,39043.3203125,73083.5,84.02999877929688
2024-03-14,15574.0,7433.31494140625,2163.0,81.26000213623047,16128.5302734375,5150.47998046875,38905.66015625,71396.59375,85.41999816894531
2024-03-15,15630.0,7328.05419921875,2157.300048828125,81.04000091552734,15973.169921875,5117.08984375,38714.76953125,69403.7734375,85.33999633789062
2024-03-16,15630.0,7328.05419921875,2157.300048828125,81.04000091552734,15973.169921875,5117.08984375,38714.76953125,65315.1171875,85.33999633789062
2024-03-17,15630.0,7328.05419921875,2157.300048828125,81.04000091552734,15973.169921875,5117.08984375,38714.76953125,68390.625,85.33999633789062
2024-03-18,15639.2998046875,7302.44921875,2160.699951171875,82.72000122070312,16103.4501953125,5149.419921875,38790.4296875,67548.59375,86.88999938964844
2024-03-19,15743.0,7336.74609375,2156.300048828125,83.47000122070312,16166.7900390625,5178.509765625,39110.76171875,61912.7734375,87.37999725341797
2024-03-20,15718.0,7331.1279296875,2157.89990234375,81.68000030517578,16369.41015625,5224.6201171875,39512.12890625,67913.671875,85.94999694824219
2024-03-21,15687.0,7338.35302734375,2182.39990234375,81.06999969482422,16401.83984375,5241.52978515625,39781.37109375,65491.390625,85.77999877929688
2024-03-22,15723.5,7350.15185546875,2158.10009765625,80.62999725341797,16428.8203125,5234.18017578125,39475.8984375,63778.76171875,85.43000030517578
2024-03-23,15723.5,7350.15185546875,2158.10009765625,80.62999725341797,16428.8203125,5234.18017578125,39475.8984375,64062.203125,85.43000030517578
2024-03-24,15723.5,7350.15185546875,2158.10009765625,80.62999725341797,16428.8203125,5234.18017578125,39475.8984375,67234.171875,85.43000030517578
2024-03-25,15802.599609375,7377.759765625,2174.800048828125,81.94999694824219,16384.470703125,5218.18994140625,39313.640625,69958.8125,86.75
2024-03-26,15784.0,7365.6640625,2175.60009765625,81.62000274658203,16315.7001953125,5203.580078125,39282.328125,69987.8359375,86.25
2024-03-27,15828.0,7310.091796875,2190.60009765625,81.3499984741211,16399.51953125,5248.490234375,39760.078125,69455.34375,86.08999633789062
2024-03-28,15877.0,7288.81298828125,2217.39990234375,83.16999816894531,16379.4599609375,5254.35009765625,39807.37109375,70744.953125,87.4800033569336
2024-03-29,15877.0,7288.81298828125,2217.39990234375,83.16999816894531,16379.4599609375,5254.35009765625,39807.37109375,69892.828125,87.4800033569336
2024-03-30,15877.0,7288.81298828125,2217.39990234375,83.16999816894531,16379.4599609375,5254.35009765625,39807.37109375,69645.3046875,87.4800033569336
2024-03-31,15877.0,7288.81298828125,2217.39990234375,83.16999816894531,16379.4599609375,5254.35009765625,39807.37109375,71333.6484375,87.4800033569336
2024-04-01,15848.0,7205.06103515625,2236.5,83.70999908447266,16396.830078125,5243.77001953125,39566.8515625,69702.1484375,87.41999816894531
2024-04-02,15945.7998046875,7236.98388671875,2261.0,85.1500015258789,16240.4501953125,5205.81005859375,39170.23828125,65446.97265625,88.91999816894531
2024-04-03,15955.0,7166.84423828125,2294.39990234375,85.43000030517578,16277.4599609375,5211.490234375,39127.140625,65980.8125,89.3499984741211
2024-04-04,15936.0,7254.39892578125,2288.800048828125,86.58999633789062,16049.080078125,5147.2099609375,38596.98046875,68508.84375,90.6500015258789
2024-04-05,15904.5,7286.8818359375,2325.699951171875,86.91000366210938,16248.51953125,5204.33984375,38904.0390625,67837.640625,91.16999816894531
2024-04-06,15904.5,7286.8818359375,2325.699951171875,86.91000366210938,16248.51953125,5204.33984375,38904.0390625,68896.109375,91.16999816894531
2024-04-07,15904.5,7286.8818359375,2325.699951171875,86.91000366210938,16248.51953125,5204.33984375,38904.0390625,69362.5546875,91.16999816894531
2024-04-08,15881.0,7286.8818359375,2331.699951171875,86.43000030517578,16253.9599609375,5202.39013671875,38892.80078125,71631.359375,90.37999725341797
2024-04-09,15918.0,7286.8818359375,2343.5,85.2300033569336,16306.6396484375,5209.91015625,38883.671875,69139.015625,89.41999816894531
2024-04-10,15892.2998046875,7286.8818359375,2329.60009765625,86.20999908447266,16170.3603515625,5160.64013671875,38461.51171875,70587.8828125,90.4800033569336
2024-04-11,15998.2001953125,7286.8818359375,2354.800048828125,85.0199966430664,16442.19921875,5199.06005859375,38459.078125,70060.609375,89.73999786376953
2024-04-12,16007.0,7286.8818359375,2356.199951171875,85.66000366210938,16175.08984375,5123.41015625,37983.23828125,67195.8671875,90.44999694824219
2024-04-13,16007.0,7286.8818359375,2356.199951171875,85.66000366210938,16175.08984375,5123.41015625,37983.23828125,63821.47265625,90.44999694824219
2024-04-14,16007.0,7286.8818359375,2356.199951171875,85.66000366210938,16175.08984375,5123.41015625,37983.23828125,65738.7265625,90.44999694824219
2024-04-15,16111.0,7286.8818359375,2365.800048828125,85.41000366210938,15885.01953125,5061.81982421875,37735.109375,63426.2109375,90.0999984741211
2024-04-16,16075.0,7164.80712890625,2390.800048828125,85.36000061035156,15865.25,5051.41015625,37798.96875,63811.86328125,90.0199966430664
2024-04-17,16312.2001953125,7130.8408203125,2371.699951171875,82.69000244140625,15683.3701171875,5022.2099609375,37753.30859375,61276.69140625,87.29000091552734
2024-04-18,16246.0,7166.81396484375,2382.300048828125,82.7300033569336,15601.5,5011.1201171875,37775.37890625,63512.75390625,87.11000061035156
2024-04-19,16220.0,7087.31689453125,2398.39990234375,83.13999938964844,15282.009765625,4967.22998046875,37986.3984375,63843.5703125,87.29000091552734
2024-04-20,16220.0,7087.31689453125,2398.39990234375,83.13999938964844,15282.009765625,4967.22998046875,37986.3984375,64994.44140625,87.29000091552734
2024-04-21,16220.0,7087.31689453125,2398.39990234375,83.13999938964844,15282.009765625,4967.22998046875,37986.3984375,64926.64453125,87.29000091552734
2024-04-22,16210.2998046875,7073.81982421875,2332.199951171875,82.8499984741211,15451.3095703125,5010.60009765625,38239.98046875,66837.6796875,87.0
2024-04-23,16246.0,7110.81298828125,2327.699951171875,83.36000061035156,15696.6396484375,5070.5498046875,38503.69140625,66407.2734375,88.41999816894531
2024-04-24,16140.2001953125,7174.533203125,2324.5,82.80999755859375,15712.75,5071.6298828125,38460.921875,64276.8984375,88.0199966430664
2024-04-25,16220.0,7155.2939453125,2329.800048828125,83.56999969482422,15611.759765625,5048.419921875,38085.80078125,64481.70703125,89.01000213623047
2024-04-26,16202.0,7036.0751953125,2334.800048828125,83.8499984741211,15927.900390625,5099.9599609375,38239.66015625,63755.3203125,89.5
2024-04-27,16202.0,7036.0751953125,2334.800048828125,83.8499984741211,15927.900390625,5099.9599609375,38239.66015625,63419.140625,89.5
2024-04-28,16202.0,7036.0751953125,2334.800048828125,83.8499984741211,15927.900390625,5099.9599609375,38239.66015625,63113.23046875,89.5
2024-04-29,16203.0,7155.7841796875,2345.39990234375,82.62999725341797,15983.080078125,5116.169921875,38386.08984375,63841.12109375,88.4000015258789
2024-04-30,16246.0,7234.19677734375,2291.39990234375,81.93000030517578,15657.8203125,5035.68994140625,37815.921875,60636.85546875,87.86000061035156
2024-05-01,16273.0,7234.19677734375,2299.89990234375,79.0,15605.48046875,5018.39013671875,37903.2890625,58254.01171875,83.44000244140625
2024-05-02,16190.400390625,7117.4248046875,2299.199951171875,78.94999694824219,15840.9599609375,5064.2001953125,38225.66015625,59123.43359375,83.66999816894531
2024-05-03,16097.0,7134.72412109375,2299.0,78.11000061035156,16156.330078125,5127.7900390625,38675.6796875,62889.8359375,82.95999908447266
2024-05-04,16097.0,7134.72412109375,2299.0,78.11000061035156,16156.330078125,5127.7900390625,38675.6796875,63891.47265625,82.95999908447266
2024-05-05,16097.0,7134.72412109375,2299.0,78.11000061035156,16156.330078125,5127.7900390625,38675.6796875,64031.1328125,82.95999908447266
2024-05-06,16077.0,7135.89013671875,2321.60009765625,78.4800033569336,16349.25,5180.740234375,38852.26953125,63161.94921875,83.33000183105469
2024-05-07,16034.0,7123.61181640625,2315.199951171875,78.37999725341797,16332.5595703125,5187.7001953125,38884.26171875,62334.81640625,83.16000366210938
2024-05-08,16073.0,7088.794921875,2313.60009765625,78.98999786376953,16302.759765625,5187.669921875,39056.390625,61187.94140625,83.58000183105469
2024-05-09,16074.0,7088.794921875,2332.10009765625,79.26000213623047,16346.259765625,5214.080078125,39387.76171875,63049.9609375,83.87999725341797
2024-05-10,16030.0,7088.794921875,2367.300048828125,78.26000213623047,16340.8701171875,5222.68017578125,39512.83984375,60792.77734375,82.79000091552734
2024-05-11,16030.0,7088.794921875,2367.300048828125,78.26000213623047,16340.8701171875,5222.68017578125,39512.83984375,60793.7109375,82.79000091552734
2024-05-12,16030.0,7088.794921875,2367.300048828125,78.26000213623047,16340.8701171875,5222.68017578125,39512.83984375,61448.39453125,82.79000091552734
2024-05-13,16038.0,7099.26123046875,2336.10009765625,79.12000274658203,16388.240234375,5221.419921875,39431.51171875,62901.44921875,83.36000061035156
2024-05-14,16121.0,7083.76318359375,2353.39990234375,78.0199966430664,16511.1796875,5246.68017578125,39558.109375,61552.7890625,82.37999725341797
2024-05-15,16102.0,7179.8310546875,2388.699951171875,78.62999725341797,16742.390625,5308.14990234375,39908.0,66267.4921875,82.75
2024-05-16,15914.0,7246.69580078125,2380.0,79.2300033569336,16698.3203125,5297.10009765625,39869.37890625,65231.58203125,83.2699966430664
2024-05-17,15930.7998046875,7317.23779296875,2412.199951171875,80.05999755859375,16685.970703125,5303.27001953125,40003.58984375,67051.875,83.9800033569336
2024-05-18,15930.7998046875,7317.23779296875,2412.199951171875,80.05999755859375,16685.970703125,5303.27001953125,40003.58984375,66940.8046875,83.9800033569336
2024-05-19,15930.7998046875,7317.23779296875,2412.199951171875,80.05999755859375,16685.970703125,5303.27001953125,40003.58984375,66278.3671875,83.9800033569336
2024-05-20,15958.0,7266.69091796875,2433.89990234375,79.80000305175781,16794.869140625,5308.1298828125,39806.76953125,71448.1953125,83.70999908447266
2024-05-21,16031.0,7186.037109375,2421.699951171875,79.26000213623047,16832.619140625,5321.41015625,39872.98828125,70136.53125,82.87999725341797
2024-05-22,16005.0,7222.3818359375,2389.199951171875,77.56999969482422,16801.5390625,5307.009765625,39671.0390625,69122.3359375,81.9000015258789
2024-05-23,16040.7001953125,7222.3818359375,2335.0,76.87000274658203,16736.029296875,5267.83984375,39065.26171875,67929.5625,81.36000061035156
2024-05-24,16095.0,7222.3818359375,2332.5,77.72000122070312,16920.7890625,5304.72021484375,39069.58984375,68526.1015625,82.12000274658203
2024-05-25,16095.0,7222.3818359375,2332.5,77.72000122070312,16920.7890625,5304.72021484375,39069.58984375,69265.9453125,82.12000274658203
2024-05-26,16095.0,7222.3818359375,2332.5,77.72000122070312,16920.7890625,5304.72021484375,39069.58984375,68518.09375,82.12000274658203
2024-05-27,16038.0,7176.419921875,2332.5,77.72000122070312,16920.7890625,5304.72021484375,39069.58984375,69394.5546875,82.12000274658203
2024-05-28,16071.0,7253.6259765625,2355.199951171875,79.83000183105469,17019.880859375,5306.0400390625,38852.859375,68296.21875,84.22000122070312
2024-05-29,16117.0,7140.22900390625,2340.300048828125,79.2300033569336,16920.580078125,5266.9501953125,38441.5390625,67578.09375,83.5999984741211
2024-05-30,16232.099609375,7034.14208984375,2342.89990234375,77.91000366210938,16737.080078125,5235.47998046875,38111.48046875,68364.9921875,81.86000061035156
2024-05-31,16228.0,6970.73583984375,2322.89990234375,76.98999786376953,16735.01953125,5277.509765625,38686.3203125,67491.4140625,81.62000274658203
2024-06-01,16228.0,6970.73583984375,2322.89990234375,76.98999786376953,16735.01953125,5277.509765625,38686.3203125,67706.9375,81.62000274658203
2024-06-02,16228.0,6970.73583984375,2322.89990234375,76.98999786376953,16735.01953125,5277.509765625,38686.3203125,67751.6015625,81.62000274658203
2024-06-03,16243.0,7036.19091796875,2346.60009765625,74.22000122070312,16828.669921875,5283.39990234375,38571.03125,68804.78125,78.36000061035156
2024-06-04,16203.0,7099.31201171875,2325.5,73.25,16857.05078125,5291.33984375,38711.2890625,70567.765625,77.5199966430664
2024-06-05,16276.0,6947.669921875,2354.10009765625,74.06999969482422,17187.900390625,5354.02978515625,38807.328125,71082.8203125,78.41000366210938
2024-06-06,16315.0,6974.89697265625,2370.300048828125,75.55000305175781,17173.119140625,5352.9599609375,38886.171875,70757.1640625,79.87000274658203
2024-06-07,16241.7001953125,6897.9501953125,2305.199951171875,75.52999877929688,17133.130859375,5346.990234375,38798.98828125,69342.5859375,79.62000274658203
2024-06-08,16241.7001953125,6897.9501953125,2305.199951171875,75.52999877929688,17133.130859375,5346.990234375,38798.98828125,69305.7734375,79.62000274658203
2024-06-09,16241.7001953125,6897.9501953125,2305.199951171875,75.52999877929688,17133.130859375,5346.990234375,38798.98828125,69647.9921875,79.62000274658203
2024-06-10,16270.0,6921.5478515625,2307.699951171875,77.73999786376953,17192.529296875,5360.7900390625,38868.0390625,69512.28125,81.62999725341797
2024-06-11,16312.0,6855.69091796875,2307.5,77.9000015258789,17343.55078125,5375.31982421875,38747.421875,67332.03125,81.91999816894531
2024-06-12,16305.400390625,6850.09716796875,2336.0,78.5,17608.439453125,5421.02978515625,38712.2109375,68241.1875,82.5999984741211
2024-06-13,16230.0,6831.56396484375,2300.199951171875,78.62000274658203,17667.560546875,5433.740234375,38647.1015625,66756.3984375,82.75
2024-06-14,16286.0,6734.83203125,2331.39990234375,78.44999694824219,17688.880859375,5431.60009765625,38589.16015625,66011.09375,82.62000274658203
2024-06-15,16286.0,6734.83203125,2331.39990234375,78.44999694824219,17688.880859375,5431.60009765625,38589.16015625,66191.0,82.62000274658203
2024-06-16,16286.0,6734.83203125,2331.39990234375,78.44999694824219,17688.880859375,5431.60009765625,38589.16015625,66639.046875,82.62000274658203
2024-06-17,16479.900390625,6734.83203125,2312.39990234375,80.33000183105469,17857.01953125,5473.22998046875,38778.1015625,66490.296875,84.25
2024-06-18,16479.0,6734.83203125,2330.39990234375,81.56999969482422,17862.23046875,5487.02978515625,38834.859375,65140.74609375,85.33000183105469
2024-06-19,16379.0,6726.9189453125,2330.39990234375,81.56999969482422,17862.23046875,5487.02978515625,38834.859375,64960.296875,85.33000183105469
2024-06-20,16380.900390625,6819.32080078125,2353.800048828125,82.16999816894531,17721.58984375,5473.169921875,39134.76171875,64828.65625,85.70999908447266
2024-06-21,16491.900390625,6879.97802734375,2316.39990234375,80.7300033569336,17689.359375,5464.6201171875,39150.328125,64096.19921875,85.23999786376953
2024-06-22,16491.900390625,6879.97802734375,2316.39990234375,80.7300033569336,17689.359375,5464.6201171875,39150.328125,64252.578125,85.23999786376953
2024-06-23,16491.900390625,6879.97802734375,2316.39990234375,80.7300033569336,17689.359375,5464.6201171875,39150.328125,63180.796875,85.23999786376953
2024-06-24,16443.0,6889.1650390625,2330.0,81.62999725341797,17496.8203125,5447.8701171875,39411.2109375,60277.4140625,86.01000213623047
2024-06-25,16394.099609375,6882.7041015625,2316.60009765625,80.83000183105469,17717.650390625,5469.2998046875,39112.16015625,61804.640625,85.01000213623047
2024-06-26,16401.0,6905.64208984375,2299.199951171875,80.9000015258789,17805.16015625,5477.89990234375,39127.80078125,60811.27734375,85.25
2024-06-27,16434.0,6967.951171875,2324.5,81.73999786376953,17858.6796875,5482.8701171875,39164.05859375,61604.80078125,86.38999938964844
2024-06-28,16374.400390625,7063.5771484375,2327.699951171875,81.54000091552734,17732.599609375,5460.47998046875,39118.859375,60320.13671875,86.41000366210938
2024-06-29,16374.400390625,7063.5771484375,2327.699951171875,81.54000091552734,17732.599609375,5460.47998046875,39118.859375,60887.37890625,86.41000366210938
2024-06-30,16374.400390625,7063.5771484375,2327.699951171875,81.54000091552734,17732.599609375,5460.47998046875,39118.859375,62678.29296875,86.41000366210938
2024-07-01,16343.0,7139.6259765625,2327.60009765625,83.37999725341797,17879.30078125,5475.08984375,39169.51953125,62851.98046875,86.5999984741211
2024-07-02,16390.0,7125.14208984375,2323.0,82.80999755859375,18028.759765625,5509.009765625,39331.8515625,62029.015625,86.23999786376953
2024-07-03,16391.0,7196.7548828125,2359.800048828125,83.87999725341797,18188.30078125,5537.02001953125,39308.0,60173.921875,87.33999633789062
2024-07-04,16340.0,7220.88916015625,2359.800048828125,83.87999725341797,18188.30078125,5537.02001953125,39308.0,56977.703125,87.33999633789062
2024-07-05,16328.5,7253.3720703125,2388.5,83.16000366210938,18352.759765625,5567.18994140625,39375.87109375,56662.375,86.54000091552734
2024-07-06,16328.5,7253.3720703125,2388.5,83.16000366210938,18352.759765625,5567.18994140625,39375.87109375,58303.5390625,86.54000091552734
2024-07-07,16328.5,7253.3720703125,2388.5,83.16000366210938,18352.759765625,5567.18994140625,39375.87109375,55849.109375,86.54000091552734
2024-07-08,16245.0,7250.97705078125,2355.199951171875,82.33000183105469,18403.740234375,5572.85009765625,39344.7890625,56705.09765625,85.75
2024-07-09,16277.2001953125,7269.80078125,2360.10009765625,81.41000366210938,18429.2890625,5576.97998046875,39291.96875,58009.2265625,84.66000366210938
2024-07-10,16277.0,7287.0419921875,2372.199951171875,82.0999984741211,18647.44921875,5633.91015625,39721.359375,57742.49609375,85.08000183105469
2024-07-11,16198.0,7300.4072265625,2415.0,82.62000274658203,18283.41015625,5584.5400390625,39753.75,57344.9140625,85.4000015258789
2024-07-12,16104.0,7327.580078125,2414.0,82.20999908447266,18398.44921875,5615.35009765625,40000.8984375,57899.46484375,85.02999877929688
2024-07-13,16104.0,7327.580078125,2414.0,82.20999908447266,18398.44921875,5615.35009765625,40000.8984375,59231.953125,85.02999877929688
2024-07-14,16104.0,7327.580078125,2414.0,82.20999908447266,18398.44921875,5615.35009765625,40000.8984375,60787.79296875,85.02999877929688
2024-07-15,16108.0,7278.86279296875,2422.89990234375,81.91000366210938,18472.5703125,5631.22021484375,40211.71875,64870.15234375,84.8499984741211
2024-07-16,16195.0,7224.29296875,2462.39990234375,80.76000213623047,18509.33984375,5667.2001953125,40954.48046875,65097.1484375,83.7300033569336
2024-07-17,16173.0,7224.2177734375,2454.800048828125,82.8499984741211,17996.919921875,5588.27001953125,41198.078125,64118.79296875,85.08000183105469
2024-07-18,16138.0,7321.07080078125,2451.800048828125,82.81999969482422,17871.220703125,5544.58984375,40665.01953125,63974.06640625,85.11000061035156
2024-07-19,16185.0,7294.4951171875,2395.5,80.12999725341797,17726.939453125,5505.0,40287.53125,66710.15625,82.62999725341797
2024-07-20,16185.0,7294.4951171875,2395.5,80.12999725341797,17726.939453125,5505.0,40287.53125,67163.6484375,82.62999725341797
2024-07-21,16185.0,7294.4951171875,2395.5,80.12999725341797,17726.939453125,5505.0,40287.53125,68154.5234375,82.62999725341797
2024-07-22,16206.0,7321.97607421875,2392.0,79.77999877929688,18007.5703125,5564.41015625,40415.44140625,67585.25,82.4000015258789
2024-07-23,16220.2001953125,7313.85693359375,2404.60009765625,76.95999908447266,17997.349609375,5555.740234375,40358.08984375,65927.671875,81.01000213623047
2024-07-24,16222.0,7262.7587890625,2413.300048828125,77.58999633789062,17342.41015625,5427.1298828125,39853.87109375,65372.1328125,81.70999908447266
2024-07-25,16246.0,7240.27685546875,2351.89990234375,78.27999877929688,17181.720703125,5399.22021484375,39935.0703125,65777.2265625,82.37000274658203
2024-07-26,16337.7998046875,7288.1669921875,2380.0,77.16000366210938,17357.880859375,5459.10009765625,40589.33984375,67912.0625,81.12999725341797
2024-07-27,16337.7998046875,7288.1669921875,2380.0,77.16000366210938,17357.880859375,5459.10009765625,40589.33984375,67813.3359375,81.12999725341797
2024-07-28,16337.7998046875,7288.1669921875,2380.0,77.16000366210938,17357.880859375,5459.10009765625,40589.33984375,68255.8671875,81.12999725341797
2024-07-29,16283.0,7288.89697265625,2377.300048828125,75.80999755859375,17370.19921875,5463.5400390625,40539.9296875,66819.9140625,79.77999877929688
2024-07-30,16301.7001953125,7241.86376953125,2405.0,74.7300033569336,17147.419921875,5436.43994140625,40743.328125,66201.015625,78.62999725341797
2024-07-31,16328.5,7255.76220703125,2426.5,77.91000366210938,17599.400390625,5522.2998046875,40842.7890625,64619.25,80.72000122070312
2024-08-01,16255.0,7325.98486328125,2435.0,76.30999755859375,17194.150390625,5446.68017578125,40347.96875,65357.5,79.5199966430664
2024-08-02,16281.0,7308.123046875,2425.699951171875,73.5199966430664,16776.16015625,5346.56005859375,39737.26171875,61415.06640625,76.80999755859375
2024-08-03,16281.0,7308.123046875,2425.699951171875,73.5199966430664,16776.16015625,5346.56005859375,39737.26171875,60680.09375,76.80999755859375
2024-08-04,16281.0,7308.123046875,2425.699951171875,73.5199966430664,16776.16015625,5346.56005859375,39737.26171875,58116.9765625,76.80999755859375
2024-08-05,16012.0,7059.65283203125,2401.699951171875,72.94000244140625,16200.080078125,5186.330078125,38703.26953125,53991.45703125,76.30000305175781
2024-08-06,16208.0,7129.21484375,2389.10009765625,73.19999694824219,16366.849609375,5240.02978515625,38997.66015625,56034.31640625,76.4800033569336
2024-08-07,16152.2998046875,7212.130859375,2390.5,75.2300033569336,16195.8095703125,5199.5,38763.44921875,55027.4609375,78.33000183105469
2024-08-08,16023.0,7195.12109375,2422.199951171875,76.19000244140625,16660.01953125,5319.31005859375,39446.48828125,61710.13671875,79.16000366210938
2024-08-09,15979.0,7256.99609375,2432.10009765625,76.83999633789062,16745.30078125,5344.16015625,39497.5390625,60880.11328125,79.66000366210938
2024-08-10,15979.0,7256.99609375,2432.10009765625,76.83999633789062,16745.30078125,5344.16015625,39497.5390625,60945.8125,79.66000366210938
2024-08-11,15979.0,7256.99609375,2432.10009765625,76.83999633789062,16745.30078125,5344.16015625,39497.5390625,58719.484375,79.66000366210938
2024-08-12,15918.0,7297.625,2462.39990234375,80.05999755859375,16780.609375,5344.39013671875,39357.01171875,59354.515625,82.30000305175781
2024-08-13,15949.099609375,7356.63818359375,2466.699951171875,78.3499984741211,17187.609375,5434.43017578125,39765.640625,60609.56640625,80.69000244140625
2024-08-14,15749.0,7436.0390625,2439.39990234375,76.9800033569336,17192.599609375,5455.2099609375,40008.390625,58737.26953125,79.76000213623047
2024-08-15,15619.5,7409.5009765625,2453.10009765625,78.16000366210938,17594.5,5543.22021484375,40563.05859375,57560.09765625,81.04000091552734
2024-08-16,15755.0,7432.08984375,2498.60009765625,76.6500015258789,17631.720703125,5554.25,40659.76171875,58894.10546875,79.68000030517578
2024-08-17,15755.0,7432.08984375,2498.60009765625,76.6500015258789,17631.720703125,5554.25,40659.76171875,59478.97265625,79.68000030517578
2024-08-18,15755.0,7432.08984375,2498.60009765625,76.6500015258789,17631.720703125,5554.25,40659.76171875,58483.96484375,79.68000030517578
2024-08-19,15683.0,7466.8310546875,2501.800048828125,74.37000274658203,17876.76953125,5608.25,40896.53125,59493.453125,77.66000366210938
2024-08-20,15523.0,7533.98486328125,2511.300048828125,74.04000091552734,17816.939453125,5597.1201171875,40834.96875,59012.79296875,77.19999694824219
2024-08-21,15442.0,7554.5927734375,2508.39990234375,71.93000030517578,17918.990234375,5620.85009765625,40890.48828125,61175.19140625,76.05000305175781
2024-08-22,15484.0,7488.67578125,2478.89990234375,73.01000213623047,17619.349609375,5570.64013671875,40712.78125,60381.9140625,77.22000122070312
2024-08-23,15728.5,7544.2978515625,2508.39990234375,74.83000183105469,17877.7890625,5634.60986328125,41175.078125,64094.35546875,79.0199966430664
2024-08-24,15728.5,7544.2978515625,2508.39990234375,74.83000183105469,17877.7890625,5634.60986328125,41175.078125,64178.9921875,79.0199966430664
2024-08-25,15728.5,7544.2978515625,2508.39990234375,74.83000183105469,17877.7890625,5634.60986328125,41175.078125,64333.54296875,79.0199966430664
2024-08-26,15377.2001953125,7606.19482421875,2517.699951171875,77.41999816894531,17725.76953125,5616.83984375,41240.51953125,62880.66015625,81.43000030517578
2024-08-27,15462.599609375,7597.880859375,2516.0,75.52999877929688,17754.8203125,5625.7998046875,41250.5,59504.1328125,79.55000305175781
2024-08-28,15467.099609375,7658.875,2501.0,74.5199966430664,17556.029296875,5592.18017578125,41091.421875,59027.625,78.6500015258789
2024-08-29,15440.0,7627.60400390625,2525.699951171875,75.91000366210938,17516.4296875,5591.9599609375,41335.05078125,59388.1796875,79.94000244140625
2024-08-30,15444.7998046875,7670.73291015625,2493.800048828125,73.55000305175781,17713.619140625,5648.39990234375,41563.078125,59119.4765625,78.80000305175781
2024-08-31,15444.7998046875,7670.73291015625,2493.800048828125,73.55000305175781,17713.619140625,5648.39990234375,41563.078125,58969.8984375,78.80000305175781
2024-09-01,15444.7998046875,7670.73291015625,2493.800048828125,73.55000305175781,17713.619140625,5648.39990234375,41563.078125,57325.48828125,78.80000305175781
2024-09-02,15525.0,7694.52978515625,2493.800048828125,73.55000305175781,17713.619140625,5648.39990234375,41563.078125,59112.48046875,78.80000305175781
2024-09-03,15520.099609375,7616.52099609375,2489.89990234375,70.33999633789062,17136.30078125,5528.93017578125,40936.9296875,57431.0234375,73.75
2024-09-04,15532.900390625,7672.89599609375,2493.39990234375,69.19999694824219,17084.30078125,5520.06982421875,40974.96875,57971.5390625,72.69999694824219
2024-09-05,15444.400390625,7681.04296875,2511.39990234375,69.1500015258789,17127.66015625,5503.41015625,40755.75,56160.48828125,72.69000244140625
2024-09-06,15417.0,7721.84619140625,2493.5,67.66999816894531,16690.830078125,5408.419921875,40345.41015625,53948.75390625,71.05999755859375
2024-09-07,15417.0,7721.84619140625,2493.5,67.66999816894531,16690.830078125,5408.419921875,40345.41015625,54139.6875,71.05999755859375
2024-09-08,15417.0,7721.84619140625,2493.5,67.66999816894531,16690.830078125,5408.419921875,40345.41015625,54841.56640625,71.05999755859375
2024-09-09,15405.0,7702.73876953125,2501.800048828125,68.70999908447266,16884.599609375,5471.0498046875,40829.58984375,57019.53515625,71.83999633789062
2024-09-10,15456.7998046875,7761.38818359375,2512.300048828125,65.75,17025.880859375,5495.52001953125,40736.9609375,57648.7109375,69.19000244140625
2024-09-11,15489.0,7760.955078125,2512.10009765625,67.30999755859375,17395.529296875,5554.1298828125,40861.7109375,57343.171875,70.61000061035156
2024-09-12,15437.0,7798.15380859375,2551.199951171875,68.97000122070312,17569.6796875,5595.759765625,41096.76953125,58127.01171875,71.97000122070312
2024-09-13,15418.7001953125,7812.130859375,2581.300048828125,68.6500015258789,17683.98046875,5626.02001953125,41393.78125,60571.30078125,71.61000061035156
2024-09-14,15418.7001953125,7812.130859375,2581.300048828125,68.6500015258789,17683.98046875,5626.02001953125,41393.78125,60005.12109375,71.61000061035156
2024-09-15,15418.7001953125,7812.130859375,2581.300048828125,68.6500015258789,17683.98046875,5626.02001953125,41393.78125,59182.8359375,71.61000061035156
2024-09-16,15393.0,7812.130859375,2580.39990234375,70.08999633789062,17592.130859375,5633.08984375,41622.078125,58192.5078125,72.75
2024-09-17,15385.0,7831.77880859375,2564.300048828125,71.19000244140625,17628.060546875,5634.580078125,41606.1796875,60308.5390625,73.69999694824219
2024-09-18,15345.0,7829.134765625,2570.699951171875,70.91000366210938,17573.30078125,5618.259765625,41503.1015625,61649.6796875,73.6500015258789
2024-09-19,15300.2001953125,7905.39013671875,2588.0,71.94999694824219,18013.98046875,5713.64013671875,42025.19140625,62940.45703125,74.87999725341797
2024-09-20,15197.599609375,7743.00390625,2619.89990234375,71.91999816894531,17948.3203125,5702.5498046875,42063.359375,63192.9765625,74.48999786376953
2024-09-21,15197.599609375,7743.00390625,2619.89990234375,71.91999816894531,17948.3203125,5702.5498046875,42063.359375,63394.83984375,74.48999786376953
2024-09-22,15197.599609375,7743.00390625,2619.89990234375,71.91999816894531,17948.3203125,5702.5498046875,42063.359375,63648.7109375,74.48999786376953
2024-09-23,15154.0,7775.73095703125,2626.5,70.37000274658203,17974.26953125,5718.56982421875,42124.6484375,63329.80078125,73.9000015258789
2024-09-24,15174.099609375,7778.4912109375,2651.199951171875,71.55999755859375,18074.51953125,5732.93017578125,42208.21875,64301.96875,75.16999816894531
2024-09-25,15121.099609375,7740.90185546875,2659.199951171875,69.69000244140625,18082.2109375,5722.259765625,41914.75,63143.14453125,73.45999908447266
2024-09-26,15201.5,7744.51611328125,2669.89990234375,67.66999816894531,18190.2890625,5745.3701171875,42175.109375,65181.01953125,71.5999984741211
2024-09-27,15070.0,7696.916015625,2644.300048828125,68.18000030517578,18119.58984375,5738.169921875,42313.0,65790.6640625,71.9800033569336
2024-09-28,15070.0,7696.916015625,2644.300048828125,68.18000030517578,18119.58984375,5738.169921875,42313.0,65887.6484375,71.9800033569336
2024-09-29,15070.0,7696.916015625,2644.300048828125,68.18000030517578,18119.58984375,5738.169921875,42313.0,65635.3046875,71.9800033569336
2024-09-30,15118.0,7527.92919921875,2636.10009765625,68.16999816894531,18189.169921875,5762.47998046875,42330.1484375,63329.5,71.7699966430664
2024-10-01,15170.599609375,7642.1328125,2667.300048828125,69.83000183105469,17910.359375,5708.75,42156.96875,60837.0078125,73.55999755859375
2024-10-02,15260.599609375,7563.26220703125,2647.10009765625,70.0999984741211,17925.119140625,5709.5400390625,42196.51953125,60632.78515625,73.9000015258789
2024-10-03,15324.0,7543.828125,2657.10009765625,73.70999908447266,17918.48046875,5699.93994140625,42011.58984375,60759.40234375,77.62000274658203
2024-10-04,15457.0,7496.0908203125,2645.800048828125,74.37999725341797,18137.849609375,5751.06982421875,42352.75,62067.4765625,78.05000305175781
2024-10-05,15457.0,7496.0908203125,2645.800048828125,74.37999725341797,18137.849609375,5751.06982421875,42352.75,62089.94921875,78.05000305175781
2024-10-06,15457.0,7496.0908203125,2645.800048828125,74.37999725341797,18137.849609375,5751.06982421875,42352.75,62818.953125,78.05000305175781
2024-10-07,15650.0,7504.134765625,2644.800048828125,77.13999938964844,17923.900390625,5695.93994140625,41954.23828125,62236.66015625,80.93000030517578
2024-10-08,15744.0,7557.14208984375,2615.0,73.56999969482422,18182.919921875,5751.1298828125,42080.37109375,62131.96875,77.18000030517578
2024-10-09,15682.400390625,7501.28515625,2606.0,73.23999786376953,18291.619140625,5792.0400390625,42512.0,60582.1015625,76.58000183105469
2024-10-10,15664.599609375,7480.080078125,2620.60009765625,75.8499984741211,18282.05078125,5780.0498046875,42454.12109375,60274.5,79.4000015258789
2024-10-11,15670.900390625,7520.60205078125,2657.60009765625,75.55999755859375,18342.939453125,5815.02978515625,42863.859375,62445.08984375,79.04000091552734
2024-10-12,15670.900390625,7520.60205078125,2657.60009765625,75.55999755859375,18342.939453125,5815.02978515625,42863.859375,63193.0234375,79.04000091552734
2024-10-13,15670.900390625,7520.60205078125,2657.60009765625,75.55999755859375,18342.939453125,5815.02978515625,42863.859375,62851.375,79.04000091552734
2024-10-14,15562.0,7559.65478515625,2647.800048828125,73.83000183105469,18502.689453125,5859.85009765625,43065.21875,66046.125,77.45999908447266
2024-10-15,15573.0,7626.951171875,2661.39990234375,70.58000183105469,18315.58984375,5815.259765625,42740.421875,67041.109375,74.25
2024-10-16,15578.599609375,7648.93994140625,2674.0,70.38999938964844,18367.080078125,5842.47021484375,43077.69921875,67612.71875,74.22000122070312
2024-10-17,15583.900390625,7735.0390625,2691.0,70.66999816894531,18373.609375,5841.47021484375,43239.05078125,67399.8359375,74.44999694824219
2024-10-18,15493.0,7760.06005859375,2713.699951171875,69.22000122070312,18489.55078125,5864.669921875,43275.91015625,68418.7890625,73.05999755859375
2024-10-19,15493.0,7760.06005859375,2713.699951171875,69.22000122070312,18489.55078125,5864.669921875,43275.91015625,68362.734375,73.05999755859375
2024-10-20,15493.0,7760.06005859375,2713.699951171875,69.22000122070312,18489.55078125,5864.669921875,43275.91015625,69001.703125,73.05999755859375
2024-10-21,15467.0,7772.59619140625,2723.10009765625,70.55999755859375,18540.009765625,5853.97998046875,42931.6015625,67367.8515625,74.29000091552734
2024-10-22,15556.0,7788.98291015625,2744.199951171875,72.08999633789062,18579.76953125,5851.2001953125,42924.890625,67361.40625,76.04000091552734
2024-10-23,15586.0,7787.56494140625,2714.39990234375,70.7699966430664,18276.650390625,5797.419921875,42514.94921875,66432.1953125,74.95999908447266
2024-10-24,15663.0,7716.548828125,2734.89990234375,70.19000244140625,18415.490234375,5809.85986328125,42374.359375,68161.0546875,74.37999725341797
2024-10-25,15621.5,7694.66015625,2740.89990234375,71.77999877929688,18518.609375,5808.1201171875,42114.3984375,66642.4140625,76.05000305175781
2024-10-26,15621.5,7694.66015625,2740.89990234375,71.77999877929688,18518.609375,5808.1201171875,42114.3984375,67014.6953125,76.05000305175781
2024-10-27,15621.5,7694.66015625,2740.89990234375,71.77999877929688,18518.609375,5808.1201171875,42114.3984375,67929.296875,76.05000305175781
2024-10-28,15688.099609375,7634.630859375,2742.89990234375,67.37999725341797,18567.189453125,5823.52001953125,42387.5703125,69907.7578125,71.41999816894531
2024-10-29,15747.0,7606.60009765625,2768.39990234375,67.20999908447266,18712.75,5832.919921875,42233.05078125,72720.4921875,71.12000274658203
2024-10-30,15768.0,7569.85009765625,2788.5,68.61000061035156,18607.9296875,5813.669921875,42141.5390625,72339.5390625,72.55000305175781
2024-10-31,15695.5,7574.01904296875,2738.300048828125,69.26000213623047,18095.150390625,5705.4501953125,41763.4609375,70215.1875,73.16000366210938
2024-11-01,15713.0,7505.2568359375,2738.60009765625,69.48999786376953,18239.919921875,5728.7998046875,42052.19140625,69482.46875,73.0999984741211
2024-11-02,15713.0,7505.2568359375,2738.60009765625,69.48999786376953,18239.919921875,5728.7998046875,42052.19140625,69289.2734375,73.0999984741211
2024-11-03,15713.0,7505.2568359375,2738.60009765625,69.48999786376953,18239.919921875,5728.7998046875,42052.19140625,68741.1171875,73.0999984741211
2024-11-04,15842.0,7479.5029296875,2736.10009765625,71.47000122070312,18179.98046875,5712.68994140625,41794.6015625,67811.5078125,75.08000183105469
2024-11-05,15790.0,7491.93115234375,2740.300048828125,71.98999786376953,18439.169921875,5782.759765625,42221.87890625,69359.5625,75.52999877929688
2024-11-06,15665.0,7383.8681640625,2667.60009765625,71.69000244140625,18983.470703125,5929.0400390625,43729.9296875,75639.078125,74.91999816894531
2024-11-07,15818.2001953125,7243.85986328125,2698.39990234375,72.36000061035156,19269.4609375,5973.10009765625,43729.33984375,75904.859375,75.62999725341797
2024-11-08,15558.0,7287.19091796875,2687.5,70.37999725341797,19286.779296875,5995.5400390625,43988.98828125,76545.4765625,73.87000274658203
2024-11-09,15558.0,7287.19091796875,2687.5,70.37999725341797,19286.779296875,5995.5400390625,43988.98828125,76778.8671875,73.87000274658203
2024-11-10,15558.0,7287.19091796875,2687.5,70.37999725341797,19286.779296875,5995.5400390625,43988.98828125,80474.1875,73.87000274658203
2024-11-11,15647.2001953125,7266.4599609375,2611.199951171875,68.04000091552734,19298.759765625,6001.35009765625,44293.12890625,88701.484375,71.83000183105469
2024-11-12,15765.0,7321.98583984375,2600.0,68.12000274658203,19281.400390625,5983.990234375,43910.98046875,87955.8125,71.88999938964844
2024-11-13,15788.900390625,7308.6708984375,2580.800048828125,68.43000030517578,19230.720703125,5985.3798828125,43958.19140625,90584.1640625,72.27999877929688
2024-11-14,15847.2001953125,7214.56103515625,2568.199951171875,68.69999694824219,19107.650390625,5949.169921875,43750.859375,87250.4296875,72.55999755859375
2024-11-15,15933.2998046875,7161.2578125,2565.699951171875,67.0199966430664,18680.119140625,5870.6201171875,43444.98828125,91066.0078125,71.04000091552734
2024-11-16,15933.2998046875,7161.2578125,2565.699951171875,67.0199966430664,18680.119140625,5870.6201171875,43444.98828125,90558.4765625,71.04000091552734
2024-11-17,15933.2998046875,7161.2578125,2565.699951171875,67.0199966430664,18680.119140625,5870.6201171875,43444.98828125,89845.8515625,71.04000091552734
2024-11-18,15891.2998046875,7134.27685546875,2610.60009765625,69.16000366210938,18791.810546875,5893.6201171875,43389.6015625,90542.640625,73.30000305175781
2024-11-19,15806.099609375,7195.71484375,2627.10009765625,69.38999938964844,18987.470703125,5916.97998046875,43268.94140625,92343.7890625,73.30999755859375
2024-11-20,15817.099609375,7180.3349609375,2648.199951171875,68.87000274658203,18966.140625,5917.10986328125,43408.46875,94339.4921875,72.80999755859375
2024-11-21,15913.0,7140.912109375,2672.10009765625,70.0999984741211,18972.419921875,5948.7099609375,43870.3515625,98504.7265625,74.2300033569336
2024-11-22,15816.900390625,7195.56494140625,2709.89990234375,71.23999786376953,19003.650390625,5969.33984375,44296.51171875,98997.6640625,75.16999816894531
2024-11-23,15816.900390625,7195.56494140625,2709.89990234375,71.23999786376953,19003.650390625,5969.33984375,44296.51171875,97777.28125,75.16999816894531
2024-11-24,15816.900390625,7195.56494140625,2709.89990234375,71.23999786376953,19003.650390625,5969.33984375,44296.51171875,98013.8203125,75.16999816894531
2024-11-25,15940.0,7314.10791015625,2616.800048828125,68.94000244140625,19054.83984375,5987.3701171875,44736.5703125,93102.296875,73.01000213623047
2024-11-26,15901.2001953125,7245.88818359375,2620.300048828125,68.7699966430664,19174.30078125,6021.6298828125,44860.30859375,91985.3203125,72.80999755859375
2024-11-27,15930.0,7245.88818359375,2639.89990234375,68.72000122070312,19060.48046875,5998.740234375,44722.05859375,95962.53125,72.83000183105469
2024-11-28,15863.5,7200.1572265625,2639.89990234375,68.72000122070312,19060.48046875,5998.740234375,44722.05859375,95652.46875,72.83000183105469
2024-11-29,15878.0,7114.26611328125,2657.0,68.0,19218.169921875,6032.3798828125,44910.6484375,97461.5234375,72.94000244140625
2024-11-30,15878.0,7114.26611328125,2657.0,68.0,19218.169921875,6032.3798828125,44910.6484375,96449.0546875,72.94000244140625
2024-12-01,15878.0,7114.26611328125,2657.0,68.0,19218.169921875,6032.3798828125,44910.6484375,97279.7890625,72.94000244140625
2024-12-02,15829.0,7046.98583984375,2634.89990234375,68.0999984741211,19403.94921875,6047.14990234375,44782.0,95865.3046875,71.83000183105469
2024-12-03,15910.0,7196.01708984375,2644.699951171875,69.94000244140625,19480.91015625,6049.8798828125,44705.53125,96002.1640625,73.62000274658203
2024-12-04,15940.0,7326.76416015625,2653.800048828125,68.54000091552734,19735.119140625,6086.490234375,45014.0390625,98768.53125,72.30999755859375
2024-12-05,15906.599609375,7313.31298828125,2626.60009765625,68.30000305175781,19700.259765625,6075.10986328125,44765.7109375,96593.5703125,72.08999633789062
2024-12-06,15839.7998046875,7382.78515625,2638.60009765625,67.19999694824219,19859.76953125,6090.27001953125,44642.51953125,99920.7109375,71.12000274658203
2024-12-07,15839.7998046875,7382.78515625,2638.60009765625,67.19999694824219,19859.76953125,6090.27001953125,44642.51953125,99923.3359375,71.12000274658203
2024-12-08,15839.7998046875,7382.78515625,2638.60009765625,67.19999694824219,19859.76953125,6090.27001953125,44642.51953125,101236.015625,71.12000274658203
2024-12-09,15825.7998046875,7437.73095703125,2664.89990234375,68.37000274658203,19736.689453125,6052.85009765625,44401.9296875,97432.71875,72.13999938964844
2024-12-10,15864.0,7453.287109375,2697.60009765625,68.58999633789062,19687.240234375,6034.91015625,44247.828125,96675.4296875,72.19000244140625
2024-12-11,15908.0,7464.751953125,2733.800048828125,70.29000091552734,20034.890625,6084.18994140625,44148.55859375,101173.03125,73.5199966430664
2024-12-12,15963.0,7394.23779296875,2687.5,70.0199966430664,19902.83984375,6051.25,43914.12109375,100043.0,73.41000366210938
2024-12-13,15967.400390625,7324.7890625,2656.0,71.29000091552734,19926.720703125,6051.08984375,43828.05859375,101459.2578125,74.48999786376953
2024-12-14,15967.400390625,7324.7890625,2656.0,71.29000091552734,19926.720703125,6051.08984375,43828.05859375,101372.96875,74.48999786376953
2024-12-15,15967.400390625,7324.7890625,2656.0,71.29000091552734,19926.720703125,6051.08984375,43828.05859375,104298.6953125,74.48999786376953
2024-12-16,16025.7998046875,7258.630859375,2651.39990234375,70.70999908447266,20173.890625,6074.080078125,43717.48046875,106029.71875,73.91000366210938
2024-12-17,15955.0,7157.73193359375,2644.39990234375,70.08000183105469,20109.060546875,6050.60986328125,43449.8984375,106140.6015625,73.19000244140625
2024-12-18,15926.2001953125,7107.875,2636.5,70.58000183105469,19392.689453125,5872.16015625,42326.87109375,100041.5390625,73.38999938964844
2024-12-19,16145.2998046875,6977.23779296875,2592.199951171875,69.91000366210938,19372.76953125,5867.080078125,42342.23828125,97490.953125,72.87999725341797
2024-12-20,15981.2998046875,6983.865234375,2628.699951171875,69.45999908447266,19572.599609375,5930.85009765625,42840.26171875,97755.9296875,72.94000244140625
2024-12-21,15981.2998046875,6983.865234375,2628.699951171875,69.45999908447266,19572.599609375,5930.85009765625,42840.26171875,97224.7265625,72.94000244140625
2024-12-22,15981.2998046875,6983.865234375,2628.699951171875,69.45999908447266,19572.599609375,5930.85009765625,42840.26171875,95104.9375,72.94000244140625
2024-12-23,16159.2998046875,7096.44482421875,2612.300048828125,69.23999786376953,19764.880859375,5974.06982421875,42906.94921875,94686.2421875,72.62999725341797
2024-12-24,16217.599609375,7065.74609375,2620.0,70.0999984741211,20031.130859375,6040.0400390625,43297.03125,98676.09375,73.58000183105469
2024-12-25,15970.7998046875,7065.74609375,2620.0,70.0999984741211,20031.130859375,6040.0400390625,43297.03125,99299.1953125,73.58000183105469
2024-12-26,15069.400390625,7065.74609375,2638.800048828125,69.62000274658203,20020.359375,6037.58984375,43325.80078125,95795.515625,73.26000213623047
2024-12-27,16189.0,7036.57080078125,2617.199951171875,70.5999984741211,19722.029296875,5970.83984375,42992.2109375,94164.859375,74.16999816894531
2024-12-28,16189.0,7036.57080078125,2617.199951171875,70.5999984741211,19722.029296875,5970.83984375,42992.2109375,95163.9296875,74.16999816894531
2024-12-29,16189.0,7036.57080078125,2617.199951171875,70.5999984741211,19722.029296875,5970.83984375,42992.2109375,93530.2265625,74.16999816894531
2024-12-30,16178.0,7079.90478515625,2606.10009765625,70.98999786376953,19486.7890625,5906.93994140625,42573.73046875,92643.2109375,74.38999938964844
2024-12-31,16085.599609375,7079.90478515625,2629.199951171875,71.72000122070312,19310.7890625,5881.6298828125,42544.21875,93429.203125,74.63999938964844
2025-01-01,16085.599609375,7079.90478515625,2629.199951171875,71.72000122070312,19310.7890625,5881.6298828125,42544.21875,94419.7578125,74.63999938964844
2025-01-02,16230.5,7163.205078125,2658.89990234375,73.12999725341797,19280.7890625,5868.5498046875,42392.26953125,96886.875,75.93000030517578
2025-01-03,16201.099609375,7164.42919921875,2645.0,73.95999908447266,19621.6796875,5942.47021484375,42732.12890625,98107.4296875,76.51000213623047
2025-01-04,16201.099609375,7164.42919921875,2645.0,73.95999908447266,19621.6796875,5942.47021484375,42732.12890625,98236.2265625,76.51000213623047
2025-01-05,16201.099609375,7164.42919921875,2645.0,73.95999908447266,19621.6796875,5942.47021484375,42732.12890625,98314.9609375,76.51000213623047
2025-01-06,16178.7998046875,7080.47412109375,2638.39990234375,73.55999755859375,19864.98046875,5975.3798828125,42706.55859375,102078.0859375,76.30000305175781
2025-01-07,16179.099609375,7083.2841796875,2656.699951171875,74.25,19489.6796875,5909.02978515625,42528.359375,96922.703125,77.05000305175781
2025-01-08,16157.7001953125,7080.35205078125,2664.5,73.31999969482422,19478.880859375,5918.25,42635.19921875,95043.5234375,76.16000366210938
2025-01-09,16187.599609375,7064.587890625,2683.800048828125,73.91999816894531,19478.880859375,5918.25,42635.19921875,92484.0390625,76.91999816894531
2025-01-10,16237.0,7088.8662109375,2708.5,76.56999969482422,19161.630859375,5827.0400390625,41938.44921875,94701.453125,79.76000213623047
2025-01-11,16237.0,7088.8662109375,2708.5,76.56999969482422,19161.630859375,5827.0400390625,41938.44921875,94566.59375,79.76000213623047
2025-01-12,16237.0,7088.8662109375,2708.5,76.56999969482422,19161.630859375,5827.0400390625,41938.44921875,94488.4375,79.76000213623047
2025-01-13,16268.0,7016.87890625,2673.5,78.81999969482422,19088.099609375,5836.22021484375,42297.12109375,94516.5234375,81.01000213623047
2025-01-14,16295.2001953125,6956.6650390625,2677.5,77.5,19044.390625,5842.91015625,42518.28125,96534.046875,79.91999816894531
2025-01-15,16320.0,7079.56201171875,2712.5,80.04000091552734,19511.23046875,5949.91015625,43221.55078125,100504.4921875,82.02999877929688
2025-01-16,16360.7998046875,7107.51904296875,2746.39990234375,78.68000030517578,19338.2890625,5937.33984375,43153.12890625,99756.90625,81.29000091552734
2025-01-17,16368.7998046875,7154.658203125,2744.300048828125,77.87999725341797,19630.19921875,5996.66015625,43487.828125,104462.0390625,80.79000091552734
2025-01-18,16368.7998046875,7154.658203125,2744.300048828125,77.87999725341797,19630.19921875,5996.66015625,43487.828125,104408.0703125,80.79000091552734
2025-01-19,16368.7998046875,7154.658203125,2744.300048828125,77.87999725341797,19630.19921875,5996.66015625,43487.828125,101089.609375,80.79000091552734
2025-01-20,16367.099609375,7170.73681640625,2744.300048828125,77.87999725341797,19630.19921875,5996.66015625,43487.828125,102016.6640625,80.79000091552734
2025-01-21,16245.0,7181.81982421875,2755.0,75.88999938964844,19756.779296875,6049.240234375,44025.80859375,106146.265625,79.29000091552734
2025-01-22,16330.7998046875,7257.1279296875,2767.60009765625,75.44000244140625,20009.33984375,6086.3701171875,44156.73046875,103653.0703125,79.0
2025-01-23,16232.7998046875,7232.64306640625,2763.10009765625,74.62000274658203,20053.6796875,6118.7099609375,44565.0703125,103960.171875,78.29000091552734
2025-01-24,16230.900390625,7166.05615234375,2777.300048828125,74.66000366210938,19954.30078125,6101.240234375,44424.25,104819.484375,78.5
2025-01-25,16230.900390625,7166.05615234375,2777.300048828125,74.66000366210938,19954.30078125,6101.240234375,44424.25,104714.6484375,78.5
2025-01-26,16230.900390625,7166.05615234375,2777.300048828125,74.66000366210938,19954.30078125,6101.240234375,44424.25,102682.5,78.5
2025-01-27,16164.900390625,7166.05615234375,2737.5,73.16999816894531,19341.830078125,6012.27978515625,44713.578125,102087.6875,77.08000183105469
2025-01-28,16155.599609375,7166.05615234375,2766.800048828125,73.7699966430664,19733.58984375,6067.7001953125,44850.3515625,101332.4765625,77.48999786376953
2025-01-29,15881.2001953125,7166.05615234375,2769.10009765625,72.62000274658203,19632.3203125,6039.31005859375,44713.51953125,103703.2109375,76.58000183105469
2025-01-30,16238.0,7073.47802734375,2823.0,72.7300033569336,19681.75,6071.169921875,44882.12890625,104735.3046875,76.87000274658203
2025-01-31,16274.5,7109.19580078125,2812.5,72.52999877929688,19627.439453125,6040.52978515625,44544.66015625,102405.0234375,76.76000213623047
2025-02-01,16274.5,7109.19580078125,2812.5,72.52999877929688,19627.439453125,6040.52978515625,44544.66015625,100655.90625,76.76000213623047
2025-02-02,16274.5,7109.19580078125,2812.5,72.52999877929688,19627.439453125,6040.52978515625,44544.66015625,97688.9765625,76.76000213623047
2025-02-03,16341.2998046875,7030.05810546875,2833.89990234375,73.16000366210938,19391.9609375,5994.56982421875,44421.91015625,101405.421875,75.95999908447266
2025-02-04,16320.0,7073.458984375,2853.300048828125,72.69999694824219,19654.01953125,6037.8798828125,44556.0390625,97871.8203125,76.19999694824219
2025-02-05,16299.099609375,7024.22802734375,2871.60009765625,71.02999877929688,19692.330078125,6061.47998046875,44873.28125,96615.4453125,74.61000061035156
2025-02-06,16298.099609375,6875.5361328125,2856.0,70.61000061035156,19791.990234375,6083.56982421875,44747.62890625,96593.296875,74.29000091552734
2025-02-07,16327.0,6742.576171875,2867.300048828125,71.0,19523.400390625,6025.990234375,44303.3984375,96529.0859375,74.66000366210938
2025-02-08,16327.0,6742.576171875,2867.300048828125,71.0,19523.400390625,6025.990234375,44303.3984375,96482.453125,74.66000366210938
2025-02-09,16327.0,6742.576171875,2867.300048828125,71.0,19523.400390625,6025.990234375,44303.3984375,96500.09375,74.66000366210938
2025-02-10,16314.7001953125,6648.14208984375,2914.300048828125,72.31999969482422,19714.26953125,6066.43994140625,44470.41015625,97437.5546875,75.87000274658203
2025-02-11,16330.099609375,6531.990234375,2912.5,73.31999969482422,19643.859375,6068.5,44593.6484375,95747.4296875,77.0
2025-02-12,16343.2998046875,6645.77783203125,2909.0,71.37000274658203,19649.94921875,6051.97021484375,44368.55859375,97885.859375,75.18000030517578
2025-02-13,16375.0,6613.56787109375,2925.89990234375,71.29000091552734,19945.640625,6115.06982421875,44711.4296875,96623.8671875,75.0199966430664
2025-02-14,16219.0,6638.458984375,2883.60009765625,70.73999786376953,20026.76953125,6114.6298828125,44546.078125,97508.96875,74.73999786376953
2025-02-15,16219.0,6638.458984375,2883.60009765625,70.73999786376953,20026.76953125,6114.6298828125,44546.078125,97580.3515625,74.73999786376953
2025-02-16,16219.0,6638.458984375,2883.60009765625,70.73999786376953,20026.76953125,6114.6298828125,44546.078125,96175.03125,74.73999786376953
2025-02-17,16173.0,6830.8818359375,2883.60009765625,70.73999786376953,20026.76953125,6114.6298828125,44546.078125,95773.3828125,74.73999786376953
2025-02-18,16220.0,6873.55419921875,2931.60009765625,71.8499984741211,20041.259765625,6129.580078125,44556.33984375,95539.546875,75.83999633789062
2025-02-19,16317.0,6794.8681640625,2919.39990234375,72.25,20056.25,6144.14990234375,44627.58984375,96635.609375,76.04000091552734
2025-02-20,16346.400390625,6788.0419921875,2940.0,72.56999969482422,19962.359375,6117.52001953125,44176.6484375,98333.9375,76.4800033569336
2025-02-21,16245.099609375,6803.0009765625,2937.60009765625,70.4000015258789,19524.009765625,6013.1298828125,43428.01953125,96125.546875,74.43000030517578
2025-02-22,16245.099609375,6803.0009765625,2937.60009765625,70.4000015258789,19524.009765625,6013.1298828125,43428.01953125,96577.7578125,74.43000030517578
2025-02-23,16245.099609375,6803.0009765625,2937.60009765625,70.4000015258789,19524.009765625,6013.1298828125,43428.01953125,96273.921875,74.43000030517578
2025-02-24,16278.0,6749.60107421875,2947.89990234375,70.69999694824219,19286.9296875,5983.25,43461.2109375,91418.171875,74.77999877929688
2025-02-25,16279.2998046875,6587.0869140625,2904.5,68.93000030517578,19026.390625,5955.25,43621.16015625,88736.171875,73.0199966430664
2025-02-26,16314.0,6606.17822265625,2916.800048828125,68.62000274658203,19075.259765625,5956.06005859375,43433.12109375,84347.0234375,72.52999877929688
2025-02-27,16367.400390625,6485.4482421875,2883.199951171875,70.3499984741211,18544.419921875,5861.56982421875,43239.5,84704.2265625,74.04000091552734
2025-02-28,16553.69921875,6270.59716796875,2836.800048828125,69.76000213623047,18847.279296875,5954.5,43840.91015625,84373.0078125,73.18000030517578
2025-03-01,16553.69921875,6270.59716796875,2836.800048828125,69.76000213623047,18847.279296875,5954.5,43840.91015625,86031.9140625,73.18000030517578
2025-03-02,16553.69921875,6270.59716796875,2836.800048828125,69.76000213623047,18847.279296875,5954.5,43840.91015625,94248.3515625,73.18000030517578
2025-03-03,16522.0,6519.658203125,2890.199951171875,68.37000274658203,18350.189453125,5849.72021484375,43191.23828125,86065.671875,71.62000274658203
2025-03-04,16451.19921875,6380.40087890625,2909.60009765625,68.26000213623047,18285.16015625,5778.14990234375,42520.98828125,87222.1953125,71.04000091552734
2025-03-05,16379.0,6531.39892578125,2915.300048828125,66.30999755859375,18552.73046875,5842.6298828125,43006.58984375,90623.5625,69.30000305175781
2025-03-06,16268.900390625,6617.84716796875,2916.60009765625,66.36000061035156,18069.259765625,5738.52001953125,42579.078125,89961.7265625,69.45999908447266
2025-03-07,16322.099609375,6636.0,2904.699951171875,67.04000091552734,18196.220703125,5770.2001953125,42801.71875,86742.671875,70.36000061035156
2025-03-08,16322.099609375,6636.0,2904.699951171875,67.04000091552734,18196.220703125,5770.2001953125,42801.71875,86154.59375,70.36000061035156
2025-03-09,16322.099609375,6636.0,2904.699951171875,67.04000091552734,18196.220703125,5770.2001953125,42801.71875,80601.0390625,70.36000061035156
2025-03-10,16292.599609375,6598.2119140625,2891.0,66.02999877929688,17468.3203125,5614.56005859375,41911.7109375,78532.0,69.27999877929688
2025-03-11,16324.0,6545.85009765625,2912.89990234375,66.25,17436.099609375,5572.06982421875,41433.48046875,82862.2109375,69.55999755859375
2025-03-12,16433.900390625,6665.044921875,2939.10009765625,67.68000030517578,17648.44921875,5599.2998046875,41350.9296875,83722.359375,70.94999694824219
2025-03-13,16305.599609375,6647.4169921875,2984.300048828125,66.55000305175781,17303.009765625,5521.52001953125,40813.5703125,81066.703125,69.87999725341797
2025-03-14,16259.2998046875,6515.630859375,2994.5,67.18000030517578,17754.08984375,5638.93994140625,41488.19140625,83969.1015625,70.58000183105469
2025-03-15,16259.2998046875,6515.630859375,2994.5,67.18000030517578,17754.08984375,5638.93994140625,41488.19140625,84343.109375,70.58000183105469
2025-03-16,16259.2998046875,6515.630859375,2994.5,67.18000030517578,17754.08984375,5638.93994140625,41488.19140625,82579.6875,70.58000183105469
2025-03-17,16321.0,6471.94677734375,3000.0,67.58000183105469,17808.66015625,5675.1201171875,41841.62890625,84075.6875,71.06999969482422
2025-03-18,16370.0,6223.38818359375,3035.10009765625,66.9000015258789,17504.119140625,5614.66015625,41581.30859375,82718.5,70.55999755859375
2025-03-19,16514.5,6311.66015625,3035.89990234375,67.16000366210938,17750.7890625,5675.2900390625,41964.62890625,86854.2265625,70.77999877929688
2025-03-20,16330.2998046875,6381.673828125,3040.0,68.26000213623047,17691.630859375,5662.89013671875,41953.3203125,84167.1953125,72.0
2025-03-21,16428.5,6258.17919921875,3018.199951171875,68.27999877929688,17784.05078125,5667.56005859375,41985.3515625,84043.2421875,72.16000366210938
2025-03-22,16428.5,6258.17919921875,3018.199951171875,68.27999877929688,17784.05078125,5667.56005859375,41985.3515625,83832.484375,72.16000366210938
2025-03-23,16428.5,6258.17919921875,3018.199951171875,68.27999877929688,17784.05078125,5667.56005859375,41985.3515625,86054.375,72.16000366210938
2025-03-24,16519.0,6161.2177734375,3013.10009765625,69.11000061035156,18188.58984375,5767.56982421875,42583.3203125,87498.9140625,73.0
2025-03-25,16575.80078125,6235.619140625,3023.699951171875,69.0,18271.859375,5776.64990234375,42587.5,87471.703125,73.0199966430664
2025-03-26,16621.0,6472.35595703125,3020.89990234375,69.6500015258789,17899.01953125,5712.2001953125,42454.7890625,86900.8828125,73.79000091552734
2025-03-27,16629.0,6510.6201171875,3060.199951171875,69.91999816894531,17804.029296875,5693.31005859375,42299.69921875,87177.1015625,74.02999877929688
2025-03-28,16560.900390625,6510.6201171875,3086.5,69.36000061035156,17322.990234375,5580.93994140625,41583.8984375,84353.1484375,73.62999725341797
2025-03-29,16560.900390625,6510.6201171875,3086.5,69.36000061035156,17322.990234375,5580.93994140625,41583.8984375,82597.5859375,73.62999725341797
2025-03-30,16560.900390625,6510.6201171875,3086.5,69.36000061035156,17322.990234375,5580.93994140625,41583.8984375,82334.5234375,73.62999725341797
2025-03-31,16575.0,6510.6201171875,3122.800048828125,71.4800033569336,17299.2890625,5611.85009765625,42001.76171875,82548.9140625,74.73999786376953
2025-04-01,16652.0,6510.6201171875,3118.89990234375,71.19999694824219,17449.890625,5633.06982421875,41989.9609375,85169.171875,74.48999786376953
2025-04-02,16731.400390625,6510.6201171875,3139.89990234375,71.70999908447266,17601.05078125,5670.97021484375,42225.3203125,82485.7109375,74.94999694824219
2025-04-03,16739.0,6510.6201171875,3097.0,66.94999694824219,16550.609375,5396.52001953125,40545.9296875,83102.828125,70.13999938964844
2025-04-04,16739.80078125,6510.6201171875,3012.0,61.9900016784668,15587.7900390625,5074.080078125,38314.859375,83843.8046875,65.58000183105469
2025-04-05,16739.80078125,6510.6201171875,3012.0,61.9900016784668,15587.7900390625,5074.080078125,38314.859375,83504.796875,65.58000183105469
2025-04-06,16739.80078125,6510.6201171875,3012.0,61.9900016784668,15587.7900390625,5074.080078125,38314.859375,78214.484375,65.58000183105469
2025-04-07,16738.0,6510.6201171875,2951.300048828125,60.70000076293945,15603.259765625,5062.25,37965.6015625,79235.3359375,64.20999908447266
2025-04-08,16855.69921875,5996.14208984375,2968.39990234375,59.58000183105469,15267.91015625,4982.77001953125,37645.58984375,76271.953125,62.81999969482422
2025-04-09,17051.900390625,5967.98779296875,3056.5,62.349998474121094,17124.970703125,5456.89990234375,40608.44921875,82573.953125,65.4800033569336
2025-04-10,16805.5,6254.02392578125,3155.199951171875,60.06999969482422,16387.310546875,5268.0498046875,39593.66015625,79626.140625,63.33000183105469
2025-04-11,16833.80078125,6262.22607421875,3222.199951171875,61.5,16724.4609375,5363.35986328125,40212.7109375,83404.8359375,64.76000213623047
2025-04-12,16833.80078125,6262.22607421875,3222.199951171875,61.5,16724.4609375,5363.35986328125,40212.7109375,85287.109375,64.76000213623047
2025-04-13,16833.80078125,6262.22607421875,3222.199951171875,61.5,16724.4609375,5363.35986328125,40212.7109375,83684.9765625,64.76000213623047
2025-04-14,16788.0,6368.51708984375,3204.800048828125,61.529998779296875,16831.48046875,5405.97021484375,40524.7890625,84542.390625,64.87999725341797
2025-04-15,16780.0,6441.68310546875,3218.699951171875,61.33000183105469,16823.169921875,5396.6298828125,40368.9609375,83668.9921875,64.66999816894531
2025-04-16,16813.5,6400.05419921875,3326.60009765625,62.470001220703125,16307.16015625,5275.7001953125,39669.390625,84033.8671875,65.8499984741211
2025-04-17,16794.599609375,6438.26904296875,3308.699951171875,64.68000030517578,16286.4501953125,5282.7001953125,39142.23046875,84895.75,67.95999908447266
2025-04-18,16794.599609375,6438.26904296875,3308.699951171875,64.68000030517578,16286.4501953125,5282.7001953125,39142.23046875,84450.8046875,67.95999908447266
2025-04-19,16794.599609375,6438.26904296875,3308.699951171875,64.68000030517578,16286.4501953125,5282.7001953125,39142.23046875,85063.4140625,67.95999908447266
2025-04-20,16794.599609375,6438.26904296875,3308.699951171875,64.68000030517578,16286.4501953125,5282.7001953125,39142.23046875,85174.3046875,67.95999908447266
2025-04-21,16794.599609375,6445.966796875,3406.199951171875,63.08000183105469,15870.900390625,5158.2001953125,38170.41015625,87518.90625,66.26000213623047
2025-04-22,16814.900390625,6538.26611328125,3400.800048828125,64.30999755859375,16300.419921875,5287.759765625,39186.98046875,93441.890625,67.44000244140625
2025-04-23,16858.099609375,6634.376953125,3276.300048828125,62.27000045776367,16708.05078125,5375.85986328125,39606.5703125,93699.109375,66.12000274658203
2025-04-24,16846.0,6613.47802734375,3332.0,62.790000915527344,17166.0390625,5484.77001953125,40093.3984375,93943.796875,66.55000305175781
2025-04-25,16778.5,6678.9150390625,3282.39990234375,63.02000045776367,17382.939453125,5525.2099609375,40113.5,94720.5,66.87000274658203
2025-04-26,16778.5,6678.9150390625,3282.39990234375,63.02000045776367,17382.939453125,5525.2099609375,40113.5,94646.9296875,66.87000274658203
2025-04-27,16778.5,6678.9150390625,3282.39990234375,63.02000045776367,17382.939453125,5525.2099609375,40113.5,93754.84375,66.87000274658203
2025-04-28,16823.0,6722.9658203125,3332.5,62.04999923706055,17366.130859375,5528.75,40227.58984375,94978.75,65.86000061035156
2025-04-29,16795.0,6749.0751953125,3318.800048828125,60.41999816894531,17461.3203125,5560.830078125,40527.62109375,94284.7890625,64.25
2025-04-30,16711.900390625,6766.794921875,3305.0,58.209999084472656,17446.33984375,5569.06005859375,40669.359375,94207.3125,63.119998931884766
2025-05-01,16545.900390625,6766.794921875,3210.0,59.2400016784668,17710.740234375,5604.14013671875,40752.9609375,96492.3359375,62.130001068115234
2025-05-02,16606.0,6815.72998046875,3231.89990234375,58.290000915527344,17977.73046875,5686.669921875,41317.4296875,96910.0703125,61.290000915527344
2025-05-03,16606.0,6815.72998046875,3231.89990234375,58.290000915527344,17977.73046875,5686.669921875,41317.4296875,95891.796875,61.290000915527344
2025-05-04,16606.0,6815.72998046875,3231.89990234375,58.290000915527344,17977.73046875,5686.669921875,41317.4296875,94315.9765625,61.290000915527344
2025-05-05,16460.0,6831.9521484375,3311.300048828125,57.130001068115234,17844.240234375,5650.3798828125,41218.828125,94748.0546875,60.22999954223633
2025-05-06,16421.5,6898.19677734375,3411.39990234375,59.09000015258789,17689.66015625,5606.91015625,40829.0,96802.4765625,62.150001525878906
2025-05-07,16432.0,6926.22509765625,3381.39990234375,58.06999969482422,17738.16015625,5631.27978515625,41113.96875,97032.3203125,61.119998931884766
2025-05-08,16492.599609375,6827.75,3296.60009765625,59.90999984741211,17928.140625,5663.93994140625,41368.44921875,103241.4609375,62.84000015258789
2025-05-09,16538.30078125,6832.80322265625,3335.39990234375,61.02000045776367,17928.919921875,5659.91015625,41249.37890625,102970.8515625,63.90999984741211
2025-05-10,16538.30078125,6832.80322265625,3335.39990234375,61.02000045776367,17928.919921875,5659.91015625,41249.37890625,104696.328125,63.90999984741211
2025-05-11,16538.30078125,6832.80322265625,3335.39990234375,61.02000045776367,17928.919921875,5659.91015625,41249.37890625,104106.359375,63.90999984741211
2025-05-12,16543.0,6832.80322265625,3220.0,61.95000076293945,18708.33984375,5844.18994140625,42410.1015625,102812.953125,64.95999908447266
2025-05-13,16688.80078125,6832.80322265625,3240.300048828125,63.66999816894531,19010.08984375,5886.5498046875,42140.4296875,104169.8125,66.62999725341797
2025-05-14,16599.400390625,6979.8798828125,3181.39990234375,63.150001525878906,19146.810546875,5892.580078125,42051.05859375,103539.4140625,66.08999633789062
2025-05-15,16558.19921875,7040.1611328125,3220.699951171875,61.619998931884766,19112.3203125,5916.93017578125,42322.75,103744.640625,64.52999877929688
2025-05-16,16511.80078125,7106.52587890625,3182.0,62.4900016784668,19211.099609375,5958.3798828125,42654.73828125,103489.2890625,65.41000366210938
2025-05-17,16511.80078125,7106.52587890625,3182.0,62.4900016784668,19211.099609375,5958.3798828125,42654.73828125,103191.0859375,65.41000366210938
2025-05-18,16511.80078125,7106.52587890625,3182.0,62.4900016784668,19211.099609375,5958.3798828125,42654.73828125,106446.0078125,65.41000366210938
2025-05-19,16487.0,7141.0908203125,3228.89990234375,62.689998626708984,19215.4609375,5963.60009765625,42792.0703125,105606.1796875,65.54000091552734
2025-05-20,16428.0,7094.60205078125,3280.300048828125,62.560001373291016,19142.7109375,5940.4599609375,42677.23828125,106791.0859375,65.37999725341797
2025-05-21,16403.0,7142.4609375,3309.300048828125,61.56999969482422,18872.640625,5844.60986328125,41860.44140625,109678.078125,64.91000366210938
2025-05-22,16347.599609375,7166.98095703125,3292.300048828125,61.20000076293945,18925.740234375,5842.009765625,41859.08984375,111673.28125,64.44000244140625
2025-05-23,16356.900390625,7214.1630859375,3363.60009765625,61.529998779296875,18737.2109375,5802.81982421875,41603.0703125,107287.796875,64.77999877929688
2025-05-24,16356.900390625,7214.1630859375,3363.60009765625,61.529998779296875,18737.2109375,5802.81982421875,41603.0703125,107791.15625,64.77999877929688
2025-05-25,16356.900390625,7214.1630859375,3363.60009765625,61.529998779296875,18737.2109375,5802.81982421875,41603.0703125,109035.390625,64.77999877929688
2025-05-26,16211.0,7188.35302734375,3363.60009765625,61.529998779296875,18737.2109375,5802.81982421875,41603.0703125,109440.3671875,64.77999877929688
2025-05-27,16243.5,7198.966796875,3299.10009765625,60.88999938964844,19199.16015625,5921.5400390625,42343.6484375,108994.640625,64.08999633789062
2025-05-28,16279.0,7175.81884765625,3293.60009765625,61.84000015258789,19100.939453125,5888.5498046875,42098.69921875,107802.328125,64.9000015258789
2025-05-29,16286.0,7175.81884765625,3317.10009765625,60.939998626708984,19175.869140625,5912.169921875,42215.73046875,105641.7578125,64.1500015258789
2025-05-30,16293.0,7175.81884765625,3288.89990234375,60.790000915527344,19113.76953125,5911.68994140625,42270.0703125,103998.5703125,63.900001525878906
2025-05-31,16293.0,7175.81884765625,3288.89990234375,60.790000915527344,19113.76953125,5911.68994140625,42270.0703125,104638.09375,63.900001525878906
2025-06-01,16293.0,7175.81884765625,3288.89990234375,60.790000915527344,19113.76953125,5911.68994140625,42270.0703125,105652.1015625,63.900001525878906
2025-06-02,16322.0,7065.06884765625,3370.60009765625,62.52000045776367,19242.609375,5935.93994140625,42305.48046875,105881.53125,64.62999725341797
2025-06-03,16288.5,7044.82177734375,3350.199951171875,63.40999984741211,19398.9609375,5970.3701171875,42519.640625,105432.46875,65.62999725341797
2025-06-04,16332.400390625,7069.037109375,3373.5,62.849998474121094,19460.490234375,5970.81005859375,42427.73828125,104731.984375,64.86000061035156
2025-06-05,16291.5,7113.4248046875,3350.699951171875,63.369998931884766,19298.44921875,5939.2998046875,42319.73828125,101575.953125,65.33999633789062
2025-06-06,16246.400390625,7113.4248046875,3322.699951171875,64.58000183105469,19529.94921875,6000.35986328125,42762.87109375,104390.34375,66.47000122070312
2025-06-07,16246.400390625,7113.4248046875,3322.699951171875,64.58000183105469,19529.94921875,6000.35986328125,42762.87109375,105615.625,66.47000122070312
2025-06-08,16246.400390625,7113.4248046875,3322.699951171875,64.58000183105469,19529.94921875,6000.35986328125,42762.87109375,105793.6484375,66.47000122070312
2025-06-09,16309.0,7113.4248046875,3332.10009765625,65.29000091552734,19591.240234375,6005.8798828125,42761.76171875,110294.1015625,67.04000091552734
2025-06-10,16278.7998046875,7230.7451171875,3320.89990234375,64.9800033569336,19714.990234375,6038.81005859375,42866.87109375,110257.234375,66.87000274658203
2025-06-11,16247.7998046875,7222.4560546875,3321.300048828125,68.1500015258789,19615.880859375,6022.240234375,42865.76953125,108686.625,69.7699966430664
2025-06-12,15778.0,7204.3701171875,3380.89990234375,68.04000091552734,19662.490234375,6045.259765625,42967.62109375,105929.0546875,69.36000061035156
2025-06-13,16164.5,7166.06494140625,3431.199951171875,72.9800033569336,19406.830078125,5976.97021484375,42197.7890625,106090.96875,74.2300033569336
2025-06-14,16164.5,7166.06494140625,3431.199951171875,72.9800033569336,19406.830078125,5976.97021484375,42197.7890625,105472.40625,74.2300033569336
2025-06-15,16164.5,7166.06494140625,3431.199951171875,72.9800033569336,19406.830078125,5976.97021484375,42197.7890625,105552.0234375,74.2300033569336
2025-06-16,16282.599609375,7117.5908203125,3396.39990234375,71.7699966430664,19701.2109375,6033.10986328125,42515.08984375,106796.7578125,73.2300033569336
2025-06-17,15801.0,7155.85205078125,3386.60009765625,74.83999633789062,19521.08984375,5982.72021484375,42215.80078125,104601.1171875,76.44999694824219
2025-06-18,16275.0,7107.7890625,3389.800048828125,75.13999938964844,19546.26953125,5980.8701171875,42171.66015625,104883.328125,76.69999694824219
2025-06-19,15598.5,6968.63916015625,3389.800048828125,75.13999938964844,19546.26953125,5980.8701171875,42171.66015625,104684.2890625,76.69999694824219
2025-06-20,16390.0,6907.13818359375,3368.10009765625,74.93000030517578,19447.41015625,5967.83984375,42206.8203125,103309.6015625,77.01000213623047
2025-06-21,16390.0,6907.13818359375,3368.10009765625,74.93000030517578,19447.41015625,5967.83984375,42206.8203125,102257.40625,77.01000213623047
2025-06-22,16390.0,6907.13818359375,3368.10009765625,74.93000030517578,19447.41015625,5967.83984375,42206.8203125,100987.140625,77.01000213623047
2025-06-23,16431.0,6787.14013671875,3377.699951171875,68.51000213623047,19630.970703125,6025.169921875,42581.78125,105577.7734375,71.4800033569336
2025-06-24,16370.0,6869.1708984375,3317.39990234375,64.37000274658203,19912.529296875,6092.18017578125,43089.01953125,106045.6328125,67.13999938964844
2025-06-25,16290.0,6832.14306640625,3327.10009765625,64.91999816894531,19973.55078125,6092.16015625,42982.4296875,107361.2578125,67.68000030517578
2025-06-26,16290.0,6897.39990234375,3333.5,65.23999786376953,20167.91015625,6141.02001953125,43386.83984375,106960.0,67.7300033569336
2025-06-27,16222.7998046875,6897.39990234375,3273.699951171875,65.5199966430664,20273.4609375,6173.06982421875,43819.26953125,107088.4296875,67.7699966430664
2025-06-28,16222.7998046875,6897.39990234375,3273.699951171875,65.5199966430664,20273.4609375,6173.06982421875,43819.26953125,107327.703125,67.7699966430664
2025-06-29,16222.7998046875,6897.39990234375,3273.699951171875,65.5199966430664,20273.4609375,6173.06982421875,43819.26953125,108385.5703125,67.7699966430664
2025-06-30,16229.0,6927.67919921875,3294.39990234375,65.11000061035156,20369.73046875,6204.9501953125,44094.76953125,107135.3359375,67.61000061035156
2025-07-01,16230.0,6915.35986328125,3336.699951171875,65.44999694824219,20202.890625,6198.009765625,44494.94140625,105698.28125,67.11000061035156
2025-07-02,16236.400390625,6881.2451171875,3348.0,67.44999694824219,20393.130859375,6227.419921875,44484.421875,108859.3203125,69.11000061035156
2025-07-03,16235.0,6878.05078125,3331.60009765625,67.0,20601.099609375,6279.35009765625,44828.53125,109647.9765625,68.80000305175781
2025-07-04,16203.7001953125,6865.19189453125,3332.5,66.5,20601.099609375,6279.35009765625,44828.53125,108034.3359375,68.29000091552734
2025-07-05,16203.7001953125,6865.19189453125,3332.5,66.5,20601.099609375,6279.35009765625,44828.53125,108231.1796875,68.29000091552734
2025-07-06,16203.7001953125,6865.19189453125,3332.5,66.5,20601.099609375,6279.35009765625,44828.53125,109232.0703125,68.29000091552734
2025-07-07,16178.0,6900.93212890625,3332.199951171875,67.93000030517578,20412.51953125,6229.97998046875,44406.359375,108299.8515625,69.58000183105469
2025-07-08,16318.900390625,6904.39208984375,3307.0,68.33000183105469,20418.4609375,6225.52001953125,44240.76171875,108950.2734375,70.1500015258789
2025-07-09,16261.0,6943.921875,3311.60009765625,68.37999725341797,20611.33984375,6263.259765625,44458.30078125,111326.5546875,70.19000244140625
2025-07-10,16235.0,7005.37109375,3317.39990234375,66.56999969482422,20630.66015625,6280.4599609375,44650.640625,115987.203125,68.63999938964844
2025-07-11,16209.099609375,7047.43798828125,3356.0,68.44999694824219,20585.529296875,6259.75,44371.51171875,117516.9921875,70.36000061035156
2025-07-12,16209.099609375,7047.43798828125,3356.0,68.44999694824219,20585.529296875,6259.75,44371.51171875,117435.2265625,70.36000061035156
2025-07-13,16209.099609375,7047.43798828125,3356.0,68.44999694824219,20585.529296875,6259.75,44371.51171875,119116.1171875,70.36000061035156
2025-07-14,16222.0,7097.15087890625,3351.5,66.9800033569336,20640.330078125,6268.56005859375,44459.6484375,119849.703125,69.20999908447266
2025-07-15,16256.2001953125,7140.47412109375,3329.800048828125,66.5199966430664,20677.80078125,6243.759765625,44023.2890625,117777.1875,68.70999908447266
2025-07-16,16252.099609375,7192.01806640625,3352.5,66.37999725341797,20730.490234375,6263.7001953125,44254.78125,118738.5078125,68.5199966430664
2025-07-17,16271.2001953125,7287.02099609375,3340.10009765625,67.54000091552734,20885.650390625,6297.35986328125,44484.48828125,119289.84375,69.5199966430664
2025-07-18,16329.7001953125,7311.9150390625,3353.0,67.33999633789062,20895.650390625,6296.7900390625,44342.19140625,118003.2265625,69.27999877929688
2025-07-19,16329.7001953125,7311.9150390625,3353.0,67.33999633789062,20895.650390625,6296.7900390625,44342.19140625,117939.9765625,69.27999877929688
2025-07-20,16329.7001953125,7311.9150390625,3353.0,67.33999633789062,20895.650390625,6296.7900390625,44342.19140625,117300.7890625,69.27999877929688
2025-07-21,16321.0,7398.19189453125,3401.89990234375,67.19999694824219,20974.1796875,6305.60009765625,44323.0703125,117439.5390625,69.20999908447266
2025-07-22,16329.5,7344.73583984375,3439.199951171875,66.20999908447266,20892.689453125,6309.6201171875,44502.44140625,119995.4140625,68.58999633789062
2025-07-23,16245.2998046875,7469.22998046875,3394.10009765625,65.25,21020.01953125,6358.91015625,45010.2890625,118754.9609375,68.51000213623047
2025-07-24,16266.099609375,7530.90185546875,3371.0,66.02999877929688,21057.9609375,6363.35009765625,44693.91015625,118368.0,69.18000030517578
2025-07-25,16307.0,7543.5029296875,3334.0,65.16000366210938,21108.3203125,6388.64013671875,44901.921875,117635.8828125,68.44000244140625
2025-07-26,16307.0,7543.5029296875,3334.0,65.16000366210938,21108.3203125,6388.64013671875,44901.921875,117947.3671875,68.44000244140625
2025-07-27,16307.0,7543.5029296875,3334.0,65.16000366210938,21108.3203125,6388.64013671875,44901.921875,119448.4921875,68.44000244140625
2025-07-28,16353.0,7614.76806640625,3309.10009765625,66.70999908447266,21178.580078125,6389.77001953125,44837.55859375,117924.4765625,70.04000091552734
2025-07-29,16398.80078125,7617.9072265625,3323.39990234375,69.20999908447266,21098.2890625,6370.85986328125,44632.98828125,117922.1484375,72.51000213623047
2025-07-30,16367.900390625,7549.88818359375,3295.800048828125,70.0,21129.669921875,6362.89990234375,44461.28125,117831.1875,73.23999786376953
2025-07-31,16426.80078125,7484.3369140625,3293.199951171875,69.26000213623047,21122.44921875,6339.39013671875,44130.98046875,115758.203125,72.52999877929688
2025-08-01,16483.0,7537.76806640625,3347.699951171875,67.33000183105469,20650.130859375,6238.009765625,43588.578125,113320.0859375,69.66999816894531
2025-08-02,16483.0,7537.76806640625,3347.699951171875,67.33000183105469,20650.130859375,6238.009765625,43588.578125,112526.9140625,69.66999816894531
2025-08-03,16483.0,7537.76806640625,3347.699951171875,67.33000183105469,20650.130859375,6238.009765625,43588.578125,114217.671875,69.66999816894531
2025-08-04,16483.0,7464.64501953125,3374.39990234375,66.29000091552734,21053.580078125,6329.93994140625,44173.640625,115071.8828125,68.76000213623047
2025-08-05,16362.0,7515.18505859375,3381.89990234375,65.16000366210938,20916.55078125,6299.18994140625,44111.73828125,114141.4453125,67.63999938964844
2025-08-06,16377.5,7503.75,3380.0,64.3499984741211,21169.419921875,6345.06005859375,44193.12109375,115028.0,66.88999938964844
2025-08-07,16334.7001953125,7490.18310546875,3400.300048828125,63.880001068115234,21242.69921875,6340.0,43968.640625,117496.8984375,66.43000030517578
2025-08-08,16300.0,7533.384765625,3439.10009765625,63.880001068115234,21450.01953125,6389.4501953125,44175.609375,116688.7265625,66.58999633789062
2025-08-09,16300.0,7533.384765625,3439.10009765625,63.880001068115234,21450.01953125,6389.4501953125,44175.609375,116500.359375,66.58999633789062
2025-08-10,16300.0,7533.384765625,3439.10009765625,63.880001068115234,21450.01953125,6389.4501953125,44175.609375,119306.7578125,66.58999633789062
2025-08-11,16249.0,7605.9248046875,3353.10009765625,63.959999084472656,21385.400390625,6373.4501953125,43975.08984375,118731.4453125,66.62999725341797
2025-08-12,16298.0,7791.69677734375,3348.89990234375,63.16999816894531,21681.900390625,6445.759765625,44458.609375,120172.90625,66.12000274658203
2025-08-13,16248.2001953125,7892.9111328125,3358.699951171875,62.650001525878906,21713.140625,6466.580078125,44922.26953125,123344.0625,65.62999725341797
2025-08-14,16109.0,7931.2509765625,3335.199951171875,63.959999084472656,21710.669921875,6468.5400390625,44911.26171875,118359.578125,66.83999633789062
2025-08-15,16169.0,7898.375,3336.0,62.79999923706055,21622.98046875,6449.7998046875,44946.12109375,117398.3515625,65.8499984741211
2025-08-16,16169.0,7898.375,3336.0,62.79999923706055,21622.98046875,6449.7998046875,44946.12109375,117491.3515625,65.8499984741211
2025-08-17,16169.0,7898.375,3336.0,62.79999923706055,21622.98046875,6449.7998046875,44946.12109375,117453.0625,65.8499984741211
2025-08-18,16196.0,7898.375,3331.699951171875,63.41999816894531,21629.76953125,6449.14990234375,44911.8203125,116252.3125,66.5999984741211
2025-08-19,16205.400390625,7862.94921875,3313.39990234375,62.349998474121094,21314.94921875,6411.3701171875,44922.26953125,112831.1796875,65.79000091552734
2025-08-20,16275.2001953125,7943.8251953125,3343.39990234375,63.209999084472656,21172.859375,6395.77978515625,44938.30859375,114274.7421875,66.83999633789062
2025-08-21,16263.599609375,7890.71484375,3336.89990234375,63.52000045776367,21100.310546875,6370.169921875,44785.5,112419.03125,67.66999816894531
2025-08-22,16339.7001953125,7858.85107421875,3374.39990234375,63.65999984741211,21496.5390625,6466.91015625,45631.73828125,116874.0859375,67.7300033569336
2025-08-23,16339.7001953125,7858.85107421875,3374.39990234375,63.65999984741211,21496.5390625,6466.91015625,45631.73828125,115374.328125,67.7300033569336
2025-08-24,16339.7001953125,7858.85107421875,3374.39990234375,63.65999984741211,21496.5390625,6466.91015625,45631.73828125,113458.4296875,67.7300033569336
2025-08-25,16227.0,7926.9072265625,3373.800048828125,64.80000305175781,21449.2890625,6439.31982421875,45282.46875,110124.3515625,68.80000305175781
2025-08-26,16267.0,7905.7568359375,3388.60009765625,63.25,21544.26953125,6465.93994140625,45418.0703125,111802.65625,67.22000122070312
2025-08-27,16299.2001953125,7936.17578125,3404.60009765625,64.1500015258789,21590.140625,6481.39990234375,45565.23046875,111222.0625,68.05000305175781
2025-08-28,16314.0,7952.087890625,3431.800048828125,64.5999984741211,21705.16015625,6501.85986328125,45636.8984375,112544.8046875,68.62000274658203
2025-08-29,16344.2998046875,7830.4931640625,3473.699951171875,64.01000213623047,21455.55078125,6460.259765625,45544.87890625,108410.8359375,68.12000274658203
2025-08-30,16344.2998046875,7830.4931640625,3473.699951171875,64.01000213623047,21455.55078125,6460.259765625,45544.87890625,108808.0703125,68.12000274658203
2025-08-31,16344.2998046875,7830.4931640625,3473.699951171875,64.01000213623047,21455.55078125,6460.259765625,45544.87890625,108236.7109375,68.12000274658203
2025-09-01,16409.0,7736.06591796875,3473.699951171875,64.01000213623047,21455.55078125,6460.259765625,45544.87890625,109250.59375,68.12000274658203
2025-09-02,16405.19921875,7801.5849609375,3549.39990234375,65.58999633789062,21279.630859375,6415.5400390625,45295.80859375,111200.5859375,69.13999938964844
2025-09-03,16443.900390625,7885.86279296875,3593.199951171875,63.970001220703125,21497.73046875,6448.259765625,45271.23046875,111723.2109375,67.5999984741211
2025-09-04,16463.0,7867.34814453125,3565.800048828125,63.47999954223633,21707.689453125,6502.080078125,45621.2890625,110723.6015625,66.98999786376953
2025-09-05,16452.099609375,7867.34814453125,3613.199951171875,61.869998931884766,21700.390625,6481.5,45400.859375,110650.984375,65.5
2025-09-06,16452.099609375,7867.34814453125,3613.199951171875,61.869998931884766,21700.390625,6481.5,45400.859375,110224.6953125,65.5
2025-09-07,16452.099609375,7867.34814453125,3613.199951171875,61.869998931884766,21700.390625,6481.5,45400.859375,111167.6171875,65.5
2025-09-08,16392.0,7766.84912109375,3638.10009765625,62.2599983215332,21798.69921875,6495.14990234375,45514.94921875,112071.4296875,66.0199966430664
2025-09-09,16446.099609375,7628.60498046875,3643.300048828125,62.630001068115234,21879.490234375,6512.60986328125,45711.33984375,111530.546875,66.38999938964844
2025-09-10,16449.900390625,7699.0068359375,3643.60009765625,63.66999816894531,21886.060546875,6532.0400390625,45490.921875,113955.359375,67.48999786376953
2025-09-11,16439.0,7747.90478515625,3636.89990234375,62.369998931884766,22043.0703125,6587.47021484375,46108.0,115507.5390625,66.37000274658203
2025-09-12,16413.599609375,7854.06005859375,3649.39990234375,62.689998626708984,22141.099609375,6584.2900390625,45834.21875,116101.578125,66.98999786376953
2025-09-13,16413.599609375,7854.06005859375,3649.39990234375,62.689998626708984,22141.099609375,6584.2900390625,45834.21875,115950.5078125,66.98999786376953
2025-09-14,16413.599609375,7854.06005859375,3649.39990234375,62.689998626708984,22141.099609375,6584.2900390625,45834.21875,115407.65625,66.98999786376953
2025-09-15,16401.0,7937.1181640625,3682.199951171875,63.29999923706055,22348.75,6615.27978515625,45883.44921875,115444.875,67.44000244140625
2025-09-16,16364.599609375,7957.69580078125,3688.89990234375,64.5199966430664,22333.9609375,6606.759765625,45757.8984375,116843.1875,68.47000122070312
2025-09-17,16398.099609375,8025.17919921875,3681.800048828125,64.05000305175781,22261.330078125,6600.35009765625,46018.3203125,116468.5078125,67.94999694824219
2025-09-18,16418.599609375,8008.43310546875,3643.699951171875,63.56999969482422,22470.720703125,6631.9599609375,46142.421875,117137.203125,67.44000244140625
2025-09-19,16569.099609375,8051.1181640625,3671.5,62.68000030517578,22631.48046875,6664.35986328125,46315.26953125,115688.859375,66.68000030517578
2025-09-20,16569.099609375,8051.1181640625,3671.5,62.68000030517578,22631.48046875,6664.35986328125,46315.26953125,115721.9609375,66.68000030517578
2025-09-21,16569.099609375,8051.1181640625,3671.5,62.68000030517578,22631.48046875,6664.35986328125,46315.26953125,115306.09375,66.68000030517578
2025-09-22,16637.0,8040.0390625,3740.699951171875,62.63999938964844,22788.98046875,6693.75,46381.5390625,112748.5078125,66.56999969482422
2025-09-23,16582.0,8125.201171875,3780.60009765625,63.40999984741211,22573.470703125,6656.919921875,46292.78125,112014.5,67.62999725341797
2025-09-24,16633.0,8126.55810546875,3732.10009765625,64.98999786376953,22497.859375,6637.97021484375,46121.28125,113328.6328125,69.30999755859375
2025-09-25,16695.099609375,8040.6650390625,3736.89990234375,64.9800033569336,22384.69921875,6604.72021484375,45947.3203125,109049.2890625,69.41999816894531
2025-09-26,16759.099609375,8099.3330078125,3775.300048828125,65.72000122070312,22484.0703125,6643.7001953125,46247.2890625,109712.828125,70.12999725341797
2025-09-27,16759.099609375,8099.3330078125,3775.300048828125,65.72000122070312,22484.0703125,6643.7001953125,46247.2890625,109681.9453125,70.12999725341797
2025-09-28,16759.099609375,8099.3330078125,3775.300048828125,65.72000122070312,22484.0703125,6643.7001953125,46247.2890625,112122.640625,70.12999725341797
2025-09-29,16723.0,8123.2451171875,3820.89990234375,63.45000076293945,22591.150390625,6661.2099609375,46316.0703125,114400.3828125,67.97000122070312
2025-09-30,16628.0,8061.06201171875,3840.800048828125,62.369998931884766,22660.009765625,6688.4599609375,46397.890625,114056.0859375,67.0199966430664
2025-10-01,16683.0,8043.82177734375,3867.5,61.779998779296875,22755.16015625,6711.2001953125,46441.1015625,118648.9296875,65.3499984741211
2025-10-02,16644.099609375,8071.0810546875,3839.699951171875,60.47999954223633,22844.05078125,6715.35009765625,46519.71875,120681.2578125,64.11000061035156
2025-10-03,16601.5,8118.30078125,3880.800048828125,60.880001068115234,22780.509765625,6715.7900390625,46758.28125,122266.53125,64.52999877929688
2025-10-04,16601.5,8118.30078125,3880.800048828125,60.880001068115234,22780.509765625,6715.7900390625,46758.28125,122425.4296875,64.52999877929688
2025-10-05,16601.5,8118.30078125,3880.800048828125,60.880001068115234,22780.509765625,6715.7900390625,46758.28125,123513.4765625,64.52999877929688
2025-10-06,16558.0,8139.89404296875,3948.5,61.689998626708984,22941.669921875,6740.27978515625,46694.96875,124752.53125,65.47000122070312
2025-10-07,16596.5,8169.28076171875,3976.60009765625,61.72999954223633,22788.359375,6714.58984375,46602.98046875,121451.3828125,65.44999694824219
2025-10-08,16587.0,8166.02880859375,4043.300048828125,62.54999923706055,23043.380859375,6753.72021484375,46601.78125,123354.8671875,66.25
2025-10-09,16556.0,8250.9384765625,3946.300048828125,61.5099983215332,23024.630859375,6735.10986328125,46358.421875,121705.5859375,65.22000122070312
2025-10-10,16577.69921875,8257.859375,3975.89990234375,58.900001525878906,22204.4296875,6552.509765625,45479.6015625,113214.3671875,62.72999954223633
2025-10-11,16577.69921875,8257.859375,3975.89990234375,58.900001525878906,22204.4296875,6552.509765625,45479.6015625,110807.8828125,62.72999954223633
2025-10-12,16577.69921875,8257.859375,3975.89990234375,58.900001525878906,22204.4296875,6552.509765625,45479.6015625,115169.765625,62.72999954223633
2025-10-13,16598.0,8227.2021484375,4108.60009765625,59.4900016784668,22694.609375,6654.72021484375,46067.578125,115271.078125,63.31999969482422
2025-10-14,16548.0,8066.52197265625,4138.7001953125,58.70000076293945,22521.69921875,6644.31005859375,46270.4609375,113118.6640625,62.38999938964844
2025-10-15,16585.900390625,8051.1748046875,4176.89990234375,58.27000045776367,22670.080078125,6671.06005859375,46253.30859375,110783.1640625,61.90999984741211
2025-10-16,16575.0,8124.7568359375,4280.2001953125,57.459999084472656,22562.5390625,6629.06982421875,45952.23828125,108186.0390625,61.060001373291016
2025-10-17,16561.900390625,7915.65576171875,4189.89990234375,57.540000915527344,22679.970703125,6664.009765625,46190.609375,106467.7890625,61.290000915527344
2025-10-18,16561.900390625,7915.65576171875,4189.89990234375,57.540000915527344,22679.970703125,6664.009765625,46190.609375,107198.265625,61.290000915527344
2025-10-19,16561.900390625,7915.65576171875,4189.89990234375,57.540000915527344,22679.970703125,6664.009765625,46190.609375,108666.7109375,61.290000915527344
2025-10-20,16566.0,8088.97802734375,4336.39990234375,57.52000045776367,22990.5390625,6735.1298828125,46706.578125,110588.9296875,61.0099983215332
2025-10-21,16542.0,8238.083984375,4087.699951171875,57.81999969482422,22953.669921875,6735.35009765625,46924.73828125,108476.890625,61.31999969482422
2025-10-22,16598.900390625,8152.55322265625,4044.39990234375,58.5,22740.400390625,6699.39990234375,46590.41015625,107688.5859375,62.59000015258789
2025-10-23,16596.599609375,8274.3515625,4125.5,61.790000915527344,22941.80078125,6738.43994140625,46734.609375,110069.7265625,65.98999786376953
2025-10-24,16593.80078125,8271.7216796875,4118.39990234375,61.5,23204.869140625,6791.68994140625,47207.12109375,111033.921875,65.94000244140625
2025-10-25,16593.80078125,8271.7216796875,4118.39990234375,61.5,23204.869140625,6791.68994140625,47207.12109375,111641.7265625,65.94000244140625
2025-10-26,16593.80078125,8271.7216796875,4118.39990234375,61.5,23204.869140625,6791.68994140625,47207.12109375,114472.4453125,65.94000244140625
2025-10-27,16597.80078125,8117.15087890625,4001.89990234375,61.310001373291016,23637.4609375,6875.16015625,47544.58984375,114119.328125,65.62000274658203
2025-10-28,16158.2001953125,8092.62890625,3966.199951171875,60.150001525878906,23827.490234375,6890.89013671875,47706.37109375,112956.1640625,64.4000015258789
2025-10-29,16561.779296875,8166.22412109375,3983.699951171875,60.47999954223633,23958.470703125,6890.58984375,47632.0,110055.3046875,64.91999816894531
2025-10-30,16562.0,8184.06396484375,4001.300048828125,60.56999969482422,23581.140625,6822.33984375,47522.12109375,108305.546875,65.0
2025-10-31,16150.0,8163.875,3982.199951171875,60.97999954223633,23724.9609375,6840.2001953125,47562.87109375,109556.1640625,65.06999969482422
2025-11-01,16150.0,8163.875,3982.199951171875,60.97999954223633,23724.9609375,6840.2001953125,47562.87109375,110064.015625,65.06999969482422
2025-11-02,16150.0,8163.875,3982.199951171875,60.97999954223633,23724.9609375,6840.2001953125,47562.87109375,110639.625,65.06999969482422
2025-11-03,16630.0,8275.083984375,4000.300048828125,61.04999923706055,23834.720703125,6851.97021484375,47336.6796875,106547.5234375,64.88999938964844
2025-11-04,16640.900390625,8241.9111328125,3947.699951171875,60.560001373291016,23348.640625,6771.5498046875,47085.23828125,101590.5234375,64.44000244140625
2025-11-05,16707.0,8318.5263671875,3980.300048828125,59.599998474121094,23499.80078125,6796.2900390625,47311.0,103891.8359375,63.52000045776367
2025-11-06,16669.0,8337.0576171875,3979.89990234375,59.43000030517578,23053.990234375,6720.31982421875,46912.30078125,101301.2890625,63.380001068115234
2025-11-07,16694.099609375,8394.58984375,3999.39990234375,59.75,23004.5390625,6728.7998046875,46987.1015625,103372.40625,63.630001068115234
2025-11-08,16694.099609375,8394.58984375,3999.39990234375,59.75,23004.5390625,6728.7998046875,46987.1015625,102282.1171875,63.630001068115234
2025-11-09,16694.099609375,8394.58984375,3999.39990234375,59.75,23004.5390625,6728.7998046875,46987.1015625,104719.640625,63.630001068115234
2025-11-10,16653.0,8391.240234375,4111.7998046875,60.130001068115234,23527.169921875,6832.43017578125,47368.62890625,105996.59375,64.05999755859375
2025-11-11,16690.0,8366.5146484375,4106.7998046875,61.040000915527344,23468.30078125,6846.60986328125,47927.9609375,102997.46875,65.16000366210938
2025-11-12,16694.900390625,8388.56640625,4204.39990234375,58.4900016784668,23406.4609375,6850.919921875,48254.8203125,101663.1875,62.709999084472656
2025-11-13,16729.0,8371.9990234375,4186.89990234375,58.689998626708984,22870.359375,6737.490234375,47457.21875,99697.4921875,63.0099983215332
2025-11-14,16719.0,8370.435546875,4087.60009765625,60.09000015258789,22900.58984375,6734.10986328125,47147.48046875,94397.7890625,64.38999938964844
2025-11-15,16719.0,8370.435546875,4087.60009765625,60.09000015258789,22900.58984375,6734.10986328125,47147.48046875,95549.1484375,64.38999938964844
2025-11-16,16719.0,8370.435546875,4087.60009765625,60.09000015258789,22900.58984375,6734.10986328125,47147.48046875,94177.078125,64.38999938964844
2025-11-17,16679.5,8416.8818359375,4068.300048828125,59.90999984741211,22708.0703125,6672.41015625,46590.23828125,92093.875,64.19999694824219
2025-11-18,16738.900390625,8361.92578125,4061.300048828125,60.7400016784668,22432.849609375,6617.31982421875,46091.73828125,92948.875,64.88999938964844
2025-11-19,16727.69921875,8406.5771484375,4077.699951171875,59.439998626708984,22564.23046875,6642.16015625,46138.76953125,91465.9921875,63.5099983215332
2025-11-20,16686.69921875,8419.9169921875,4056.5,59.13999938964844,22078.05078125,6538.759765625,45752.26171875,86631.8984375,63.380001068115234
2025-11-21,16731.0,8414.3515625,4076.699951171875,58.060001373291016,22273.080078125,6602.990234375,46245.41015625,85090.6875,62.560001373291016
2025-11-22,16731.0,8414.3515625,4076.699951171875,58.060001373291016,22273.080078125,6602.990234375,46245.41015625,84648.359375,62.560001373291016
2025-11-23,16731.0,8414.3515625,4076.699951171875,58.060001373291016,22273.080078125,6602.990234375,46245.41015625,86805.0078125,62.560001373291016
2025-11-24,16639.0,8570.25390625,4091.89990234375,58.84000015258789,22872.009765625,6705.1201171875,46448.26953125,88270.5625,63.369998931884766
2025-11-25,16645.0,8521.884765625,4139.2001953125,57.95000076293945,23025.58984375,6765.8798828125,47112.44921875,87341.890625,62.47999954223633
2025-11-26,16633.5,8602.1298828125,4165.2001953125,58.650001525878906,23214.689453125,6812.60986328125,47427.12109375,90518.3671875,63.130001068115234
2025-11-27,16614.69921875,8545.865234375,4165.2001953125,58.650001525878906,23214.689453125,6812.60986328125,47427.12109375,91285.375,63.130001068115234
2025-11-28,16603.900390625,8508.7060546875,4218.2998046875,58.54999923706055,23365.689453125,6849.08984375,47716.421875,90919.265625,63.20000076293945
2025-11-29,16603.900390625,8508.7060546875,4218.2998046875,58.54999923706055,23365.689453125,6849.08984375,47716.421875,90851.7578125,63.20000076293945
2025-11-30,16603.900390625,8508.7060546875,4218.2998046875,58.54999923706055,23365.689453125,6849.08984375,47716.421875,90394.3125,63.20000076293945
2025-12-01,16635.0,8548.7880859375,4239.2998046875,59.31999969482422,23275.919921875,6812.6298828125,47289.328125,86321.5703125,63.16999816894531
2025-12-02,16609.0,8617.04296875,4186.60009765625,58.63999938964844,23413.669921875,6829.3701171875,47474.4609375,91350.203125,62.45000076293945
2025-12-03,16609.900390625,8611.787109375,4199.2998046875,58.95000076293945,23454.08984375,6849.72021484375,47882.8984375,93527.8046875,62.66999816894531
2025-12-04,16594.0,8640.1962890625,4211.7998046875,59.66999816894531,23505.140625,6857.1201171875,47850.94140625,92141.625,63.2599983215332
2025-12-05,16654.400390625,8632.7607421875,4212.89990234375,60.08000183105469,23578.130859375,6870.39990234375,47954.98828125,89387.7578125,63.75
2025-12-06,16654.400390625,8632.7607421875,4212.89990234375,60.08000183105469,23578.130859375,6870.39990234375,47954.98828125,89272.375,63.75
2025-12-07,16654.400390625,8632.7607421875,4212.89990234375,60.08000183105469,23578.130859375,6870.39990234375,47954.98828125,90405.640625,63.75
2025-12-08,16683.0,8710.6953125,4187.2001953125,58.880001068115234,23545.900390625,6846.509765625,47739.3203125,90640.203125,62.4900016784668
2025-12-09,16686.0,8657.1787109375,4206.7001953125,58.25,23576.490234375,6840.509765625,47560.2890625,92691.7109375,61.939998626708984
2025-12-10,16662.0,8700.923828125,4196.39990234375,58.459999084472656,23654.150390625,6886.68017578125,48057.75,92020.9453125,62.209999084472656
2025-12-11,16639.0,8620.4814453125,4285.5,57.599998474121094,23593.859375,6901.0,48704.01171875,92511.3359375,61.279998779296875
2025-12-12,16649.0,8660.4990234375,4300.10009765625,57.439998626708984,23195.169921875,6827.41015625,48458.05078125,90270.4140625,61.119998931884766
2025-12-13,16649.0,8660.4990234375,4300.10009765625,57.439998626708984,23195.169921875,6827.41015625,48458.05078125,90298.7109375,61.119998931884766
2025-12-14,16649.0,8660.4990234375,4300.10009765625,57.439998626708984,23195.169921875,6827.41015625,48458.05078125,88175.1796875,61.119998931884766
2025-12-15,16623.099609375,8649.662109375,4306.7001953125,56.81999969482422,23057.41015625,6816.509765625,48416.55859375,86419.78125,60.560001373291016
2025-12-16,16645.80078125,8686.46875,4304.5,55.27000045776367,23111.4609375,6800.259765625,48114.26171875,87843.984375,58.91999816894531
2025-12-17,16644.599609375,8677.3447265625,4347.5,55.939998626708984,22693.3203125,6721.43017578125,47885.96875,86143.7578125,59.68000030517578
2025-12-18,16657.0,8618.1953125,4339.5,56.150001525878906,23006.359375,6774.759765625,47951.8515625,85462.5078125,59.81999969482422
2025-12-19,16685.19921875,8609.55078125,4361.39990234375,56.65999984741211,23307.619140625,6834.5,48134.890625,88103.3828125,60.470001220703125
2025-12-20,16685.19921875,8609.55078125,4361.39990234375,56.65999984741211,23307.619140625,6834.5,48134.890625,88344.0,60.470001220703125
2025-12-21,16685.19921875,8609.55078125,4361.39990234375,56.65999984741211,23307.619140625,6834.5,48134.890625,88621.75,60.470001220703125
2025-12-22,16678.5,8645.84375,4444.60009765625,58.0099983215332,23428.830078125,6878.490234375,48362.6796875,88490.015625,62.06999969482422
2025-12-23,16756.400390625,8584.7822265625,4482.7998046875,58.380001068115234,23561.83984375,6909.7900390625,48442.41015625,87414.0,62.380001068115234
2025-12-24,16735.0,8537.9111328125,4480.60009765625,58.349998474121094,23613.310546875,6932.0498046875,48731.16015625,87611.9609375,62.2400016784668
2025-12-25,16735.0,8537.9111328125,4480.60009765625,58.349998474121094,23613.310546875,6932.0498046875,48731.16015625,87234.7421875,62.2400016784668
2025-12-26,16753.099609375,8537.9111328125,4529.10009765625,56.7400016784668,23593.099609375,6929.93994140625,48710.96875,87301.4296875,60.63999938964844
2025-12-27,16753.099609375,8537.9111328125,4529.10009765625,56.7400016784668,23593.099609375,6929.93994140625,48710.96875,87802.15625,60.63999938964844
2025-12-28,16753.099609375,8537.9111328125,4529.10009765625,56.7400016784668,23593.099609375,6929.93994140625,48710.96875,87835.8359375,60.63999938964844
2025-12-29,16741.099609375,8644.255859375,4325.10009765625,58.08000183105469,23474.349609375,6905.740234375,48461.9296875,87138.140625,61.939998626708984
2025-12-30,16770.0,8646.9384765625,4370.10009765625,57.95000076293945,23419.080078125,6896.240234375,48367.05859375,88430.1328125,61.91999816894531
2025-12-31,16709.0,8646.9384765625,4325.60009765625,57.41999816894531,23241.990234375,6845.5,48063.2890625,87508.828125,60.849998474121094
2026-01-01,16709.0,8646.9384765625,4325.60009765625,57.41999816894531,23241.990234375,6845.5,48063.2890625,88731.984375,60.849998474121094
2026-01-02,16668.0,8748.1318359375,4314.39990234375,57.31999969482422,23235.630859375,6858.47021484375,48382.390625,89944.6953125,60.75
2026-01-03,16668.0,8748.1318359375,4314.39990234375,57.31999969482422,23235.630859375,6858.47021484375,48382.390625,90603.1875,60.75
2026-01-04,16668.0,8748.1318359375,4314.39990234375,57.31999969482422,23235.630859375,6858.47021484375,48382.390625,91413.4921875,60.75
2026-01-05,16683.0,8859.19140625,4436.89990234375,58.31999969482422,23395.8203125,6902.0498046875,48977.1796875,93882.5546875,61.7599983215332
2026-01-06,16727.19921875,8933.609375,4482.2001953125,57.130001068115234,23547.169921875,6944.81982421875,49462.078125,93729.03125,60.70000076293945
2026-01-07,16742.0,8944.8134765625,4449.2998046875,55.9900016784668,23584.279296875,6920.93017578125,48996.078125,91308.0546875,59.959999084472656
2026-01-08,16753.0,8925.470703125,4449.7001953125,57.7599983215332,23480.01953125,6921.4599609375,49266.109375,91027.125,61.9900016784668
2026-01-09,16805.69921875,8936.75390625,4490.2998046875,59.119998931884766,23671.349609375,6966.27978515625,49504.0703125,90513.1015625,63.34000015258789
2026-01-10,16805.69921875,8936.75390625,4490.2998046875,59.119998931884766,23671.349609375,6966.27978515625,49504.0703125,90386.6484375,63.34000015258789
2026-01-11,16805.69921875,8936.75390625,4490.2998046875,59.119998931884766,23671.349609375,6966.27978515625,49504.0703125,90827.4609375,63.34000015258789
2026-01-12,16826.69921875,8884.72265625,4604.2998046875,59.5,23733.900390625,6977.27001953125,49590.19921875,91192.9921875,63.869998931884766
2026-01-13,16859.400390625,8948.302734375,4589.2001953125,61.150001525878906,23709.869140625,6963.740234375,49191.98828125,95321.78125,65.47000122070312
2026-01-14,16840.80078125,9032.583984375,4626.2998046875,62.02000045776367,23471.75,6926.60009765625,49149.62890625,96929.328125,66.5199966430664
2026-01-15,16845.099609375,9075.40625,4616.2998046875,59.189998626708984,23530.01953125,6944.47021484375,49442.44140625,95551.1875,63.7599983215332
2026-01-16,16878.900390625,9075.40625,4588.39990234375,59.439998626708984,23515.390625,6940.009765625,49359.328125,95525.1171875,64.12999725341797
2026-01-17,16878.900390625,9075.40625,4588.39990234375,59.439998626708984,23515.390625,6940.009765625,49359.328125,95099.921875,64.12999725341797
2026-01-18,16878.900390625,9075.40625,4588.39990234375,59.439998626708984,23515.390625,6940.009765625,49359.328125,93634.4296875,64.12999725341797
2026-01-19,16876.599609375,9133.873046875,4588.39990234375,59.439998626708984,23515.390625,6940.009765625,49359.328125,92553.59375,64.12999725341797
2026-01-20,16939.0,9134.7001953125,4759.60009765625,60.34000015258789,22954.3203125,6796.85986328125,48488.58984375,88310.90625,64.91999816894531
2026-01-21,16960.099609375,9010.330078125,4831.7998046875,60.619998931884766,23224.8203125,6875.6201171875,49077.23046875,89376.9609375,65.23999786376953
2026-01-22,16897.0,8992.1826171875,4908.7998046875,59.36000061035156,23436.01953125,6913.35009765625,49384.01171875,89462.453125,64.05999755859375
2026-01-23,16820.0,8951.009765625,4976.2001953125,61.06999969482422,23501.240234375,6915.60986328125,49098.7109375,89503.875,65.87999725341797
2026-01-24,16820.0,8951.009765625,4976.2001953125,61.06999969482422,23501.240234375,6915.60986328125,49098.7109375,89110.734375,65.87999725341797
2026-01-25,16820.0,8951.009765625,4976.2001953125,61.06999969482422,23501.240234375,6915.60986328125,49098.7109375,86572.21875,65.87999725341797
2026-01-26,16770.0,8975.333984375,5079.7001953125,60.630001068115234,23601.359375,6950.22998046875,49412.3984375,88267.140625,65.58999633789062
2026-01-27,16734.0,8980.23046875,5079.89990234375,62.38999938964844,23817.099609375,6978.60009765625,49003.41015625,89102.5703125,67.56999969482422
2026-01-28,16674.69921875,8320.5556640625,5301.60009765625,63.209999084472656,23857.44921875,6978.02978515625,49015.6015625,89184.5703125,68.4000015258789
2026-01-29,16722.80078125,8232.203125,5318.39990234375,65.41999816894531,23685.119140625,6969.009765625,49071.55859375,84561.5859375,70.70999908447266
2026-01-30,16778.30078125,8329.6064453125,4713.89990234375,65.20999908447266,23461.8203125,6939.02978515625,48892.46875,84128.65625,70.69000244140625
2026-01-31,16778.30078125,8329.6064453125,4713.89990234375,65.20999908447266,23461.8203125,6939.02978515625,48892.46875,78621.1171875,70.69000244140625
2026-02-01,16778.30078125,8329.6064453125,4713.89990234375,65.20999908447266,23461.8203125,6939.02978515625,48892.46875,76974.4453125,70.69000244140625
2026-02-02,16758.400390625,7922.73095703125,4622.5,62.13999938964844,23592.109375,6976.43994140625,49407.66015625,78688.765625,66.30000305175781
2026-02-03,16758.400390625,8122.59716796875,4903.7001953125,63.209999084472656,23255.189453125,6917.81005859375,49240.98828125,75633.546875,67.33000183105469
2026-02-04,16759.0,8146.716796875,4920.39990234375,65.13999938964844,22904.580078125,6882.72021484375,49501.30078125,73019.703125,69.45999908447266
2026-02-05,16800.0,8103.87890625,4861.39990234375,63.290000915527344,22540.58984375,6798.39990234375,48908.71875,62702.09765625,67.55000305175781
2026-02-06,16879.900390625,7935.259765625,4951.2001953125,63.54999923706055,23031.2109375,6932.2998046875,50115.671875,70555.390625,68.05000305175781
2026-02-07,16879.900390625,7935.259765625,4951.2001953125,63.54999923706055,23031.2109375,6932.2998046875,50115.671875,69281.96875,68.05000305175781
2026-02-08,16879.900390625,7935.259765625,4951.2001953125,63.54999923706055,23031.2109375,6932.2998046875,50115.671875,70264.7265625,68.05000305175781
2026-02-09,16843.5,8031.8740234375,5050.89990234375,64.36000061035156,23238.669921875,6964.81982421875,50135.87109375,70120.78125,69.04000091552734
2026-02-10,16796.0,8131.73779296875,5003.7998046875,63.959999084472656,23102.470703125,6941.81005859375,50188.140625,68793.9609375,68.80000305175781
2026-02-11,16778.0,8290.9658203125,5071.60009765625,64.62999725341797,23066.470703125,6941.47021484375,50121.3984375,66991.96875,69.4000015258789
2026-02-12,16793.900390625,8265.3515625,4923.7001953125,62.84000015258789,22597.150390625,6832.759765625,49451.98046875,66221.84375,67.5199966430664
2026-02-13,16809.0,8212.271484375,5022.0,62.88999938964844,22546.669921875,6836.169921875,49500.9296875,68857.84375,67.75
2026-02-14,16809.0,8212.271484375,5022.0,62.88999938964844,22546.669921875,6836.169921875,49500.9296875,69767.625,67.75
2026-02-15,16809.0,8212.271484375,5022.0,62.88999938964844,22546.669921875,6836.169921875,49500.9296875,68788.1875,67.75
2026-02-16,16826.099609375,8212.271484375,5022.0,62.88999938964844,22546.669921875,6836.169921875,49500.9296875,68843.15625,67.75
2026-02-17,16806.599609375,8212.271484375,4882.89990234375,62.33000183105469,22578.380859375,6843.22021484375,49533.19140625,67494.21875,67.41999816894531
2026-02-18,16840.0,8310.2265625,4986.5,65.19000244140625,22753.630859375,6881.31005859375,49662.66015625,66425.3203125,70.3499984741211
2026-02-19,16915.30078125,8274.0810546875,4975.89990234375,66.43000030517578,22682.73046875,6861.89013671875,49395.16015625,66957.5234375,71.66000366210938
2026-02-20,16887.19921875,8271.7666015625,5059.2998046875,66.38999938964844,22886.0703125,6909.509765625,49625.96875,68005.421875,71.76000213623047
2026-02-21,16887.19921875,8271.7666015625,5059.2998046875,66.38999938964844,22886.0703125,6909.509765625,49625.96875,68003.765625,71.76000213623047
2026-02-22,16887.19921875,8271.7666015625,5059.2998046875,66.38999938964844,22886.0703125,6909.509765625,49625.96875,67659.390625,71.76000213623047
2026-02-23,16843.400390625,8396.08203125,5204.7001953125,66.30999755859375,22627.26953125,6837.75,48804.05859375,64616.73828125,71.48999786376953
2026-02-24,16804.30078125,8280.8330078125,5155.7998046875,65.62999725341797,22863.6796875,6890.06982421875,49174.5,64080.04296875,70.7699966430664
2026-02-25,16816.80078125,8322.228515625,5206.39990234375,65.41999816894531,23152.080078125,6946.1298828125,49482.1484375,67960.125,70.8499984741211
2026-02-26,16749.80078125,8235.26171875,5176.5,65.20999908447266,22878.380859375,6908.85986328125,49499.19921875,67453.7734375,70.75
2026-02-27,16749.0,8235.4853515625,5230.5,67.0199966430664,22668.2109375,6878.8798828125,48977.921875,65881.796875,72.4800033569336
2026-02-28,16749.0,8235.4853515625,5230.5,67.0199966430664,22668.2109375,6878.8798828125,48977.921875,66995.859375,72.4800033569336
2026-03-01,16749.0,8235.4853515625,5230.5,67.0199966430664,22668.2109375,6878.8798828125,48977.921875,65738.1015625,72.4800033569336
2026-03-02,16795.0,8016.8330078125,5294.39990234375,71.2300033569336,22748.859375,6881.6201171875,48904.78125,68775.8515625,77.73999786376953
2026-03-03,16863.0,7939.76708984375,5107.39990234375,74.55999755859375,22516.689453125,6816.6298828125,48501.26953125,68293.6484375,81.4000015258789
2026-03-04,16898.099609375,7577.06396484375,5120.2001953125,74.66000366210938,22807.48046875,6869.5,48739.41015625,72710.578125,81.4000015258789
2026-03-05,16865.0,7710.537109375,5065.2998046875,81.01000213623047,22748.990234375,6830.7099609375,47954.73828125,70841.125,85.41000366210938
2026-03-06,16913.099609375,7585.68701171875,5146.10009765625,90.9000015258789,22387.6796875,6740.02001953125,47501.55078125,68136.4921875,92.69000244140625
2026-03-07,16913.099609375,7585.68701171875,5146.10009765625,90.9000015258789,22387.6796875,6740.02001953125,47501.55078125,67272.59375,92.69000244140625
2026-03-08,16913.099609375,7585.68701171875,5146.10009765625,90.9000015258789,22387.6796875,6740.02001953125,47501.55078125,65969.78125,92.69000244140625
2026-03-09,16923.69921875,7337.369140625,5091.5,94.7699966430664,22695.94921875,6795.990234375,47740.80078125,68402.3828125,98.95999908447266
2026-03-10,16886.0,7440.9130859375,5229.7001953125,83.44999694824219,22697.099609375,6781.47998046875,47706.51171875,69926.921875,87.80000305175781
2026-03-11,16852.0,7389.39892578125,5167.39990234375,87.25,22716.130859375,6775.7998046875,47417.26953125,70204.8828125,91.9800033569336
2026-03-12,16884.0,7362.1171875,5115.7998046875,95.7300033569336,22311.98046875,6672.6201171875,46677.8515625,70493.4609375,100.45999908447266
2026-03-13,16908.0,7137.2119140625,5052.5,98.70999908447266,22105.359375,6632.18994140625,46558.46875,70968.265625,103.13999938964844
2026-03-14,16908.0,7137.2119140625,5052.5,98.70999908447266,22105.359375,6632.18994140625,46558.46875,71214.625,103.13999938964844
2026-03-15,16908.0,7137.2119140625,5052.5,98.70999908447266,22105.359375,6632.18994140625,46558.46875,72789.9140625,103.13999938964844
2026-03-16,16952.099609375,7022.2880859375,4994.0,93.5,22374.1796875,6699.3798828125,46946.41015625,74861.0859375,100.20999908447266
2026-03-17,16953.099609375,7106.8388671875,5001.0,96.20999908447266,22479.529296875,6716.08984375,46993.26171875,73922.4765625,103.41999816894531
2026-03-18,16971.30078125,7106.8388671875,4889.89990234375,96.31999969482422,22152.419921875,6624.7001953125,46225.1484375,71245.578125,107.37999725341797
2026-03-19,17041.69921875,7106.8388671875,4600.7001953125,96.13999938964844,22090.689453125,6606.490234375,46021.4296875,69912.7890625,108.6500015258789
2026-03-20,16915.900390625,7106.8388671875,4570.39990234375,98.31999969482422,21647.609375,6506.47998046875,45577.46875,70522.5859375,112.19000244140625
2026-03-21,16915.900390625,7106.8388671875,4570.39990234375,98.31999969482422,21647.609375,6506.47998046875,45577.46875,68711.5234375,112.19000244140625
2026-03-22,16915.900390625,7106.8388671875,4570.39990234375,98.31999969482422,21647.609375,6506.47998046875,45577.46875,67845.2109375,112.19000244140625
2026-03-23,16959.30078125,7106.8388671875,4404.10009765625,88.12999725341797,21946.759765625,6581.0,46208.46875,70914.859375,99.94000244140625
2026-03-24,16865.099609375,7106.8388671875,4399.2998046875,92.3499984741211,21761.890625,6556.3701171875,46124.05859375,70517.859375,104.48999786376953
2026-03-25,16797.30078125,7302.12109375,4549.7998046875,90.31999969482422,21929.8203125,6591.89990234375,46429.48828125,71309.8828125,102.22000122070312
2026-03-26,16749.599609375,7164.0908203125,4375.5,94.4800033569336,21408.080078125,6477.16015625,45960.109375,68791.625,108.01000213623047
2026-03-27,16925.0,7097.05712890625,4492.0,99.63999938964844,20948.359375,6368.85009765625,45166.640625,66338.375,112.56999969482422
2026-03-28,16925.0,7097.05712890625,4492.0,99.63999938964844,20948.359375,6368.85009765625,45166.640625,66319.6953125,112.56999969482422
2026-03-29,16925.0,7097.05712890625,4492.0,99.63999938964844,20948.359375,6368.85009765625,45166.640625,65954.921875,112.56999969482422
2026-03-30,16958.0,7091.669921875,4526.0,102.87999725341797,20794.640625,6343.72021484375,45216.140625,66691.4453125,112.77999877929688
2026-03-31,16975.400390625,7048.22216796875,4647.60009765625,101.37999725341797,21590.630859375,6528.52001953125,46341.51171875,68233.3125,118.3499984741211
2026-04-01,16936.400390625,7184.43798828125,4783.2001953125,100.12000274658203,21840.94921875,6575.31982421875,46565.73828125,68078.5546875,101.16000366210938
2026-04-02,16924.099609375,7026.7822265625,4651.5,111.54000091552734,21879.1796875,6582.68994140625,46504.671875,66888.5703125,109.02999877929688
2026-04-03,16959.0,7026.7822265625,4651.5,111.54000091552734,21879.1796875,6582.68994140625,46504.671875,66931.1015625,109.02999877929688
2026-04-04,16959.0,7026.7822265625,4651.5,111.54000091552734,21879.1796875,6582.68994140625,46504.671875,67290.515625,109.02999877929688
2026-04-05,16959.0,7026.7822265625,4651.5,111.54000091552734,21879.1796875,6582.68994140625,46504.671875,68981.8984375,109.02999877929688
2026-04-06,16988.0,6989.42578125,4656.7998046875,112.41000366210938,21996.33984375,6611.830078125,46669.87890625,68859.828125,109.7699966430664
2026-04-07,17015.30078125,6971.02685546875,4657.10009765625,112.94999694824219,22017.849609375,6616.85009765625,46584.4609375,71940.703125,109.2699966430664
2026-04-08,17027.400390625,7279.208984375,4749.5,94.41000366210938,22634.990234375,6782.81005859375,47909.921875,71123.359375,94.75
2026-04-09,17005.5,7307.5888671875,4792.2001953125,97.87000274658203,22822.419921875,6824.66015625,48185.80078125,71767.828125,95.91999816894531
2026-04-10,17059.0,7458.49609375,4761.89990234375,96.56999969482422,22902.890625,6816.89013671875,47916.5703125,72979.046875,95.19999694824219
2026-04-11,17059.0,7458.49609375,4761.89990234375,96.56999969482422,22902.890625,6816.89013671875,47916.5703125,73054.2734375,95.19999694824219
2026-04-12,17059.0,7458.49609375,4761.89990234375,96.56999969482422,22902.890625,6816.89013671875,47916.5703125,70753.40625,95.19999694824219
2026-04-13,17083.0,7500.18701171875,4742.39990234375,99.08000183105469,23183.740234375,6886.240234375,48218.25,74484.640625,99.36000061035156
2026-04-14,17079.19921875,7675.951171875,4825.0,91.27999877929688,23639.080078125,6967.3798828125,48535.98828125,74181.609375,94.79000091552734
2026-04-15,17129.0,7623.5859375,4800.0,91.29000091552734,24016.01953125,7022.9501953125,48463.71875,74805.078125,94.93000030517578
2026-04-16,17146.099609375,7621.3818359375,4785.39990234375,94.69000244140625,24102.69921875,7041.27978515625,48578.71875,75152.1328125,99.38999938964844
2026-04-17,17123.0,7634.00390625,4857.60009765625,83.8499984741211,24468.48046875,7126.06005859375,49447.4296875,77126.875,90.37999725341797
2026-04-18,17123.0,7634.00390625,4857.60009765625,83.8499984741211,24468.48046875,7126.06005859375,49447.4296875,75726.2109375,90.37999725341797
2026-04-19,17123.0,7634.00390625,4857.60009765625,83.8499984741211,24468.48046875,7126.06005859375,49447.4296875,73856.3515625,90.37999725341797
2026-04-20,17133.0,7594.11083984375,4806.60009765625,89.61000061035156,24404.390625,7109.14013671875,49442.55859375,75872.5234375,95.4800033569336
2026-04-21,17123.80078125,7559.3798828125,4698.39990234375,92.12999725341797,24259.9609375,7064.009765625,49149.37890625,76352.7734375,98.4800033569336
2026-04-22,17133.099609375,7541.61181640625,4732.5,92.95999908447266,24657.5703125,7137.89990234375,49490.03125,78203.1015625,101.91000366210938
2026-04-23,17199.5,7378.60595703125,4705.10009765625,95.8499984741211,24438.5,7108.39990234375,49310.3203125,78268.953125,105.06999969482422
2026-04-24,17329.0,7129.490234375,4722.2998046875,94.4000015258789,24836.599609375,7165.080078125,49230.7109375,77455.3125,105.33000183105469
2026-04-25,17329.0,7129.490234375,4722.2998046875,94.4000015258789,24836.599609375,7165.080078125,49230.7109375,77612.015625,105.33000183105469
2026-04-26,17329.0,7129.490234375,4722.2998046875,94.4000015258789,24836.599609375,7165.080078125,49230.7109375,78657.5390625,105.33000183105469
2026-04-27,17246.0,7106.52001953125,4675.39990234375,96.37000274658203,24887.099609375,7173.91015625,49167.7890625,77366.625,108.2300033569336
2026-04-28,17216.0,7072.39208984375,4591.5,99.93000030517578,24663.80078125,7138.7998046875,49141.9296875,76350.671875,111.26000213623047
2026-04-29,17244.0,7101.22607421875,4545.2001953125,106.87999725341797,24673.240234375,7135.9501953125,48861.80859375,75776.1328125,118.02999877929688
2026-04-30,17334.19921875,6956.80419921875,4614.7001953125,105.06999969482422,24892.310546875,7209.009765625,49652.140625,76304.3203125,114.01000213623047
2026-05-01,17311.0,6956.80419921875,4629.89990234375,101.94000244140625,25114.439453125,7230.1201171875,49499.26953125,78179.0,108.16999816894531
2026-05-02,17311.0,6956.80419921875,4629.89990234375,101.94000244140625,25114.439453125,7230.1201171875,49499.26953125,78657.25,108.16999816894531
2026-05-03,17311.0,6956.80419921875,4629.89990234375,101.94000244140625,25114.439453125,7230.1201171875,49499.26953125,78538.2265625,108.16999816894531
2026-05-04,17288.5,6971.953125,4519.5,106.41999816894531,25067.80078125,7200.75,48941.8984375,79827.90625,114.44000244140625
2026-05-05,17346.19921875,7057.10595703125,4555.7998046875,102.2699966430664,25326.130859375,7259.22021484375,49298.25,80927.0546875,109.87000274658203
2026-05-06,17389.80078125,7092.466796875,4681.89990234375,95.08000183105469,25838.939453125,7365.1201171875,49910.58984375,81427.53125,101.2699966430664
2026-05-07,17296.900390625,7174.32080078125,4699.7998046875,94.80999755859375,25806.19921875,7337.10986328125,49596.96875,80009.9921875,100.05999755859375
2026-05-08,17294.900390625,6969.39599609375,4720.39990234375,95.41999816894531,26247.080078125,7398.93017578125,49609.16015625,80186.765625,101.29000091552734
2026-05-09,17294.900390625,6969.39599609375,4720.39990234375,95.41999816894531,26247.080078125,7398.93017578125,49609.16015625,80664.3671875,101.29000091552734
2026-05-10,17294.900390625,6969.39599609375,4720.39990234375,95.41999816894531,26247.080078125,7398.93017578125,49609.16015625,82138.9296875,101.29000091552734
2026-05-11,17358.0,6905.6201171875,4718.7001953125,98.06999969482422,26274.130859375,7412.83984375,49704.46875,81728.296875,104.20999908447266
2026-05-12,17413.0,6858.89892578125,4677.60009765625,102.18000030517578,26088.19921875,7400.9599609375,49760.55859375,80477.4921875,107.7699966430664
2026-05-13,17549.0,6723.31982421875,4697.7001953125,101.0199966430664,26402.33984375,7444.25,49693.19921875,79277.1171875,105.62999725341797
2026-05-14,17500.0,6723.31982421875,4678.10009765625,101.16999816894531,26635.220703125,7501.240234375,50063.4609375,81051.25,105.72000122070312
2026-05-15,17530.599609375,6723.31982421875,4555.7998046875,105.41999816894531,26225.140625,7408.5,49526.171875,79065.6796875,109.26000213623047
2026-05-16,17530.599609375,6723.31982421875,4555.7998046875,105.41999816894531,26225.140625,7408.5,49526.171875,78131.4375,109.26000213623047
2026-05-17,17530.599609375,6723.31982421875,4555.7998046875,105.41999816894531,26225.140625,7408.5,49526.171875,77429.3515625,109.26000213623047
2026-05-18,17586.0,6599.240234375,4552.5,108.66000366210938,26090.73046875,7403.0498046875,49686.12109375,76954.171875,112.0999984741211
2026-05-19,17701.0,6370.67919921875,4506.2998046875,107.7699966430664,25870.7109375,7353.60986328125,49363.87890625,76750.90625,111.27999877929688
2026-05-20,17777.0,6318.5,4531.2998046875,98.26000213623047,26270.359375,7432.97021484375,50009.3515625,77457.7734375,105.0199966430664
2026-05-21,17658.400390625,6094.94091796875,4539.7998046875,96.3499984741211,26293.099609375,7445.72021484375,50285.66015625,77539.171875,102.58000183105469
2026-05-22,17692.0,6162.044921875,4521.0,96.5999984741211,26343.970703125,7473.47021484375,50579.69921875,75488.2421875,103.54000091552734
2026-05-23,17692.0,6162.044921875,4521.0,96.5999984741211,26343.970703125,7473.47021484375,50579.69921875,76673.3671875,103.54000091552734
2026-05-24,17692.0,6162.044921875,4521.0,96.5999984741211,26343.970703125,7473.47021484375,50579.69921875,76981.125,103.54000091552734
2026-05-25,17692.0,6206.34912109375,4521.0,96.5999984741211,26343.970703125,7473.47021484375,50579.69921875,77279.9296875,103.54000091552734
2026-05-26,17762.0,6130.18994140625,4500.39990234375,93.88999938964844,26656.1796875,7519.1201171875,50461.6796875,75825.734375,99.58000183105469
2026-05-27,17699.69921875,6130.18994140625,4447.5,88.68000030517578,26674.73046875,7520.35986328125,50644.28125,74344.703125,94.29000091552734
2026-05-28,17804.0,6130.18994140625,4499.2998046875,88.9000015258789,26917.470703125,7563.6298828125,50668.96875,73536.5546875,93.70999908447266
2026-05-29,17840.0,6127.380859375,4560.5,87.36000061035156,26972.619140625,7580.06005859375,51032.4609375,73372.5234375,92.05000305175781
2026-05-30,17840.0,6127.380859375,4560.5,87.36000061035156,26972.619140625,7580.06005859375,51032.4609375,73754.8359375,92.05000305175781
2026-05-31,17840.0,6127.380859375,4560.5,87.36000061035156,26972.619140625,7580.06005859375,51032.4609375,73579.6875,92.05000305175781
